0.55383764703091,0.3241696579984434,0.7672480540897576,-0.21266465517884664,-1.1006811967853893,-0.3388286943940469
0.5538376474023393,0.3241696574983496,0.7672480531681332,-0.2126646560499515,-1.1006811923163036,-0.33882869550738126
0.5522215766279249,0.3233112329332245,0.7686596047971299,-0.21245666380305683,-1.1012086716964131,-0.3390269026118627
0.5506024404787233,0.32245457681516176,0.7700674576702412,-0.21224738740877205,-1.1017344108351388,-0.33922516417068654
0.5489802514943621,0.3215996581595014,0.7714715323032415,-0.21203683447051505,-1.1022580614711217,-0.3394234478661275
0.547355008957147,0.3207464826173639,0.7728718223502763,-0.2118250025683979,-1.1027796231727838,-0.3396217535662903
0.5457267122012724,0.3198950559023463,0.7742683214680448,-0.2116118893017378,-1.1032990956920075,-0.3398200811608098
0.5440953606208536,0.319045383772435,0.7756610232803672,-0.21139749228706942,-1.1038164787933182,-0.3400184305457572
0.5424609536680857,0.3181974720302891,0.7770499213779275,-0.21118180916930018,-1.1043317722548207,-0.3402168016187102
0.5408234908548248,0.3173513265231345,0.7784350093187105,-0.2109648376168105,-1.1048449758680563,-0.3404151942811274
0.5391829717528562,0.3165069531428139,0.779816280628182,-0.2107465753227003,-1.1053560894383292,-0.3406136084379276
0.5375393959951199,0.3156643578257127,0.7811937287996599,-0.2105270200015906,-1.1058651127846992,-0.34081204399908144
0.5358927632763175,0.3148235465527671,0.7825673472945643,-0.21030616938932187,-1.1063720457401984,-0.34101050087988405
0.5342430733514266,0.31398452534969623,0.7839371295422611,-0.2100840212523765,-1.1068768881526834,-0.34120897899684266
0.5325903260374779,0.3131473002868651,0.7853030689405464,-0.20986057338210168,-1.1073796398846654,-0.34140747827043333
0.5309345212149613,0.3123118774791886,0.7866651588560588,-0.2096358235907157,-1.1078803008132616,-0.3416059986270397
0.5292756588263222,0.3114782630863575,0.7880233926241281,-0.20940976972078035,-1.1083788708310511,-0.341804539994824
0.5276137388781243,0.31064646331265333,0.7893777635493384,-0.2091824096376912,-1.1088753498457913,-0.34200310230725217
0.5259487614400369,0.30981648440711085,0.7907282649054801,-0.20895374123686705,-1.1093697377811191,-0.3422016854999997
0.5242807266478532,0.3089883326632339,0.7920748899362767,-0.20872376243232635,-1.1098620345759989,-0.3424002895162178
0.5226096347008629,0.3081620144193301,0.7934176318550326,-0.2084924711713184,-1.1103522401859214,-0.34259891430010386
0.520935485863632,0.30733753605835945,0.7947564838451288,-0.20825986542859842,-1.1108403545827372,-0.34279755979961385
0.5192582804662025,0.30651490400794745,0.7960914390602163,-0.20802594320800818,-1.111326377754967,-0.34299622596589135
0.5175780189062777,0.305694124740181,0.7974224906247943,-0.20779070253494042,-1.1118103097075265,-0.3431949127567726
0.5158947016472052,0.30487520477186314,0.7987496316339824,-0.20755414146809717,-1.1122921504627068,-0.343393620131661
0.5142083292208233,0.30405815066422737,0.8000728551542282,-0.20731625808893334,-1.1127719000596976,-0.34359234805637756
0.5125189022253225,0.3032429690232022,0.8013921542230682,-0.20707705051393235,-1.113249558555604,-0.34379109649781786
0.5108264213274221,0.3024296664991865,0.8027075218497076,-0.20683651688712437,-1.1137251260251557,-0.34398986542742305
0.5091308872621091,0.30161824978710183,0.8040189510151451,-0.20659465538375557,-1.114198602561162,-0.34418865481967936
0.5074323008344463,0.3008087256262061,0.8053264346726867,-0.20635146420452882,-1.1146699882743452,-0.3443874646548076
0.5057306629186202,0.30000110080020653,0.8066299657479399,-0.20610694158242177,-1.1151392832939697,-0.3445862949158577
0.5040259744586854,0.2991953821371886,0.8079295371391387,-0.20586108578174794,-1.1156064877680147,-0.34478514558926227
0.502318236469438,0.29839157650951786,0.8092251417174867,-0.20561389509665967,-1.1160716018632513,-0.34498401666562467
0.500607450036964,0.29758969083378345,0.810516772327444,-0.2053653678511215,-1.1165346257654598,-0.34518290813985625
0.4988936163187147,0.29678973207078246,0.8118044217869297,-0.20511550240101717,-1.1169955596797552,-0.3453818200103677
0.4971767365433432,0.29599170722552554,0.8130880828874836,-0.204864297137327,-1.117454403830995,-0.34558075227779356
0.4954568120128164,0.2951956233469955,0.8143677483948492,-0.2046117504790227,-1.1179111584635062,-0.34577970494825194
0.493733844102025,0.29440148752817363,0.8156434110491005,-0.20435786087727437,-1.1183658238415717,-0.3459786780316071
0.49200783425826694,0.2936093069060656,0.8169150635647436,-0.20410262682018668,-1.1188184002499004,-0.3461776715395044
0.4902787840032914,0.29281908866146045,0.8181826986312977,-0.203846046826019,-1.1192688879934016,-0.3463766854884803
0.4885466949337007,0.2920308400188516,0.81944630891357,-0.2035881194438049,-1.1197172873974015,-0.3465757198997979
0.48681156871895864,0.2912445682466142,0.8207058870515052,-0.2033288432646732,-1.120163598808566,-0.3467747747945977
0.4850734071061325,0.2904602806564576,0.8219614256612555,-0.2030682169030011,-1.1206078225938625,-0.34697385020228555
0.4833322119161932,0.28967798460377336,0.8232129173347281,-0.20280623901536665,-1.121049959141978,-0.3471729461523294
0.4815879850466127,0.2888976874873058,0.8244603546402665,-0.20254290829129812,-1.1214900088628763,-0.3473720626784313
0.47984072847221004,0.28811939674900955,0.8257037301230311,-0.20227822345188126,-1.1219279721879225,-0.3475711998192475
0.4780904442435855,0.28734311987415206,0.8269430363049335,-0.20201218325909728,-1.122363849570625,-0.3477703576144118
0.47633713448950477,0.28656886439099566,0.8281782656852982,-0.20174478650754563,-1.1227976414863008,-0.3479695361082663
0.4745808014163587,0.2857966378707841,0.8294094107409897,-0.20147603202919329,-1.1232293484325366,-0.34816873534789256
0.4728214473092333,0.2850264479275524,0.8306364639268404,-0.2012059186909545,-1.1236589709292126,-0.3483679553842733
0.47105907453201834,0.28425830221803416,0.8318594176759005,-0.20093444539653382,-1.1240865095187753,-0.34856719627159266
0.46929368552780115,0.28349220844153544,0.8330782643997541,-0.200661611086986,-1.1245119647664537,-0.34876645806709444
0.46752528281929717,0.2827281743397936,0.8342929964888306,-0.20038741474111166,-1.124935337260429,-0.3489657408310117
0.46575386900998744,0.2819662076967639,0.835503606312854,-0.20011185537272327,-1.1253566276118274,-0.3491650446278543
0.4639794467826922,0.2812063163386635,0.836710086220842,-0.19983493203920732,-1.1257758364554216,-0.349364369522789
0.4622020189023574,0.2804485081335705,0.8379124285418424,-0.1995566438315025,-1.1261929644491373,-0.3495637155860861
0.460421588215639,0.27969279099135635,0.8391106255851187,-0.1992769898781994,-1.1266080122744804,-0.3497630828914311
0.45863815764977245,0.2789391728636817,0.8403046696402088,-0.19899596935273547,-1.1270209806371234,-0.34996247151290527
0.456851730215272,0.2781876617435877,0.8414945529776591,-0.1987135814637623,-1.1274318702664519,-0.35016188152924754
0.45506230900476025,0.27743826566548624,0.8426802678490823,-0.19842982546249616,-1.1278406819161562,-0.350361313020764
0.4532698971951376,0.2766909927048019,0.8438618064878034,-0.19814470063541428,-1.1282474163639324,-0.3505607660725699
0.45147449804616285,0.2759458509779687,0.8450391611088842,-0.19785820631266113,-1.1286520744121278,-0.3507602407710449
0.44967611490157267,0.27520284864216776,0.8462123239095903,-0.19757034186531458,-1.1290546568877025,-0.35095973720509915
0.4478747511900475,0.27446199389507064,0.8473812870698345,-0.19728110670332788,-1.1294551646422382,-0.3511592554671419
0.44607041042540546,0.27372329497466014,0.8485460427524911,-0.19699050027683832,-1.1298535985521452,-0.3513587956525939
0.4442630962052386,0.27298676015919443,0.8497065831034479,-0.1966985220842211,-1.1302499595192714,-0.3515583578565063
0.44245281221427635,0.27225239776669585,0.8508629002524659,-0.1964051716595602,-1.1306442484702621,-0.35175794217902456
0.44063956222299466,0.2715202161549064,0.8520149863132329,-0.1961104485808058,-1.1310364663571706,-0.3519575487219525
0.4388233500884454,0.2707902237210158,0.8531628333837985,-0.19581435246824985,-1.131426614157476,-0.3521571775894818
0.4370041797543134,0.2700624289014628,0.854306433546882,-0.19551688298633746,-1.1318146928743076,-0.35235682888748737
0.4351820552516172,0.2693368401716612,0.8554457788702899,-0.19521803984267386,-1.1322007035364827,-0.3525565027240201
0.433356980699846,0.26861346604567604,0.8565808614074106,-0.19491782278514888,-1.1325846471984309,-0.3527561992106023
0.4315289603053223,0.26789231507617883,0.8577116731972507,-0.1946162316110113,-1.1329665249408623,-0.3529559184584148
0.42969799836395456,0.2671733958539418,0.8588382062651992,-0.1943132661569833,-1.1333463378702302,-0.3531556605825801
0.42786409926022057,0.2664567170077165,0.8599604526231788,-0.19400892630562952,-1.1337240871192305,-0.3533554256995039
0.4260272674673235,0.26574228720398085,0.861078404269984,-0.19370321198662357,-1.1340997738469512,-0.3535552139263943
0.4241875075478888,0.26503011514662544,0.862192053191724,-0.1933961231756863,-1.1344733992388956,-0.35375502538177356
0.4223448241566857,0.2643202095764374,0.8633013913625872,-0.19308765988483417,-1.1348449645064727,-0.353954860189677
0.42049922203680523,0.2636125792712163,0.8644064107445443,-0.19277782218067782,-1.1352144708881609,-0.35415471847191676
0.4186507060220054,0.2629072330452839,0.8655071032880646,-0.19246661017622052,-1.1355819196490946,-0.354354600351629
0.41679928103903213,0.2622041797489802,0.8666034609328281,-0.19215402402280382,-1.1359473120806456,-0.3545545059567328
0.4149449521039132,0.26150342826875156,0.8676954756074603,-0.19184006392778807,-1.1363106495015367,-0.35475443541247337
0.4130877243254507,0.26080498752651754,0.868783139230439,-0.19152473014143426,-1.136671933257108,-0.35495438884703007
0.41122760290546906,0.26010886647935794,0.8698664437104798,-0.1912080229576654,-1.1370311647194304,-0.3551543663912308
0.40936459313641604,0.25941507411944276,0.8709453809464961,-0.19088994272604445,-1.1373883452880462,-0.35535436817351806
0.40749870040516734,0.2587236194733549,0.8720199428285634,-0.19057048983733033,-1.137743476389169,-0.3555543943261006
0.4056299301918953,0.2580345116018793,0.8730901212380884,-0.19024966473003188,-1.138096559476092,-0.35575444498220543
0.40375828806806474,0.25734775959987916,0.8741559080478523,-0.18992746790059914,-1.138447596029839,-0.3559545202718154
0.4018837797017048,0.2566633725954511,0.8752172951232081,-0.18960389988274765,-1.1387965875579642,-0.3561546203304199
0.40000641085379457,0.2559813597499316,0.8762742743218712,-0.18927896126444743,-1.1391435355955746,-0.35635474529187205
0.39812618737986927,0.25530173025740194,0.8773268374945403,-0.1889526526827421,-1.1394884417050462,-0.35655489529059825
0.39624311522995914,0.2546244933443312,0.8783749764852621,-0.1886249748256178,-1.1398313074761408,-0.35675507046083543
0.39435720045057315,0.25394965826902943,0.8794186831321156,-0.18829592842521875,-1.1401721345256302,-0.3569552709394988
0.3924684491815962,0.25327723432156807,0.8804579492671017,-0.18796551427248565,-1.1405109244981348,-0.3571554968600463
0.39057686765996114,0.2526072308230527,0.881492766717102,-0.1876337332032132,-1.1408476790653168,-0.3573557483583521
0.3886824622184155,0.25193965712535504,0.8825231273040673,-0.1873005861047567,-1.1411823999262705,-0.3575560255699009
0.38678523928502984,0.2512745226107603,0.8835490228453317,-0.18696607391956924,-1.1415150888076988,-0.3577563286283133
0.3848852053864089,0.2506118366912598,0.8845704451544977,-0.1866301976331826,-1.1418457474632075,-0.35795665767038937
0.3829823671444529,0.24995160880845166,0.8855873860413311,-0.186292958289224,-1.1421743776741522,-0.35815701282982004
0.3810767312792693,0.24929384843283714,0.8865998373126052,-0.18595435697861223,-1.142500981248974,-0.3583573942417127
0.37916830460640094,0.24863856506366272,0.8876077907720794,-0.1856143948525195,-1.1428255600239252,-0.35855780203717197
0.37725709404074687,0.24798576822810486,0.8886112382214992,-0.1852730731073254,-1.1431481158621457,-0.3587582363495835
0.37534310659480324,0.24733546748099886,0.8896101714607375,-0.18493039299329128,-1.1434686506541336,-0.35895869731098157
0.37342634937862157,0.2466876724043858,0.8906045822881944,-0.1845863558160119,-1.1437871663177626,-0.35915918505143746
0.3715068296018305,0.24604239260686492,0.8915944625015195,-0.18424096292926181,-1.144103664797824,-0.35935969970202836
0.36958455457189304,0.24539963772328233,0.8925798038977626,-0.18389421574347448,-1.1444181480664417,-0.3595602413912901
0.3676595316953451,0.2447594174141397,0.893560598273979,-0.18354611572179474,-1.1447306181227754,-0.35976081024684414
0.36573176847643674,0.2441217413652337,0.8945368374274522,-0.1831966643868723,-1.1450410769933368,-0.35996140639255847
0.3638012725208631,0.2434866192868136,0.8955085131566746,-0.18284586330653207,-1.1453495267310962,-0.36016202995447905
0.3618680515323602,0.24285406091339323,0.8964756172612677,-0.1824937141089987,-1.1456559694162527,-0.36036268105447794
0.3599321133154857,0.2422240760029842,0.8974381415428263,-0.18214021847245607,-1.1459604071555505,-0.36056335981456394
0.3579934657726208,0.24159667433684265,0.8983960778049128,-0.18178537813848683,-1.1462628420829406,-0.3607640663512781
0.3560521169087047,0.24097186571851856,0.8993494178541894,-0.18142919489352016,-1.1465632763584332,-0.3609648007833541
0.35410807482733436,0.2403496599736596,0.9002981535002865,-0.18107167058592946,-1.1468617121689366,-0.3611655632245961
0.3521613477332205,0.23973006694925292,0.9012422765566065,-0.18071280711683918,-1.1471581517276368,-0.36136635378765153
0.3502119439314436,0.2391130965131283,0.9021817788406586,-0.18035260644410975,-1.147452597274082,-0.3615671725823196
0.3482598718284631,0.23849875855330813,0.903116652174659,-0.1799910705790775,-1.1477450510738858,-0.3617680197168593
0.34630513993126605,0.2378870629775118,0.9040468883858551,-0.17962820159089535,-1.1480355154188255,-0.3619688952961467
0.34434775684765967,0.23727801971254242,0.9049724793070246,-0.17926400160615194,-1.148323992626671,-0.3621697994217896
0.3423877312862111,0.23667163870370772,0.905893416776925,-0.178898472809886,-1.1486104850410948,-0.36237073219165855
0.3404250720575634,0.23606792991410114,0.9068096926409432,-0.17853161744094295,-1.1488949950312657,-0.36257169370175135
0.33845978807400096,0.23546690332403103,0.9077212987514954,-0.17816343779447705,-1.1491775249918175,-0.36277268404510105
0.33649188834974253,0.2348685689303843,0.9086282269685334,-0.1777939362214336,-1.1494580773426568,-0.3629737033119325
0.3345213819991636,0.2342729367461574,0.9095304691597627,-0.17742311513644496,-1.14973665452922,-0.3631747515863559
0.3325482782401055,0.2336800167995242,0.9104280172015795,-0.17705097700492545,-1.1500132590215733,-0.36337582895160864
0.33057258639120907,0.23308981913343935,0.9113208629791716,-0.1766775243545226,-1.1502878933148692,-0.3635769354852864
0.3285943158736017,0.23250235380483086,0.9122089983872287,-0.1763027597687711,-1.1505605599287905,-0.36377807126187955
0.3266134762111565,0.23191763088392536,0.9130924153304597,-0.17592668588654595,-1.150831261407329,-0.3639792363529277
0.32463007702836116,0.2313356604537596,0.9139711057237727,-0.17554930541117936,-1.1511000003190581,-0.3641804308232059
0.3226441280525334,0.23075645260931618,0.9148450614930718,-0.17517062110187714,-1.1513667792564644,-0.3643816547341742
0.320655639114675,0.2301800174567639,0.9157142745758604,-0.17479063577065132,-1.151631600835566,-0.36458290814514976
0.3186646201461225,0.22960636511305296,0.9165787369212618,-0.17440935229624877,-1.1518944676964136,-0.36478419110752286
0.31667108118151327,0.22903550570495948,0.9174384404909253,-0.17402677361243238,-1.1521553825022484,-0.3649855036694783
0.31467503235695693,0.2284674493685272,0.9182933772592639,-0.17364290271565494,-1.152414347939645,-0.3651868458727653
0.31267648391285247,0.22790220624811605,0.9191435392143394,-0.17325774265390256,-1.1526713667177038,-0.36538821775717206
0.3106754461905144,0.22733978649595576,0.9199889183578936,-0.17287129654052985,-1.1529264415684943,-0.3655896193547824
0.3086719296343899,0.2267802002712259,0.9208295067061545,-0.17248356754545116,-1.1531795752463532,-0.365791050693481
0.3066659447909842,0.22622345773940364,0.9216652962901901,-0.17209455889959407,-1.1534307705278388,-0.36599251179504233
0.30465750231060224,0.22566956907136035,0.9224962791566479,-0.17170427388796453,-1.1536800302110912,-0.3661940026778579
0.30264661294302586,0.2251185444429744,0.9233224473676783,-0.17131271586707078,-1.1539273571164705,-0.366395523349742
0.3006332875434086,0.2245703940338578,0.9241437930022369,-0.1709198882412073,-1.1541727540850188,-0.3665970738174881
0.2986175370675645,0.22402512802698143,0.9249603081559584,-0.17052579448135444,-1.1544162239791522,-0.3667986540790673
0.2965993725741144,0.22348275660770828,0.9257719849419616,-0.17013043811646134,-1.1546577696819138,-0.36700026412707615
0.29457880522373364,0.22294328996306578,0.9265788154912571,-0.16973382273633897,-1.1548973940968046,-0.3672019039474458
0.2925558462790472,0.2224067382809533,0.927380791953254,-0.16933595199190932,-1.155135100147485,-0.3674035735192357
0.2905305071056988,0.2218731117492427,0.9281779064964136,-0.16893682959071948,-1.1553708907772176,-0.3676052728163386
0.2885027991716099,0.22134242055502987,0.9289701513086739,-0.16853645929965969,-1.1556047689486861,-0.36780700180626125
0.2864727340449886,0.22081467488397286,0.9297575185977063,-0.1681348449526199,-1.15583673764405,-0.3680087604469042
0.28444032339659403,0.2202898849192713,0.9305400005917372,-0.1677319904411017,-1.1560667998641099,-0.36821054869025244
0.2824055789997864,0.21976806084082617,0.9313175895400778,-0.1673278997136506,-1.1562949586279503,-0.3684123664824798
0.28036851272890195,0.2192492128245272,0.9320902777134351,-0.16692257678191727,-1.156521216972874,-0.36861421376136944
0.27832913655955116,0.21873335104137312,0.9328580574044797,-0.16651602571899857,-1.1567455779539664,-0.36881609045686486
0.2762874625688827,0.21822048565659147,0.9336209209284095,-0.16610825065787593,-1.1569680446436492,-0.3690179964915742
0.27424350293572225,0.2177106268287552,0.9343788606234948,-0.16569925579032416,-1.1571886201312436,-0.369219931781078
0.2721972699395328,0.21720378470899562,0.9351318688514748,-0.1652890453704441,-1.1574073075227709,-0.3694218962323746
0.2701487759598169,0.21669996944016578,0.9358799379980164,-0.16487762371639317,-1.1576241099406495,-0.3696238897430491
0.26809803347908956,0.21619919115571204,0.9366230604736262,-0.16446499519791788,-1.1578390305226849,-0.3698259122061686
0.26604505507735277,0.2157014599792203,0.9373612287134784,-0.16405116425752772,-1.1580520724227086,-0.37002796350160316
0.2639898534372475,0.21520678602310336,0.9380944351786092,-0.16363613538931526,-1.1582632388091378,-0.37023004350443384
0.2619324413420817,0.2147151793878471,0.9388226723561999,-0.16321991314597098,-1.1584725328649013,-0.37043215208197544
0.2598728316731974,0.21422665016130257,0.9395459327597822,-0.16280250214832093,-1.1586799577874924,-0.3706342890897965
0.2578110374114859,0.21374120841764627,0.9402642089299708,-0.16238390707843078,-1.158885516788202,-0.37083645437435897
0.25574707163799737,0.2132588642163977,0.9409774934350773,-0.16196413267624812,-1.1590892130915227,-0.3710386477742196
0.2536809475342965,0.2127796276014603,0.9416857788716939,-0.16154318373723286,-1.1592910499345999,-0.37124086912083554
0.2516126783797214,0.2123035086003947,0.9423890578648938,-0.16112106512211744,-1.1594910305672697,-0.37144311823449006
0.2495422775510636,0.2118305172234986,0.9430873230687313,-0.16069778175707447,-1.1596891582516031,-0.37164539492408155
0.24746975852584546,0.21136066346259122,0.9437805671671935,-0.16027333861969817,-1.159885436260785,-0.37184769899259995
0.24539513487890807,0.210893957290328,0.9444687828743167,-0.15984774075126143,-1.160079867879243,-0.37205003023205163
0.24331842028304132,0.2104304086591816,0.9451519629348105,-0.15942099325301845,-1.1602724564020008,-0.37225238842478814
0.24123962850747463,0.2099700275005945,0.9458301001244155,-0.15899310129086067,-1.1604632051344326,-0.37245477334148913
0.23915877342013153,0.20951282372382343,0.9465031872507237,-0.1585640700851687,-1.1606521173913003,-0.37265718474506937
0.23707586898467445,0.20905880721519218,0.9471712171533624,-0.15813390492104323,-1.1608391964967604,-0.37285962238642323
0.23499092926209864,0.20860798783697848,0.9478341827047313,-0.1577026111406647,-1.1610244457835042,-0.37306208600732516
0.23290396840897526,0.2081603754265665,0.948492076810336,-0.15727019414872148,-1.1612078685925369,-0.3732645753380965
0.2308150006790125,0.20771597979532241,0.9491448924095208,-0.15683665940482452,-1.1613894682723116,-0.37346709010047763
0.22872404042069272,0.20727481072778517,0.949792622475727,-0.15640201243120544,-1.1615692481785909,-0.3736696300043864
0.22663110207734075,0.2068368779806521,0.9504352600170489,-0.1559662588108628,-1.1617472116738548,-0.37387219474849565
0.22453620018693735,0.20640219128178325,0.9510727980767562,-0.15552940418666297,-1.1619233621267386,-0.37407478402043026
0.22243934938212861,0.20597076032919423,0.9517052297338391,-0.1550914542596285,-1.1620977029114445,-0.3742773974972845
0.2203405643904019,0.20554259479002165,0.9523325481035716,-0.1546524147865438,-1.1622702374071006,-0.37448003484640774
0.21823986003096876,0.20511770429974097,0.9529547463376906,-0.15421229159032385,-1.1624409689977186,-0.37468269572110224
0.21613725121881813,0.20469609846083905,0.9535718176254133,-0.15377109054243515,-1.1626099010708535,-0.37488537976746594
0.2140327529583336,0.20427778684226164,0.9541837551932336,-0.1533288175858563,-1.162777037018117,-0.3750880866150664
0.21192638034897246,0.2038627789779636,0.9547905523061295,-0.15288547871110528,-1.1629423802335468,-0.37529081588633095
0.20981814857983333,0.203451084366277,0.9553922022674712,-0.15244107997539216,-1.163105934113931,-0.375493567188741
0.2077080729332002,0.2030427124686135,0.9559886984199736,-0.151995627486869,-1.1632677020575481,-0.37569634012093467
0.20559616878013418,0.2026376727087508,0.9565800341457291,-0.15154912741968665,-1.1634276874642953,-0.375899134266541
0.2034824515838323,0.20223597447154468,0.9571662028671339,-0.15110158599889137,-1.1635858937344488,-0.3761019492000184
0.20136693689563684,0.20183762710217917,0.957747198046969,-0.15065300951374913,-1.1637423242687133,-0.3763047844811823
0.1992496403594782,0.2014426399047934,0.9583230131894463,-0.15020340429838588,-1.1638969824667849,-0.37650763966272627
0.1971305777042659,0.20105102214199447,0.9588936418398771,-0.14975277675899074,-1.1640498717280008,-0.37671051427923696
0.1950097647500192,0.20066278303335452,0.9594590775859069,-0.14930113334784756,-1.1642009954496146,-0.3769134078573391
0.19288721740203282,0.20027793175479067,0.960019314057392,-0.14884848058355873,-1.1643503570271287,-0.37711631990748906
0.19076295165389542,0.1998964774372869,0.9605743449272707,-0.14839482503703197,-1.1644979598530816,-0.3773192499293649
0.18863698358767,0.19951842916583531,0.9611241639121162,-0.14794017332839599,-1.1646438073163525,-0.37752219741291176
0.1865093293689058,0.19914379597873727,0.9616687647721109,-0.14748453214378043,-1.1647879028023138,-0.3777251618315107
0.18438000525036602,0.19877258686628005,0.9622081413119918,-0.14702790821845726,-1.1649302496915048,-0.3779281426484903
0.18224902756849173,0.19840481076993524,0.9627422873811853,-0.14657030834791965,-1.1650708513595347,-0.3781311393125589
0.18011641274400705,0.19804047658126042,0.9632711968744024,-0.1461117393829673,-1.165209711176277,-0.37833415125957875
0.1779821772826587,0.19767959314078867,0.9637948637322458,-0.1456522082242435,-1.1653468325050478,-0.3785371779145527
0.17584633777206535,0.19732216923719936,0.9643132819413852,-0.1451917218316742,-1.1654822187024185,-0.37874021868771124
0.1737089108837119,0.1969682136061187,0.9648264455352982,-0.1447302872140965,-1.1656158731171813,-0.3789432729784421
0.1715699133691557,0.19661773492933524,0.9653343485943767,-0.14426791144106035,-1.1657477990902558,-0.37914634017044657
0.16942936206235068,0.19627074183357807,0.965836985246698,-0.14380460163111033,-1.1658779999535949,-0.37934941963620045
0.16728727387681763,0.19592724288966407,0.9663343496682344,-0.14334036495978897,-1.1660064790299218,-0.3795525107336128
0.16514366580614495,0.19558724661141613,0.9668264360834221,-0.14287520865482714,-1.1661332396319437,-0.37975561280775666
0.16299855492328594,0.19525076145464787,0.967313238765596,-0.14240913999590887,-1.1662582850617154,-0.37995872519078544
0.1608519583823505,0.19491779581600974,0.9677947520376897,-0.141942166304851,-1.1663816186096536,-0.3801618472056363
0.15870389340942373,0.19458835803255894,0.9682709702717672,-0.14147429497769282,-1.166503243555271,-0.38036497815318665
0.15655437731179397,0.19426245638009051,0.9687418878905087,-0.1410055334463497,-1.166623163164965,-0.38056811732722523
0.15440342747290076,0.19394009907243392,0.9692074993671765,-0.14053588919483453,-1.1667413806921016,-0.3807712640078705
0.152251061349824,0.1936212942605931,0.9696677992258496,-0.14006536976569162,-1.1668578993766758,-0.3809744174588629
0.15009729647733835,0.19330605003142498,0.97012278204235,-0.13959398274134396,-1.166972722443941,-0.38117757693475385
0.14794215046193393,0.19299437440701853,0.9705724424441102,-0.13912173576367579,-1.1670858531046149,-0.3813807416730093
0.14578564098460256,0.19268627534347263,0.9710167751109572,-0.13864863652013745,-1.1671972945537097,-0.38158391089932114
0.14362778579825078,0.19238176073003896,0.9714557747753333,-0.13817469275029737,-1.1673070499701914,-0.38178708382485493
0.141468602728732,0.19208083838804033,0.9718894362228898,-0.1376999122385636,-1.1674151225160958,-0.38199025964894995
0.13930810967176824,0.1917835160700446,0.972317754292653,-0.1372243028225153,-1.1675215153362566,-0.38219343755566937
0.13714632459460446,0.19148980145875,0.9727407238776752,-0.13674787238317815,-1.1676262315573234,-0.3823966167174638
0.13498326553231133,0.19119970216621368,0.9731583399251363,-0.13627062885561567,-1.1677292742875915,-0.38259979629083607
0.13281895058987103,0.19091322573270997,0.9735705974370296,-0.13579258021749224,-1.167830646615941,-0.3828029754206784
0.13065339793993785,0.19063037962587642,0.973977491470406,-0.13531373449404044,-1.167930351611449,-0.38300615323815407
0.1284866258227685,0.1903511712397253,0.9743790171378355,-0.13483409975474298,-1.1680283923226655,-0.38320932886183817
0.12631865254341143,0.19007560789383543,0.9747751696075897,-0.13435368412037305,-1.1681247717773096,-0.3834125013947886
0.12414949647335806,0.1898036968322576,0.9751659441042699,-0.13387249575307195,-1.1682194929812757,-0.38361566992828827
0.12197917604741365,0.18953544522274246,0.9755513359089518,-0.13339054286451257,-1.168312558918385,-0.38381883353847385
0.11980770976646098,0.1892708601555887,0.9759313403599155,-0.1329078337016995,-1.1684039725492386,-0.38402199129175996
0.11763511619105721,0.18900994864308876,0.9763059528524622,-0.13242437656745004,-1.1684937368114467,-0.38422514223663395
0.1154614139450256,0.1887527176183373,0.9766751688397185,-0.13194017980298034,-1.1685818546183657,-0.384428285410342
0.11328662171390017,0.18849917393438206,0.9770389838329232,-0.13145525178995768,-1.1686683288586084,-0.3846314198379271
0.11111075824273958,0.18824932436341096,0.9773973934016571,-0.13096960095489393,-1.1687531623956469,-0.3848345445303491
0.10893384233470298,0.1880031755959128,0.9777503931741387,-0.13048323577061038,-1.1688363580673051,-0.3850376584837623
0.10675589285431449,0.18776073423953385,0.9780979788379734,-0.1299961647399585,-1.1689179186845644,-0.3852407606857487
0.10457692871877912,0.18752200681870224,0.9784401461397438,-0.12950839642464276,-1.1689978470321158,-0.3854438501038614
0.10239696890620902,0.18728699977320096,0.9787768908862251,-0.12901993941013684,-1.1690761458664625,-0.38564692569924236
0.10021603244765079,0.18705571945775232,0.9791082089440396,-0.12853080233173894,-1.1691528179163595,-0.3858499864162504
0.09803413842956224,0.18682817214097452,0.9794340962403135,-0.12804099386113985,-1.1692278658817692,-0.3860530311875903
0.09585130599153202,0.18660436400462674,0.9797545487628668,-0.12755052271091072,-1.169301292433478,-0.38625605893240467
0.09366755432677346,0.18638430114269947,0.9800695625606718,-0.1270593976284975,-1.1693731002123418,-0.3864590685584874
0.09148290267959366,0.1861679895607026,0.9803791337440153,-0.12656762740158697,-1.1694432918289552,-0.3866620589600416
0.0892973703452485,0.18595543517480792,0.9806832584848842,-0.12607522085444142,-1.1695118698629907,-0.38686502901897274
0.08711097666798928,0.18574664381111655,0.9809819330171783,-0.12558218685101938,-1.1695788368627877,-0.38706797760353395
0.08492374104132691,0.18554162120480153,0.9812751536371248,-0.12508853428971023,-1.1696441953446484,-0.38727090357024796
0.08273568290694984,0.18534037299934092,0.9815629167035634,-0.12459427210311505,-1.1697079477923198,-0.3874738057638628
0.08054682175267892,0.1851429047458193,0.9818452186381365,-0.12409940926141201,-1.1697700966566151,-0.3876766830158963
0.07835717711298433,0.18494922190208363,0.9821220559257163,-0.12360395476606385,-1.1698306443546855,-0.38787953414697396
0.07616676856722499,0.1847593298320467,0.9823934251146088,-0.12310791765205432,-1.169889593269608,-0.388082357965818
0.07397561573775448,0.1845732338050149,0.982659322816753,-0.1226113069905995,-1.1699469457500085,-0.3882851532680638
0.07178373828820644,0.18439093899500342,0.9829197457079255,-0.12211413189114734,-1.170002704109644,-0.38848791883534883
0.06959115592700181,0.18421245047976637,0.9831746905284154,-0.12161640148374905,-1.1700568706263024,-0.38869065344208786
0.06739788840189284,0.184037773240362,0.9834241540828828,-0.12111812493506302,-1.1701094475419178,-0.3888933558490866
0.06520395549920183,0.1838669121604499,0.9836681332406381,-0.12061931144669433,-1.1701604370620455,-0.3890960248040711
0.06300937704568188,0.1836998720254506,0.9839066249361512,-0.12011997024367989,-1.170209841355005,-0.38929865904607375
0.060814172903552184,0.18353665752211532,0.9841396261689449,-0.11962011058855224,-1.170257662551937,-0.389501257299815
0.05861836297361578,0.1833772732376365,0.984367134004206,-0.1191197417650637,-1.170303902745796,-0.389703818281951
0.05642196719113527,0.18322172365918957,0.984589145572742,-0.11861887308904964,-1.1703485639912992,-0.3899063406967131
0.05422500552625091,0.18307001317322802,0.9848056580713452,-0.11811751390222973,-1.1703916483043009,-0.39010882323821816
0.052027497982251904,0.18292214606491125,0.9850166687629517,-0.11761567357404086,-1.1704331576614355,-0.39031126458964177
0.04982946459334465,0.18277812651757255,0.9852221749767617,-0.11711336150532481,-1.1704730939998433,-0.3905136634216704
0.0476309254271907,0.18263795861193366,0.9854221741087643,-0.11661058711413406,-1.1705114592162904,-0.3907160183979373
0.04543190057896679,0.18250164632580976,0.9856166636215221,-0.11610735985326551,-1.1705482551673803,-0.390918328168071
0.043232410174992096,0.18236919353328696,0.9858056410447802,-0.11560368919195213,-1.1705834836685503,-0.3911205913747404
0.04103247436884807,0.1822406040043428,0.9859891039754198,-0.11509958462564288,-1.1706171464940438,-0.391322806649736
0.03883211334005151,0.1821158814043203,0.9861670500776304,-0.1145950556761994,-1.1706492453765427,-0.3915249726137909
0.036631347294544356,0.1819950292933353,0.9863394770832286,-0.11409011188528355,-1.1706797820066042,-0.39172708787906674
0.03443019646204518,0.1818780511258579,0.9865063827917052,-0.11358476281946499,-1.170708758032485,-0.3919291510470631
0.03222868109755068,0.18176495025008377,0.9866677650706202,-0.11307901805979652,-1.1707361750594623,-0.39213116071259163
0.030026821476621342,0.18165572990766105,0.9868236218554646,-0.1125728872146084,-1.1707620346499368,-0.3923331154586892
0.0278246378967735,0.18155039323309924,0.9869739511500346,-0.11206637990946267,-1.170786338322785,-0.39253501386044903
0.025622150675570818,0.18144894325336566,0.9871187510265208,-0.11155950578942808,-1.1708090875531292,-0.39273685448404205
0.023419380149522537,0.18135138288746222,0.9872580196256604,-0.11105227451832829,-1.1708302837720197,-0.3929386358869244
0.0212163466733122,0.1812577149459917,0.9873917551569107,-0.11054469577674075,-1.1708499283660845,-0.39314035661853125
0.019013070617922942,0.1811679421308034,0.9875199558985274,-0.11003677926410325,-1.1708680226773238,-0.3933420152193704
0.01680957237147071,0.18108206703450586,0.9876426201978578,-0.1095285346907011,-1.1708845680025866,-0.3935436102240675
0.01460587233420217,0.18100009214030685,0.9877597464711521,-0.1090199717914251,-1.1708995655937586,-0.3937451401559172
0.012401990920447897,0.18092201982149644,0.9878713332039386,-0.10851110031355245,-1.170913016657122,-0.3939466035315711
0.010197948557816252,0.18084785234109652,0.9879773789511659,-0.10800193001482424,-1.1709249223530664,-0.3941479988617095
0.007993765685292156,0.18077759185158704,0.9880778823372475,-0.10749247066560028,-1.1709352837959368,-0.394349324650127
0.005789462749231539,0.18071124039473854,0.9881728420559418,-0.10698273205884928,-1.1709441020541256,-0.3945505793897586
0.003585060208554493,0.18064879990100885,0.9882622568709539,-0.10647272398582187,-1.1709513781491174,-0.39475176157209996
0.001380578526210129,0.18059027218964127,0.9883461256154389,-0.1059624562629213,-1.1709571130561252,-0.39495286967665105
-0.0008239618269216332,0.18053565896815696,0.988424447192493,-0.10545193871218156,-1.1709613077033119,-0.39515390217846535
-0.0030285403723742067,0.1804849618320722,0.9884972205752945,-0.10494118115757863,-1.1709639629715083,-0.39535485754951744
-0.0052331366310097,0.18043818226496358,0.9885644448067243,-0.10443019344583751,-1.1709650796946824,-0.39555573425052315
-0.007437730118712281,0.18039532163798871,0.9886261189998674,-0.10391898542539106,-1.1709646586591584,-0.3957565307390817
-0.009642300348867474,0.1803563812097619,0.9886822423379655,-0.10340756695063898,-1.1709627006036063,-0.39595724546794864
-0.0118468268352622,0.18032136212626165,0.9887328140743443,-0.1028959478877718,-1.1709592062190883,-0.3961578768827057
-0.014051289092156976,0.18029026542062063,0.9887778335325458,-0.10238413811004916,-1.1709541761488031,-0.39635842342354033
-0.01625566663442869,0.18026309201293597,0.988817300106452,-0.10187214749334206,-1.170947610987853,-0.39655888352692525
-0.018459938979136906,0.18023984271016127,0.988851213260292,-0.101359985916982,-1.1709395112831738,-0.39675925562522946
-0.020664085648122457,0.18022051820606474,0.9888795725285646,-0.1008476632684545,-1.1709298775335901,-0.39695953814483215
-0.022868086168466743,0.18020511908110853,0.9889023775161215,-0.100335189440121,-1.1709187101896519,-0.3971597295073457
-0.02507192007177169,0.18019364580227662,0.9889196278983273,-0.09982257432155198,-1.1709060096533495,-0.397359828132553
-0.027275566897786534,0.18018609872313796,0.9889313234208895,-0.09930982780805447,-1.1708917762783166,-0.39755983243502796
-0.029479006196145876,0.18018247808409654,0.9889374639002184,-0.09879695979729844,-1.1708760103715203,-0.397759740820111
-0.031682217520966935,0.18018278401065524,0.9889380492218873,-0.09828398018949948,-1.1708587121837724,-0.39795955171126407
-0.03388518044293554,0.18018701651662944,0.9889330793437329,-0.09777089887902346,-1.170839881927752,-0.39815926350067077
-0.03608787454171572,0.18019517550125577,0.9889225542929074,-0.09725772576544678,-1.1708195197615598,-0.39835887459299113
-0.038290279410811826,0.18020726075058424,0.9889064741673133,-0.09674447074502478,-1.1707976257965218,-0.39855838338506716
-0.040492374656838415,0.180223271937137,0.9888848391353011,-0.09623114370811611,-1.1707742000951906,-0.3987577882724161
-0.04269413990016357,0.1802432086197303,0.988857649435365,-0.09571775454207983,-1.17074924267001,-0.39895708765406246
-0.04489555478020555,0.18026707024417096,0.9888249053764386,-0.09520431313609833,-1.1707227534863958,-0.3991562799196559
-0.0470965989525463,0.18029485614287039,0.988786607337736,-0.09469082937197927,-1.1706947324606223,-0.3993553634601396
-0.04929725209207022,0.1803265655350369,0.9887427557685455,-0.09417731313205929,-1.1706651794600367,-0.39955433666590434
-0.0514974938932086,0.1803621975270933,0.9886933511887477,-0.09366377428433563,-1.1706340943050038,-0.3997531979204768
-0.053697304070491274,0.18040175111227877,0.9886383941880454,-0.09315022269557717,-1.1706014767659327,-0.3999519456130731
-0.05589666236097061,0.18044522517120606,0.9885778854263139,-0.09263666822506898,-1.1705673265654863,-0.4001505781294661
-0.05809554852318791,0.1804926184718467,0.9885118256335585,-0.09212312071842527,-1.1705316433779585,-0.4003490938571759
-0.060293942343014814,0.18054392966993096,0.9884402156095147,-0.09160959002449318,-1.1704944268298452,-0.4005474911788394
-0.06249182362954651,0.18059915730891807,0.9883630562239336,-0.09109608597520358,-1.170455676499445,-0.40074576848003607
-0.06468917221748166,0.18065829982027656,0.988280348416408,-0.09058261838960219,-1.1704153919171136,-0.4009439241476793
-0.06688596797116236,0.1807213555238398,0.9881920931960808,-0.09006919708408735,-1.1703735725656803,-0.4011419565659874
-0.0690821907818403,0.18078832262790082,0.9880982916418143,-0.08955583185741765,-1.1703302178802326,-0.4013398641223014
-0.07127782057216706,0.1808591992296264,0.9879989449018883,-0.08904253249610938,-1.1702853272484752,-0.40153764519749646
-0.07347283729307903,0.18093398331511226,0.9878940541940245,-0.08852930878410643,-1.1702389000108453,-0.40173529819178017
-0.07566722092829403,0.1810126727599351,0.9877836208053129,-0.0880161704759425,-1.1701909354607074,-0.40193282149101994
-0.07786095149611186,0.18109526532940454,0.9876676460918413,-0.08750312732445496,-1.1701414328446844,-0.40213021348510397
-0.08005400904663686,0.1811817586787616,0.9875461314788861,-0.0869901890593235,-1.1700903913625165,-0.40232747256904083
-0.08224637366849995,0.1812721503537583,0.9874190784604089,-0.08647736540743542,-1.1700378101677977,-0.4025245971349729
-0.08443802548211214,0.18136643779069392,0.9872864885994371,-0.08596466606305164,-1.1699836883674768,-0.4027215855838013
-0.08662894464823878,0.1814646183171051,0.9871483635274274,-0.08545210071512467,-1.1699280250227881,-0.40291843631448465
-0.08881911136406735,0.18156668915195115,0.9870047049444473,-0.0849396790279988,-1.1698708191490357,-0.40311514773154966
-0.09100850586764138,0.18167264740615732,0.9868555146188016,-0.08442741065333684,-1.1698120697161585,-0.4033117182404033
-0.09319710843649733,0.18178249008294126,0.986700794387033,-0.08391530522044298,-1.1697517756487772,-0.40350814625108455
-0.09538489939026273,0.1818962140783108,0.986540546153658,-0.08340337234138967,-1.1696899358266126,-0.40370443017623375
-0.09757185909028014,0.18201381618145873,0.9863747718910878,-0.08289162160507088,-1.1696265490846418,-0.403900568433389
-0.09975796794246955,0.18213529307530443,0.9862034736393382,-0.08238006258336515,-1.1695616142135636,-0.40409655944254985
-0.10194320639743248,0.18226064133693348,0.9860266535059085,-0.0818687048270309,-1.1694951299600138,-0.4042924016277516
-0.10412755494825891,0.1823898574379678,0.9858443136657998,-0.08135755785304312,-1.1694270950266097,-0.4044880934219951
-0.10631099413845807,0.18252293774534817,0.9856564563608866,-0.08084663116976806,-1.1693575080728753,-0.4046836332573708
-0.10849350455803501,0.1826598785216604,0.9854630839000328,-0.0803359342578953,-1.1692863677151442,-0.40487901957248934
-0.11067506684605473,0.1828006759257347,0.985264198658794,-0.07982547657562632,-1.1692136725270428,-0.4050742508104269
-0.11285566168796032,0.1829453260130537,0.985059803079436,-0.07931526754428281,-1.1691394210395325,-0.40526932542432814
-0.11503526982407217,0.1830938247366075,0.9848498996702586,-0.07880531657574127,-1.1690636117419078,-0.4054642418666439
-0.117213872044189,0.18324616794722287,0.984634491005774,-0.07829563304794765,-1.1689862430816265,-0.40565899859868765
-0.11939144919030048,0.18340235139447017,0.9844135797267096,-0.07778622631451575,-1.168907313466615,-0.4058535940912843
-0.12156798216077719,0.18356237072641737,0.9841871685382768,-0.07727710570127985,-1.1688268212589563,-0.40604802680845686
-0.12374345190379658,0.18372622149139015,0.9839552602123203,-0.07676828049967674,-1.1687447647849305,-0.4062422952362951
-0.12591783942612506,0.18389389913796472,0.983717857585347,-0.07625975998069844,-1.168661142329348,-0.40643639786002966
-0.1280911257905944,0.18406539901570443,0.9834749635588025,-0.07575155338495751,-1.1685759521373245,-0.4066303331722277
-0.13026329211747908,0.1842407163758291,0.9832265810987966,-0.07524366992371924,-1.1684891924147378,-0.40682409967236116
-0.1324343195846853,0.1844198463718609,0.9829727132358942,-0.07473611877551707,-1.1684008613286083,-0.4070176958681055
-0.13460418942869415,0.1846027840602964,0.9827133630648552,-0.07422890908562331,-1.1683109570075314,-0.407211120275519
-0.1367728829482613,0.18478952440139942,0.9824485337442106,-0.07372204997588928,-1.1682194775423491,-0.40740437141515784
-0.1389403815001862,0.184980062259721,0.982178228496292,-0.07321555052489569,-1.1681264209861986,-0.40759744781982993
-0.14110666650674114,0.18517439240504174,0.981902450606582,-0.07270941979184455,-1.1680317853554831,-0.4077903480251943
-0.1432717194497318,0.185372509512855,0.9816212034238315,-0.07220366679036702,-1.167935568629811,-0.40798307058000793
-0.1454355218754882,0.18557440816524834,0.9813344903595399,-0.07169830050334808,-1.1678377687527914,-0.4081756140402808
-0.14759805539796714,0.18578008285078873,0.9810423148862569,-0.07119332988207833,-1.1677383836260846,-0.4083679769591171
-0.1497593016909618,0.18598952796869517,0.9807446805428857,-0.07068876384778937,-1.1676374111354226,-0.4085601579279228
-0.1519192424990176,0.18620273782442545,0.9804415909262224,-0.07018461127693419,-1.1675348491128865,-0.40875215551938937
-0.1540778596328594,0.18641970663391907,0.9801330496959842,-0.06968088101490592,-1.167430695362775,-0.4089439683239205
-0.1562351349707456,0.18664042852350313,0.9798190605732309,-0.06917758186875293,-1.1673249476557757,-0.40913559494200036
-0.1583910504601642,0.18686489753070645,0.9794996273400051,-0.06867472260988386,-1.1672176037295208,-0.4093270339830978
-0.16054558811881864,0.1870931076050878,0.9791747538390112,-0.06817231197414567,-1.1671086612891424,-0.40951828406560453
-0.16269873003183694,0.1873250526089168,0.9788444439734927,-0.06767035864772634,-1.1669981180075173,-0.40970934382234175
-0.1648504583593237,0.1875607263182329,0.9785087017065397,-0.06716887129201099,-1.1668859715262965,-0.40990021189075615
-0.16700075533125686,0.18780012242347918,0.9781675310610844,-0.06666785852086779,-1.1667722194560115,-0.4100908869218154
-0.16914960325133596,0.188043234530448,0.977820936119402,-0.06616732891165376,-1.1666568593768372,-0.41028136757564587
-0.17129698449711747,0.1882900561611115,0.9774689210228116,-0.06566729100229077,-1.1665398888390939,-0.410471652522648
-0.17344288152016035,0.18854058075445784,0.9771114899713672,-0.06516775328841594,-1.1664213053637484,-0.4106617404445789
-0.1755872768479638,0.18879480166739993,0.9767486472234529,-0.06466872422733098,-1.1663011064430573,-0.41085163003296393
-0.17773015308297263,0.18905271217559277,0.9763803970955252,-0.06417021223093483,-1.1661792895410055,-0.41104131999184124
-0.179871492903956,0.18931430547434006,0.9760067439617266,-0.0636722256676438,-1.166055852093915,-0.411230809036969
-0.18201127906933157,0.1895795746795613,0.9756276922533963,-0.0631747728717065,-1.1659307915111858,-0.41142009589211637
-0.1841494944123883,0.18984851282852308,0.9752432464589916,-0.06267786212197839,-1.165804105175503,-0.411609179297389
-0.18628612184880947,0.1901211128809493,0.9748534111233762,-0.062181501667176925,-1.1656757904438608,-0.411798057999234
-0.188421144370884,0.19039736771973534,0.9744581908477825,-0.06168569970091235,-1.1655458446477174,-0.4119867307602463
-0.1905545450537476,0.19067727015203528,0.9740575902891574,-0.06119046438220277,-1.1654142650939356,-0.41217519635103317
-0.1926863070502755,0.1909608129100105,0.9736516141600803,-0.06069580381314384,-1.1652810490649996,-0.41236345355898657
-0.19481641359828009,0.19124798865195264,0.973240267228055,-0.0602017260631482,-1.165146193820016,-0.4125515011786735
-0.19694484801669931,0.19153878996309104,0.9728235543153524,-0.05970823915159885,-1.1650096965950252,-0.41273933801863893
-0.19907159370677102,0.19183320935654238,0.9724014802985954,-0.05921535104939034,-1.1648715546036175,-0.4129269629007547
-0.20119663415222197,0.19213123927425158,0.971974050108393,-0.05872306967679092,-1.1647317650375166,-0.41311437466102396
-0.2033199529242602,0.19243287208806678,0.9715412687287307,-0.05823140291955553,-1.1645903250674363,-0.413301572143164
-0.2054415336757532,0.19273810010050885,0.9711031411968911,-0.05774035860410083,-1.164447231843288,-0.4134885542083763
-0.20756136014799328,0.19304691554590891,0.9706596726027532,-0.057249944520438245,-1.164302482495152,-0.41367531972623056
-0.20967941616527433,0.19335931059120615,0.9702108680886796,-0.05676016839892905,-1.1641560741335244,-0.41386186758381366
-0.21179568564141737,0.193675277337079,0.9697567328488272,-0.05627103793241589,-1.1640080038502723,-0.4140481966769241
-0.2139101525753374,0.1939948078187858,0.969297272128973,-0.055782560756814654,-1.1638582687189436,-0.4142343059177066
-0.21602280105411087,0.19431789400720653,0.9688324912259836,-0.05529474446021469,-1.163706865795518,-0.41442019423100046
-0.21813361525507163,0.19464452780986696,0.9683623954873284,-0.05480759658836499,-1.1635537921191077,-0.41460586055211657
-0.2202425794414886,0.19497470107179377,0.967886990310887,-0.05432112462577939,-1.1633990447122833,-0.4147913038342731
-0.2223496779696083,0.19530840557667142,0.9674062811442246,-0.053835336020129514,-1.1632426205820492,-0.4149765230388762
-0.2244548952820042,0.1956456330476446,0.9669202734844986,-0.0533502381545705,-1.1630845167200528,-0.41516151714644267
-0.2265582159144202,0.1959863751484808,0.9664289728777399,-0.05286583837148506,-1.1629247301035466,-0.41534628514713084
-0.22865962449356142,0.19633062348448954,0.9659323849185482,-0.052382143961809485,-1.1627632576958453,-0.41553082604492025
-0.23075910573546332,0.19667836960346696,0.9654305152497504,-0.05189916215658153,-1.1626000964468135,-0.4157151388609145
-0.23285664445148388,0.19702960499683822,0.9649233695617222,-0.051416900147627946,-1.1624352432937837,-0.415899222625074
-0.23495222554233403,0.1973843211004933,0.9644109535922325,-0.050935365062651033,-1.1622686951618066,-0.4160830763860565
-0.2370458340042593,0.19774250929593432,0.9638932731257512,-0.05045456398674403,-1.1621004489645705,-0.41626669920261244
-0.23913745492518662,0.19810416091117217,0.963370333993193,-0.04997450394563725,-1.1619305016047736,-0.41645009015018963
-0.24122707348726546,0.19846926722178393,0.962842142071381,-0.04949519191340739,-1.1617588499748448,-0.4166332483178119
-0.243314674967728,0.198837819451932,0.9623087032825763,-0.04901663481383178,-1.1615854909575662,-0.41681617280748395
-0.24540024473887287,0.1992098087753573,0.961770023594051,-0.04853883951842762,-1.161410421426654,-0.4169988627349126
-0.24748376826708612,0.19958522631635264,0.9612261090176901,-0.04806181284084241,-1.1612336382472876,-0.41718131723168045
-0.24956523111485704,0.19996406315081416,0.9606769656094678,-0.04758556154277068,-1.1610551382767882,-0.41736353544283694
-0.2516446189418238,0.2003463103077329,0.9601225994696501,-0.047110092337888716,-1.1608749183686402,-0.41754551652739175
-0.25372191750142153,0.20073195876821553,0.9595630167397339,-0.04663541187048632,-1.1606929753592963,-0.41772725965820623
-0.25579711264542243,0.2011209994694553,0.9589982236059598,-0.04616152674147762,-1.1605093060894613,-0.4179087640245174
-0.2578701903240653,0.20151342330381397,0.958428226296083,-0.04568844350039673,-1.1603239073909581,-0.4180900288263632
-0.25994113658253126,0.20190922112022192,0.957853031079762,-0.04521616863200632,-1.1601367760905748,-0.4182710532820605
-0.2620099375663164,0.20230838372529744,0.9572726442678862,-0.04474470857542501,-1.159947909010884,-0.4184518366205085
-0.2640765795165961,0.20271090188424004,0.9566870722123063,-0.04427406970480431,-1.1597573029706012,-0.4186323780888437
-0.2661410487743571,0.20311676632191894,0.9560963213052084,-0.04380425834379104,-1.1595649547853315,-0.4188126769466025
-0.2682033317794384,0.20352596772384726,0.9555003979786925,-0.04333528076044506,-1.159370861268097,-0.41899273246768776
-0.27026341507114915,0.20393849673720268,0.954899308704307,-0.042867143168323,-1.1591750192300219,-0.4191725439399314
-0.2723212852865851,0.20435434397174865,0.9542930599925976,-0.042399851718563086,-1.1589774254805734,-0.41935211066805966
-0.2743769291643697,0.20477350000092487,0.9536816583925178,-0.041933412513120084,-1.1587780768283944,-0.419531431968399
-0.27643033354409957,0.20519595536282953,0.9530651104910018,-0.04146783160147649,-1.1585769700819164,-0.41971050717017844
-0.27848148536171863,0.20562170056110496,0.952443422912656,-0.04100311496154402,-1.1583741020496534,-0.41988933562308134
-0.28053037165776057,0.2060507260660947,0.9518166023189728,-0.040539268530426664,-1.1581694695410951,-0.4200679166848551
-0.282576979570433,0.2064830223156793,0.9511846554081153,-0.040076298176587276,-1.1579630693669547,-0.42024624973240265
-0.28462129634107125,0.20691857971636576,0.9505475889142387,-0.039614209719931154,-1.1577548983399348,-0.42042433415366465
-0.2866633093101069,0.20735738864418893,0.9499054096071603,-0.03915300891520073,-1.1575449532750974,-0.42060216935421924
-0.28870300592212256,0.2077994394457797,0.9492581242916944,-0.038692701470640294,-1.1573332309905995,-0.42077975474972107
-0.29074037372187517,0.20824472243925843,0.9486057398073164,-0.038233293031680486,-1.157119728308053,-0.42095708977238927
-0.2927754003551356,0.2086932279152207,0.9479482630276503,-0.037774789183330895,-1.156904442053093,-0.42113417386998403
-0.2948080735703839,0.20914494613773355,0.947285700859921,-0.0373171954559628,-1.1566873690559536,-0.4213110065034154
-0.2968383812190492,0.20959986734529573,0.9466180602444617,-0.03686051732549397,-1.1564685061519893,-0.4214875871466045
-0.29886631125365837,0.21005798175176713,0.9459453481542943,-0.03640476020545941,-1.156247850182123,-0.4216639152896075
-0.3008918517299062,0.2105192795473514,0.9452675715945662,-0.03594992945439984,-1.1560253979934174,-0.4218399904355773
-0.30291499080557954,0.2109837508995341,0.9445847376020999,-0.035496030371041515,-1.1558011464395486,-0.4220158121026408
-0.3049357167410725,0.21145138595402724,0.9438968532448838,-0.035043068195712984,-1.1555750923813068,-0.42219137982326177
-0.3069540179022926,0.21192217483576775,0.9432039256214843,-0.03459104812116263,-1.155347232687199,-0.42236669313981184
-0.3089698827542386,0.21239610764973726,0.9425059618607692,-0.03413997526697318,-1.1551175642337055,-0.4225417516148283
-0.31098329986843737,0.21287317448202228,0.9418029691211652,-0.03368985470816525,-1.1548860839060182,-0.4227165548194056
-0.3129942579174943,0.213353365400648,0.9410949545903474,-0.03324069145348019,-1.1546527885983318,-0.42289110234189675
-0.31500274567753034,0.21383667045654062,0.9403819254846599,-0.032792490454537145,-1.1544176752143929,-0.4230653937841552
-0.31700875202961865,0.21432307968446868,0.9396638890485772,-0.03234525661114515,-1.1541807406680153,-0.42323942875931625
-0.3190122659555429,0.21481258310388338,0.938940852554345,-0.0318989947543845,-1.1539419818834014,-0.42341320689858125
-0.32101327654359746,0.21530517071992014,0.9382128233012951,-0.03145370966911791,-1.1537013957957791,-0.42358672784204093
-0.3230117729831314,0.2158008325242112,0.9374798086155242,-0.03100940607237324,-1.1534589793516803,-0.423759991247364
-0.3250077445691179,0.2162995584958541,0.9367418158492506,-0.03056608863113805,-1.1532147295095214,-0.4239329967825263
-0.3270011806980369,0.21680133860223474,0.9359988523804473,-0.03012376194604603,-1.1529686432399242,-0.4241057441323598
-0.32899207087249527,0.2173061627999869,0.935250925612196,-0.029682430569486953,-1.1527207175262704,-0.42427823299114376
-0.3309804046973148,0.21781402103580502,0.9344980429723136,-0.0292420989901736,-1.1524709493650211,-0.4244504630688032
-0.33296617188132616,0.21832490324734932,0.9337402119127954,-0.028802771640205633,-1.1522193357661863,-0.4246224340879815
-0.33494936223615795,0.21883879936409062,0.9329774399093536,-0.028364452890337448,-1.1519658737537042,-0.42479414578590113
-0.3369299656794566,0.21935569930821958,0.9322097344608207,-0.027927147062781554,-1.151710560365934,-0.4249655979090945
-0.33890797222984514,0.21987559299542536,0.9314371030888016,-0.027490858411419187,-1.1514533926559207,-0.42513679022139383
-0.34088337201083124,0.22039847033580115,0.9306595533370577,-0.027055591137403915,-1.1511943676918972,-0.4253077224975225
-0.342856155249646,0.2209243212346697,0.9298770927710406,-0.026621349384783576,-1.1509334825576372,-0.42547839452481484
-0.3448263122764887,0.22145313559340446,0.9290897289774166,-0.02618813723774447,-1.150670734352819,-0.4256488061042807
-0.34679383352546295,0.22198490331027312,0.9282974695635396,-0.02575595872461009,-1.1504061201934266,-0.4258189570489161
-0.3487587095347365,0.2225196142812619,0.927500322156949,-0.025324817818797373,-1.1501396372121198,-0.42598884718325325
-0.35072093094429974,0.2230572584008573,0.9266982944049326,-0.024894718430271842,-1.1498712825585415,-0.4261584763467903
-0.35268048849805106,0.22359782556288565,0.9258913939739695,-0.02446566441422163,-1.1496010533997303,-0.42632784439039584
-0.35463737304380266,0.2241413056613101,0.9250796285492336,-0.024037659571528643,-1.1493289469204577,-0.42649695117605535
-0.35659157553126397,0.22468768859100322,0.9242630058341512,-0.02361070764120379,-1.1490549603235392,-0.4266657965799106
-0.3585430870145436,0.22523696424856263,0.9234415335498338,-0.02318481231087086,-1.1487790908302133,-0.42683438048791283
-0.3604918986491157,0.22578912253305353,0.922615219434665,-0.022759977205206616,-1.1485013356804108,-0.4270027028005004
-0.36243800169434987,0.22634415334681413,0.921784071243737,-0.022336205896623034,-1.1482216921331334,-0.42717076342817284
-0.36438138751121485,0.22690204659619395,0.9209480967484135,-0.02191350189670619,-1.147940157466719,-0.4273385622949442
-0.3663220475649141,0.22746279219234197,0.9201073037357695,-0.02149186866741546,-1.1476567289792046,-0.4275060993336959
-0.36825997342026334,0.22802638005190207,0.9192617000082125,-0.02107130960326473,-1.1473714039885354,-0.4276733744934405
-0.3701951567475753,0.22859280009783117,0.9184112933828419,-0.020651828055620602,-1.147084179832979,-0.4278403877292915
-0.37212758931675927,0.22916204226006018,0.9175560916911039,-0.02023342730981234,-1.1467950538712957,-0.42800713901181664
-0.3740572630008732,0.22973409647626825,0.916696102778213,-0.019816110600166827,-1.1465040234830972,-0.4281736283208101
-0.37598416977437393,0.23030895269258425,0.915831334502702,-0.019399881103815922,-1.146211086069081,-0.42833985564778926
-0.37790830171233647,0.2308866008642892,0.9149617947359511,-0.01898474193840735,-1.1459162390512834,-0.4285058209968922
-0.37982965099247423,0.23146703095654736,0.914087491361651,-0.018570696171126135,-1.1456194798733854,-0.4286715243811152
-0.38174820989327,0.23205023294508237,0.91320843227536,-0.018157746812109254,-1.1453208060009272,-0.42883696582497877
-0.38366397079425796,0.23263619681687503,0.9123246253840114,-0.017745896816529914,-1.1450202149215694,-0.42900214536362336
-0.385576926176016,0.2332249125708401,0.9114360786054247,-0.017335149085568914,-1.1447177041453194,-0.4291670630423637
-0.38748706861772436,0.23381637021848573,0.9105427998678798,-0.01692550645755773,-1.144413271204749,-0.42933171892030825
-0.3893943908019051,0.23441055978462103,0.9096447971095254,-0.016516971728203385,-1.1441069136552722,-0.4294961130619574
-0.39129888550959163,0.2350074713079707,0.9087420782780052,-0.016109547632146608,-1.1437986290753066,-0.4296602455447839
-0.3932005456212669,0.23560709484183948,0.9078346513299552,-0.015703236847854095,-1.1434884150664972,-0.42982411645717344
-0.39509936411802743,0.2362094204547646,0.9069225242305011,-0.015298042003494649,-1.143176269253943,-0.4299877258959526
-0.39699533408013515,0.2368144382311371,0.9060057049528087,-0.014893965672246916,-1.142862189286367,-0.4301510739682926
-0.39888844868628615,0.2374221382718319,0.9050842014776254,-0.014491010370527486,-1.1425461728363204,-0.43031416079240875
-0.400778701215019,0.23803251069483042,0.9041580217927723,-0.014089178564957883,-1.1422282176003609,-0.4304769864946352
-0.4026660850429353,0.23864554563582652,0.9032271738927085,-0.013688472666393331,-1.1419083212992278,-0.4306395512118674
-0.4045505936457912,0.2392612332488369,0.9022916657780393,-0.013288895035665311,-1.1415864816780283,-0.4308018550891417
-0.40643222059582534,0.23987956370677904,0.9013515054550942,-0.012890447974006186,-1.1412626965063633,-0.43096389828358744
-0.4083109595644744,0.24050052720207726,0.9004067009354075,-0.012493133735478569,-1.1409369635785254,-0.4311256809592232
-0.4101868043211806,0.2411241139472414,0.8994572602352728,-0.01209695452350422,-1.1406092807136328,-0.43128720328836817
-0.4120597487299922,0.24175031417540987,0.8985031913753422,-0.011701912478348373,-1.1402796457557476,-0.43144846545683324
-0.41392978675443165,0.24237911814095484,0.8975445023800706,-0.011308009698479811,-1.139948056574063,-0.4316094676549866
-0.41579691245467154,0.24301051612001526,0.8965812012773051,-0.010915248230486093,-1.1396145110629958,-0.4317702100819297
-0.4176611199855337,0.24364449841103464,0.8956132960978628,-0.010523630062336425,-1.139279007142311,-0.4319306929482865
-0.41952240359903276,0.2442810553353252,0.894640794875024,-0.010133157135337217,-1.1389415427572644,-0.432090916471187
-0.4213807576425217,0.24492017723758042,0.8936637056441094,-0.009743831338050362,-1.1386021158786854,-0.43225088087678504
-0.4232361765584435,0.24556185448640702,0.8926820364420276,-0.009355654506836314,-1.1382607245030976,-0.43241058640000957
-0.42508865488594383,0.24620607747067344,0.891695795299905,-0.008968628427383933,-1.1379173666195972,-0.4325700332760146
-0.42693818725492966,0.24685283661667784,0.8907049902702514,-0.008582754838658765,-1.1375720403425964,-0.4327292217700944
-0.4287847683938476,0.24750212236368513,0.8897096293851757,-0.008198035426349426,-1.1372247437132679,-0.43288815213297915
-0.430628393124056,0.248153925181044,0.88870972068345,-0.007814471828182665,-1.1368754748318022,-0.43304682463024124
-0.43246905636007676,0.24880823556451695,0.887705272203222,-0.0074320656299151,-1.1365242318245217,-0.43320523953604056
-0.4343067531090192,0.2494650440367582,0.8866962919815781,-0.007050818364638888,-1.1361710128439344,-0.4333633971334074
-0.4361414784732483,0.25012434114779664,0.8856827880540602,-0.006670731525585185,-1.1358158160687986,-0.4335212977088385
-0.4379732276448486,0.2507861174754769,0.8846647684543105,-0.0062918065449068415,-1.1354586397041688,-0.4336789415612189
-0.4398019959096367,0.2514503636259328,0.8836422412135767,-0.005914044812097299,-1.135099481981465,-0.43383632899405494
-0.44162777864668284,0.25211707023402985,0.8826152143602783,-0.005537447673829884,-1.134738341158485,-0.4339934603155265
-0.4434505713252825,0.25278622796379846,0.8815836959196247,-0.005162016423172803,-1.1343752155194693,-0.43415033584302437
-0.44527036950381926,0.2534578275088608,0.8805476939131941,-0.004787752296656311,-1.1340101033751206,-0.43430695590439744
-0.44708716883487415,0.25413185959287865,0.8795072163584372,-0.004414656497447145,-1.1336430030626312,-0.4344633208281473
-0.4489009650592091,0.2548083149699474,0.8784622712683308,-0.004042730172130795,-1.1332739129457057,-0.4346194309532386
-0.4525194183232266,0.25616850116408607,0.8763590845503422,-0.0033019251928068562,-1.132530105692745,-0.43493109852498674
