-0.2773468625245108,0.8021991743438814,0.7702324261707769,-0.06205530473412763,-1.5787851064028402,-0.43291521865829846
-0.27734686258194124,0.8021991745046705,0.7702324262413206,-0.0620553047307186,-1.5787851071134515,-0.4329152184037444
-0.2765461497039276,0.8018336262174394,0.774439463882597,-0.062367383288155546,-1.5826214970178698,-0.43316212293883805
-0.2757400947368038,0.8014864082350668,0.778639910131695,-0.06268187243065028,-1.5864709596018496,-0.43341231657680407
-0.2749284313939491,0.8011571991922328,0.7828334583806891,-0.06299881474540131,-1.590331375293376,-0.43366570153190853
-0.2741108850515232,0.8008461738734411,0.7870200772334833,-0.06331828468465393,-1.594202884133387,-0.4339223252344055
-0.27328719290772113,0.8005535156504426,0.7911996466211835,-0.06364035186290694,-1.5980855469679007,-0.43418223123227817
-0.2724570815294128,0.8002794070943657,0.7953720701291167,-0.0639650896989145,-1.6019794472593756,-0.43444546589789385
-0.2716202562541046,0.8000240277200112,0.799537322440048,-0.06429257945747148,-1.6058847363285693,-0.4347120816637894
-0.2707764244582711,0.7997875622959096,0.8036953275229717,-0.06462290105091341,-1.6098015201623108,-0.4349821294748613
-0.2699252895576957,0.7995701981739205,0.8078459856317014,-0.06495613525342435,-1.6137298831395166,-0.43525566035843943
-0.26906654520790524,0.7993721238968025,0.8119891977698365,-0.06529236585958273,-1.6176699117764743,-0.43553272711553065
-0.26819986700300585,0.7991935277601222,0.8161249000626462,-0.06563168279068754,-1.6216217274766807,-0.4358133867472048
-0.2673249295653499,0.799034601682983,0.8202529762533445,-0.06597417526579957,-1.6255854026901475,-0.4360976946234238
-0.26644139432982245,0.7988955383208407,0.8243733115954175,-0.06631993645803638,-1.6295610119543273,-0.43638570813203215
-0.2655488938037121,0.7987765293437558,0.8284858587313549,-0.06666906943923588,-1.6335486959648473,-0.4366774915088131
-0.2646470760432004,0.7986777716940046,0.8325904258587148,-0.06702166968665729,-1.6375484564139813,-0.43697310097358294
-0.26373554175064146,0.7985994592429366,0.8366869592128394,-0.06737784941555004,-1.6415604295101502,-0.4372726048720266
-0.2628138956077021,0.7985417890952308,0.8407753004617363,-0.06773771736312553,-1.6455846502510652,-0.43757606647436087
-0.26188171618499534,0.7985049580419483,0.8448553156070593,-0.06810139029398096,-1.64962117742309,-0.4378835533334034
-0.2609385692820015,0.7984891632579103,0.8489268269226358,-0.0684689875553053,-1.6536700264259632,-0.43819513237311913
-0.25998397710421367,0.7984946015701593,0.8529897359719115,-0.0688406427957862,-1.6577312912582824,-0.43851087946377165
-0.2590174596275826,0.7985214697925771,0.8570438344466391,-0.06921648757899768,-1.661804956146682,-0.43883086510853214
-0.2580385021210076,0.798569963574725,0.8610889326439285,-0.06959666367064542,-1.6658910225058252,-0.4391551643980265
-0.2570465433239792,0.7986402784817339,0.8651248920244675,-0.06998132722819095,-1.6699895425381146,-0.4394838600928145
-0.256041014404735,0.798732606876708,0.8691514508622008,-0.07037063327470579,-1.674100442186646,-0.4398170287628365
-0.25502129157255415,0.7988471398919323,0.8731684016063718,-0.07076475357731712,-1.678223699957284,-0.44015475536453386
-0.25398671743804485,0.7989840649480099,0.8771754850182097,-0.07116386782832886,-1.6823592389024231,-0.44049712492522936
-0.25293658925013585,0.7991435652515292,0.8811724167285906,-0.071568167568433,-1.6865069525532497,-0.4408442249903501
-0.251870139664184,0.799325821243773,0.8851589357091694,-0.0719778628721001,-1.6906667547046759,-0.441196150310685
-0.25078655631608715,0.7995310055676352,0.8891347024474552,-0.07239317398233211,-1.6948384728405494,-0.44155299444924956
-0.24968496346775104,0.7997592829116082,0.893099338872202,-0.07281433744932993,-1.6990218877367542,-0.4419148536076034
-0.24856440284160033,0.8000108107913668,0.8970524616078102,-0.07324161234385838,-1.7032167673995346,-0.4422818302978109
-0.24742383734092843,0.8002857350539236,0.9009936264643246,-0.07367527753121993,-1.707422807215286,-0.44265402902735246
-0.24626212721608623,0.8005841904391178,0.9049223639382424,-0.07411563924748509,-1.7116396658531088,-0.443031560435611
-0.24507803138949777,0.8009062942177565,0.9088381184994212,-0.07456302880065285,-1.7158668983690784,-0.44341453651765417
-0.24387018739662547,0.8012521433498582,0.9127402525882946,-0.07501780808597548,-1.7201039572951133,-0.44380307197753804
-0.24263707648351696,0.8016218148137055,0.9166280825405905,-0.07548038017915956,-1.7243502287369192,-0.4441972892057266
-0.24137701973292758,0.8020153549805196,0.9205007975078862,-0.07595118775483058,-1.7286049409169606,-0.44459731190856444
-0.24008812880716027,0.8024327794106041,0.9243575021363395,-0.07643072776921779,-1.7328672064082145,-0.44500327147922925
-0.23876827953909888,0.8028740623805879,0.9281971591046388,-0.07691955672040873,-1.7371359543586742,-0.4454153037661162
-0.2374150869855699,0.803339119988306,0.9320185004708129,-0.07741829430960093,-1.741409825177502,-0.4458335426295983
-0.23602580107451807,0.8038278134924135,0.9358201222595262,-0.07792765486031512,-1.7456872679629905,-0.44625813421808774
-0.23459727685537352,0.8043399184023494,0.9396003058546485,-0.07844844920208274,-1.7499663316104517,-0.44668922282241985
-0.23312586035101435,0.8048751094104973,0.9433570020597649,-0.0789816148697741,-1.754244633637501,-0.44712695569340766
-0.23160726173111998,0.8054329322929998,0.9470877372029599,-0.07952824702650246,-1.7585192383792165,-0.44757148157454185
-0.23003640073438292,0.8060127596143736,0.950789446586333,-0.08008963420581128,-1.7627864465565308,-0.4480229436637499
-0.22840717669263372,0.8066137356332548,0.9544582904417517,-0.08066731366394418,-1.7670415565323527,-0.4484814747444655
-0.22671213561382889,0.8072347015076466,0.9580894077193074,-0.08126315221241309,-1.7712785438568786,-0.4489471919270991
-0.22494206284011217,0.8078740588553698,0.9616763955709406,-0.08187943676170394,-1.7754894059691202,-0.44942016752053304
-0.22308528359726107,0.8085295981699814,0.965210730509047,-0.08251904127396324,-1.7796634133292115,-0.4499004094939775
-0.22112671475122328,0.8091981822761087,0.9686805874076593,-0.0831856375994099,-1.7837856159918097,-0.4503877925220897
-0.219046311136662,0.8098752398753729,0.9720689853480742,-0.08388404308887627,-1.7878344895905207,-0.4508819494910766
-0.21681663711335325,0.8105538285126551,0.9753502693509131,-0.08462073797955959,-1.7917774939200413,-0.45138202870489874
-0.2143987770603511,0.8112228493740788,0.9784833542267486,-0.08540470016452886,-1.7955625601620298,-0.4518861793714182
-0.21173572649901856,0.8118632441837316,0.9813970801753749,-0.08624859583223862,-1.7990997111627183,-0.45239026817938094
-0.2087431833258525,0.8124392328015209,0.9839559602694095,-0.08716984769147729,-1.802218220621843,-0.45288440194582547
-0.20531168976900713,0.8128772611028091,0.9858762255740674,-0.08818646755847018,-1.8045620881158426,-0.4533425442439388
-0.2014254037336464,0.8130314384094728,0.9865819613582715,-0.08927826470793106,-1.8054126695647918,-0.4536960059374177
-0.19756648435980165,0.8127582520548151,0.9854840734761205,-0.0902872096459621,-1.8040415511206833,-0.4538361929756337
-0.19437601616816874,0.81215915496869,0.9829568320148967,-0.09105178710879074,-1.8009236181811457,-0.4537576923513849
-0.19186308663564647,0.8114192803161369,0.9797244985717167,-0.09159961602205856,-1.7969646021191685,-0.45354561733111115
-0.189830992286567,0.8106328984497245,0.9761595340239081,-0.09200059629587262,-1.7926291298265093,-0.4532594230480054
-0.18813331823655838,0.8098392294176848,0.9724182673590717,-0.09230176361658216,-1.7881117035234602,-0.4529291515818929
-0.18667787355766918,0.8090559025450854,0.9685720819785463,-0.09253163225598642,-1.7835007680844361,-0.45257059253090154
-0.18540554850019067,0.808291686776164,0.9646574919292806,-0.0927081145722051,-1.7788412703446113,-0.45219282312600073
-0.18427668537124736,0.8075512914250571,0.9606950307862618,-0.09284307316000713,-1.7741582395910553,-0.451801494564304
-0.18326348006870274,0.806837374724249,0.9566971585134699,-0.0929447509932832,-1.7694666488218942,-0.4514003581421512
-0.18234566754971654,0.8061514596876554,0.9526718371881713,-0.09301911376548784,-1.764775879811704,-0.4509920261340389
-0.18150802006352643,0.805494422490514,0.9486244819402291,-0.09307062397922719,-1.7600921468600288,-0.45057840023149964
-0.1807387569415123,0.8048667202668035,0.9445587992776776,-0.09310271583858366,-1.7554195550578022,-0.45016089705280393
-0.18002858092825014,0.8042685616984829,0.9404775066977586,-0.09311809268858214,-1.750760984219135,-0.4497406106216192
-0.1793700042234247,0.803699985132195,0.9363826209345886,-0.09311892571590483,-1.7461184520491815,-0.44931840075979845
-0.17875689342611584,0.8031609112910845,0.9322756536993786,-0.09310698828566764,-1.7414933607657699,-0.44889495335949087
-0.17818415273005253,0.8026511797798949,0.9281577538239276,-0.09308374979193412,-1.7368866735630173,-0.4484708231911375
-0.17764749698399532,0.8021705752289316,0.9240298138166502,-0.0930504431615249,-1.7322990464705448,-0.4480464652976889
-0.17714328585228212,0.8017188463144841,0.9198925580983545,-0.09300811466338019,-1.7277309345732752,-0.4476222590992184
-0.17666839491941871,0.8012957151972749,0.9157465734105407,-0.09295766096466723,-1.7231826315855405,-0.4471985228352776
-0.17622011809764068,0.8009008841820376,0.911592330510882,-0.09289985712776587,-1.7186542967945388,-0.44677552433938933
-0.17579609334754454,0.8005340425711288,0.9074302082646226,-0.09283537832447007,-1.7141459871394369,-0.4463534903904413
-0.17539424390012537,0.8001948704313425,0.9032605058285321,-0.09276481667558309,-1.7096576719071293,-0.4459326131748852
-0.1750127350244006,0.7998830446792399,0.8990834884445378,-0.09268869526590558,-1.7051892844633587,-0.4455130591758368
-0.1746499390159552,0.7995982429540915,0.8948994298336777,-0.09260747972469673,-1.7007407681874183,-0.4450949767752894
-0.17430439150486016,0.7993401347688414,0.8907084650449142,-0.09252158397556769,-1.6963119211082163,-0.444678484319556
-0.17397477961923208,0.7991083935564668,0.8865107365806736,-0.09243137991024653,-1.6919025533298415,-0.4442636871034371
-0.17365991962207417,0.7989026957240059,0.8823063828380083,-0.09233720309043941,-1.6875124742974543,-0.4438506780190269
-0.17335873774166774,0.7987227198679399,0.8780955151445793,-0.09223935710311049,-1.6831414692910838,-0.4434395368729788
-0.17307025761973313,0.7985681483565756,0.8738782434815272,-0.09213811816730613,-1.678789326484707,-0.4430303342248677
-0.17279358654625143,0.7984386666729628,0.8696546543318645,-0.09203373801188472,-1.674455814210424,-0.4426231303435887
-0.17252790534610646,0.7983339640741737,0.8654248109487269,-0.09192644672197178,-1.670140681967847,-0.4422179762394475
-0.172272459103406,0.798253733770189,0.8611887424182837,-0.09181645483974606,-1.6658436491205335,-0.44181491342824686
-0.17202655490044033,0.7981976750188902,0.8569465315950866,-0.09170395779371392,-1.6615644953283104,-0.44141398309199803
-0.171789549675499,0.798165490839512,0.8526982247146688,-0.09158913538433186,-1.657302967715779,-0.4410152179780446
-0.17156084282132164,0.7981568890404986,0.8484437913268708,-0.09147215217202759,-1.6530587421728062,-0.4406186393253744
-0.171339883054676,0.7981715827890391,0.8441833425147486,-0.09135316482955878,-1.6488316410063393,-0.44022427767210354
-0.17112614867063006,0.7982092899717383,0.8399168440658996,-0.09123231546759815,-1.6446213467595918,-0.43983214651599817
-0.1709191557191882,0.7982697335295024,0.8356443415243482,-0.09110973891604875,-1.640427627477662,-0.439442263689518
-0.17071845008545267,0.79835264015196,0.8313658755657548,-0.09098556127900247,-1.6362502486545436,-0.4390546434968637
-0.17052360260303828,0.798457742503383,0.8270814376273058,-0.09085989950488539,-1.632088933903524,-0.4386692932998426
-0.17033420618485315,0.7985847803673424,0.8227909568741024,-0.09073286161799606,-1.6279433519874085,-0.43828621263700923
-0.170149881983448,0.798733494932981,0.8184944930385394,-0.09060455309026781,-1.6238133031827742,-0.4379054106722672
-0.16997027200450548,0.7989036300349315,0.8141921275602693,-0.09047507429977782,-1.6196986122120458,-0.4375268964203703
-0.16979502945357478,0.799094940530759,0.8098837720924292,-0.09034451523737715,-1.615598945914714,-0.43715066218473064
-0.16962382927644787,0.7993071812651574,0.8055694587408774,-0.0902129646849753,-1.611514091110338,-0.4367767093084835
-0.1694563585185412,0.799540115126748,0.8012491446106764,-0.09008050474780935,-1.6074437681331426,-0.4364050311771293
-0.16929232207794112,0.7997935035654683,0.7969228940322954,-0.08994721680389083,-1.6033878027335824,-0.4360356290706509
-0.16913143203371483,0.8000671200040007,0.7925906349772193,-0.08981317437838408,-1.5993458969828662,-0.4356684913721122
-0.1689734143144101,0.8003607385738838,0.7882523624766321,-0.08967844970885847,-1.5953178204900904,-0.4353036111324531
-0.16881800575409925,0.8006741358794353,0.7839080933885593,-0.08954311266613983,-1.591303367185519,-0.4349409821867044
-0.1686649510773833,0.8010070948158743,0.7795578106468085,-0.08940722928361121,-1.5873023035976657,-0.4345805945615083
-0.16851400397930044,0.8013594005875792,0.7752015189364705,-0.08927086374529895,-1.5833144202996567,-0.4342224392086246
-0.16836492256143032,0.8017308495002899,0.7708391377264054,-0.08913407525801884,-1.5793394341697526,-0.4338664993080727
-0.16821747550756716,0.8021212320414733,0.7664707045676882,-0.08899692463999576,-1.5753771739319975,-0.43351276697891133
-0.1680714344939335,0.8025303492659054,0.7620961772262385,-0.08885946832378795,-1.5714273995114965,-0.4331612271334681
-0.16792657918399004,0.8029579973941597,0.7577156036030387,-0.08872176387230767,-1.5674899558350135,-0.43281187125691056
-0.1677826876795116,0.8034039935987074,0.7533288549747864,-0.08858386178156066,-1.5635645329211618,-0.4324646761504384
-0.1676395496248366,0.803868134376537,0.7489360442073725,-0.08844581879057406,-1.559651040805301,-0.4321196372049664
-0.16749694884080849,0.804350247581479,0.7445370164522257,-0.088307682038179,-1.5557491542976976,-0.4317767281802353
-0.1673546800791172,0.8048501358934833,0.7401318828175572,-0.0881695059878943,-1.5518587879951817,-0.4314359431289028
-0.1672125318824916,0.8053676323092124,0.7357205119714115,-0.08803133661626014,-1.5479796453953456,-0.4310972567750269
-0.1670703008488724,0.8059025479445608,0.7313029908647681,-0.08789322600966856,-1.5441116256023713,-0.4307606601897413
-0.16692777840133546,0.8064547174058925,0.7268792341857956,-0.08775522027387105,-1.5402544796891116,-0.43042613077205144
-0.16678475638790904,0.8070239766013589,0.7224491782266468,-0.08761736576116583,-1.5364079815651683,-0.43009364723618204
-0.16664102914392415,0.807610151010957,0.7180128648638555,-0.0874797118168373,-1.5325719999958014,-0.42976319578941563
-0.1664963869400259,0.8082130788456857,0.7135702589588824,-0.08734230523422826,-1.528746339824446,-0.42943475639738066
-0.16635061898128384,0.8088325962668198,0.7091213623247112,-0.08720519394199476,-1.5249308407146833,-0.4291083113253105
-0.16620350941286682,0.8094685511688157,0.7046661135101556,-0.08706842406446316,-1.521125291088989,-0.4287838377671699
-0.16605484040909177,0.8101207868229989,0.700204505222006,-0.0869320437006282,-1.5173295287734005,-0.42846131646344326
-0.1659043890097771,0.8107891518489785,0.6957365119273153,-0.08679610085072051,-1.513543378849475,-0.42814072637350414
-0.1657519275762115,0.8114734944461152,0.6912621287096128,-0.08666064477293937,-1.5097666865982304,-0.42782204746602387
-0.1655972212085018,0.8121736698370732,0.686781321628593,-0.08652572465969266,-1.5059992754787717,-0.4275052571525115
-0.1654400273071174,0.8128895379079439,0.6822940449305402,-0.08639139035868812,-1.502240961911447,-0.4271903315438574
-0.1652800971026643,0.8136209512928941,0.6778003142815281,-0.08625769476972067,-1.498491616374919,-0.42687725053533
-0.16511716989606204,0.8143677763111254,0.6733000756812746,-0.08612469014876811,-1.4947510536960755,-0.4265659885893714
-0.16495097777865034,0.8151298655103587,0.6687933723519932,-0.08599243329289882,-1.491019171934774,-0.4262565262866037
-0.16478123570292583,0.8159070967458794,0.6642801109668285,-0.08586097892465752,-1.4872957584635293,-0.42594883416942264
-0.16460765093748245,0.8166993226660392,0.6597603587431077,-0.08573038868546468,-1.4835807355857562,-0.4256428930536628
-0.1644299091453277,0.8175064264819685,0.6552340196527603,-0.08560072203754104,-1.4798738935846498,-0.42533867190960845
-0.16424768556614697,0.8183282620788639,0.6507011749561771,-0.08547204644773913,-1.4761751702751664,-0.4250361508181842
-0.16406062907362395,0.8191647164670551,0.6461617327733514,-0.0853444277646378,-1.4724843641689898,-0.4247352973467856
-0.16386837120885256,0.82001565761237,0.6416157176338854,-0.08521793892804962,-1.4688013709250674,-0.4244360858399179
-0.16367051848115302,0.8208809567113036,0.6370631451940014,-0.0850926568965569,-1.4651260808042075,-0.42413848889587724
-0.16346664948178083,0.8217604867091195,0.6325040302646897,-0.0849686634730668,-1.461458385181137,-0.42384247778562106
-0.16325631161741125,0.8226541204864692,0.627938395859647,-0.08484604622830923,-1.45779818377909,-0.4235480228990002
-0.16303901373904142,0.8235617438314353,0.6233662075423957,-0.08472489754935243,-1.4541453322027496,-0.4232550893757964
-0.1628142303275117,0.8244832171746448,0.6187875658503105,-0.08460532065110628,-1.4504997955751668,-0.4229636492417724
-0.16258138291498894,0.8254184289501362,0.6142024373829519,-0.08448742353070901,-1.446861433823885,-0.42267366396585765
-0.16233984632136134,0.826367242060633,0.6096109205008252,-0.08437132716015461,-1.4432302130871997,-0.4223851011085951
-0.16208892979912226,0.8273295376457567,0.6050130291062678,-0.08425716137299565,-1.4396060339779584,-0.42209792030097537
-0.16182788025952397,0.8283051655814843,0.6004089296716454,-0.08414507255986746,-1.435988918477594,-0.42181208770379863
-0.1615558576857859,0.829293995430447,0.5957986958837194,-0.08403521963004144,-1.43237881633182,-0.4215275602002619
-0.16127192898259435,0.8302958867787552,0.5911824496763843,-0.08392778007873668,-1.4287757160714185,-0.421244293661998
-0.16097504980663271,0.8313106944853881,0.5865603344809031,-0.0838229524148007,-1.4251796237317582,-0.42096224059692083
-0.16066404846389312,0.8323382535536874,0.5819325814813282,-0.08372096141889011,-1.4215906139377863,-0.42068135333563483
-0.16033759615788415,0.8333783939884438,0.5772994387574509,-0.08362206120017734,-1.4180087742818506,-0.42040157865265215
-0.15999418092338497,0.8344309215836417,0.5726612542520431,-0.08352654288415273,-1.4144342690596274,-0.4201228614959351
-0.15963206678549569,0.8354956201237538,0.568018460670043,-0.08343474165464915,-1.4108673267049812,-0.4198451424059105
-0.15924923641397204,0.8365722659827515,0.5633715080514702,-0.08334704510437817,-1.407308187487785,-0.4195683514248309
-0.1588433420422471,0.8376605739956124,0.5587210923897632,-0.08326391018491182,-1.40375727784525,-0.41929241903608605
-0.15841161323930614,0.8387602083772724,0.5540680969594889,-0.08318587833351944,-1.4002151634392384,-0.4190172690377942
-0.15795073647806326,0.8398707812367744,0.5494135886052972,-0.08311359780627402,-1.396682544768623,-0.4187428135810526
-0.15745671154348725,0.840991796984357,0.5447590374867953,-0.0830478579449754,-1.3931604218523084,-0.4184689596518586
-0.15692463634346115,0.8421226151036194,0.5401064491680694,-0.08298963385660095,-1.3896501903442677,-0.4181956077400101
-0.15634838728694075,0.8432624154576398,0.5354584786852495,-0.08294015009003647,-1.3861537228736909,-0.4179226455623507
-0.15572018940584081,0.8444100576774297,0.5308189636275311,-0.0829009792375234,-1.3826737634117685,-0.41764996023358675
-0.15502991804616165,0.8455639532173587,0.5261933774638997,-0.08287418832955556,-1.3792142566126364,-0.41737743569257385
-0.15426404863952886,0.8467217476687255,0.5215900076484983,-0.08286257610505544,-1.375781213163974,-0.41710497559914406
-0.15340390415474361,0.8478798066093801,0.5170218414624519,-0.08287006680096262,-1.3723840899638309,-0.41683253725285835
-0.15242267744234084,0.8490321525323589,0.5125104895228377,-0.08290240463645021,-1.3690386636202823,-0.4165602276348838
-0.15128011109842066,0.8501681629903193,0.5080946985505632,-0.08296844793760122,-1.3657732621005245,-0.4162885545704942
-0.1499127905295579,0.8512670355554625,0.5038508707496315,-0.08308270545008146,-1.3626437782098906,-0.4160191478712956
-0.14821811168692015,0.8522830801969611,0.4999477305695028,-0.0832702508358695,-1.3597736438558397,-0.4157570418620052
-0.14605024519817475,0.8531062145463012,0.4967936407714213,-0.08357260837198716,-1.3574614123630595,-0.41551824901443385
-0.1433776091271421,0.8535135834245162,0.4952183203301032,-0.08402451933715836,-1.3563127365460046,-0.4153449776773748
-0.14060815126656054,0.8533679129104312,0.4957340561944395,-0.08456750420914796,-1.356699201301848,-0.41527881914431936
-0.13809912139936822,0.8528389061840486,0.49770653841309287,-0.08511329601499708,-1.358155097086737,-0.41529990907044956
-0.13586081575011608,0.8521103270088435,0.5004490920180973,-0.08563666174049801,-1.3601785233775048,-0.415373176227332
-0.13382552454993127,0.8512752394539861,0.5036145539843296,-0.0861384466123021,-1.3625162748513124,-0.41547830988456147
-0.13193857012321844,0.8503785575404657,0.5070358740784598,-0.08662316677332899,-1.3650467790409158,-0.4156047676457673
-0.13016265051426307,0.8494440502176661,0.5106249854943147,-0.0870947744199036,-1.3677060918476194,-0.41574670166278066
-0.12847227155462435,0.8484855274955451,0.5143309554458368,-0.0875562805727935,-1.3704573211457547,-0.41590059962906684
-0.12684951062306624,0.8475116705389055,0.5181219355920655,-0.08800993368401108,-1.3732774566724348,-0.4160642024519128
-0.12528132948697399,0.8465282726491639,0.5219768022917256,-0.08845743767374048,-1.376151278986255,-0.416235978017754
-0.12375795830281443,0.8455393951938095,0.5258808491453706,-0.08890010700327186,-1.3790682231990028,-0.41641484155959774
-0.12227189172349785,0.8445480075858297,0.529823407610177,-0.08933897270407881,-1.3820206519361848,-0.41659999753820415
-0.12081720757935512,0.8435563366643785,0.5337965516032952,-0.08977486574837204,-1.3850029125843346,-0.41679084892063956
-0.1193891498763375,0.842566103575629,0.5377942185460036,-0.09020846455744415,-1.3880106999455888,-0.4169869369406487
-0.11798384969612499,0.8415786810883941,0.5418116231648681,-0.09064032656743203,-1.3910406302544083,-0.417187900479691
-0.11659809672979665,0.8405951757504923,0.5458449580823134,-0.09107092093885233,-1.3940900254814466,-0.4173934530008443
-0.11522919736290396,0.8396164989250444,0.5498911306330411,-0.09150064577632235,-1.3971567228750685,-0.4176033637972662
-0.11387484621823162,0.8386433994230831,0.5539476492598526,-0.0919298486830505,-1.4002389946539722,-0.4178174482791084
-0.11253308952696475,0.8376765293077258,0.5580123664362895,-0.0923588235026288,-1.4033353575801586,-0.418035551721901
-0.11120223375619302,0.8367164475202569,0.5620834742344948,-0.0927878278692706,-1.4064445726198562,-0.4182575467570226
-0.10988077379158358,0.8357636208629056,0.5661595120184104,-0.09321709761024147,-1.409565653981517,-0.4184833324138404
-0.10856740205356126,0.8348184715657395,0.5702391734443454,-0.09364683701117765,-1.412697724112722,-0.4187128224567842
-0.10726096342694404,0.8338813768605525,0.5743213133536283,-0.09407722781012093,-1.4158400203573063,-0.4189459446952098
-0.10596041568809877,0.832952665973928,0.5784049669095898,-0.09450843776164711,-1.418991911246744,-0.4191826414060181
-0.10466483446764481,0.8320326440463923,0.5824892501444056,-0.09494061542623305,-1.4221528212078043,-0.4194228630989549
-0.10337335315000197,0.8311215658953475,0.5865734808146292,-0.09537390720868004,-1.4253223251371716,-0.41966657521596995
-0.10208522655057398,0.830219694540397,0.5906569212634425,-0.09580843365078708,-1.4284999501988314,-0.4199137425865582
-0.1007997490436923,0.8293272542273181,0.5947389904943267,-0.09624431473912837,-1.4316853406958605,-0.42016434167289013
-0.09951628681627575,0.8284444622783901,0.5988191236581395,-0.09668165738394274,-1.4348781496907035,-0.4204183519354004
-0.09823423984559868,0.8275715103010786,0.6028968603680914,-0.09712056686131643,-1.4380781084273813,-0.42067576107739024
-0.09695304857226919,0.8267085754807401,0.6069717961936905,-0.09756114337622109,-1.4412849892394923,-0.42093656201691587
-0.09567222495854458,0.8258558465434048,0.611043460610818,-0.09800347027155565,-1.4444985096811143,-0.42120074485286324
-0.0943912795355588,0.8250134791601776,0.6151115291793541,-0.09844763816947232,-1.4477184997806585,-0.4214683103484465
-0.09310974928491782,0.8241816191554255,0.6191757176518262,-0.09889373471752444,-1.4509448195869556,-0.42173926325681615
-0.09182722944739986,0.8233604261379925,0.6232356664776015,-0.09934183277644408,-1.4541772675086824,-0.4220136044527572
-0.09054331867214938,0.8225500404432403,0.6272911021583889,-0.09979200885583384,-1.4574157083228325,-0.42229134153624026
-0.08925764695932425,0.8217506036704622,0.6313417376374729,-0.10024433285477682,-1.4606599943374827,-0.42257248212908144
-0.08796984612009157,0.8209622422560661,0.6353873557521473,-0.10069887796773215,-1.46391003217138,-0.42285703957363563
-0.0866795815472261,0.8201850891306348,0.6394277006974397,-0.10115570911338505,-1.46716569639998,-0.423145025410901
-0.08538653098624355,0.8194192718326678,0.6434625374652768,-0.10161488998993319,-1.4704268765658948,-0.4234364533515927
-0.08409035772330738,0.818664898569565,0.6474917283761145,-0.10207649233076684,-1.4736935398835327,-0.4237313449669363
-0.08279077635941454,0.8179220980908743,0.6515150222457673,-0.10254057223811007,-1.4769655607189154,-0.4240297143478627
-0.08148747355295964,0.8171909745789727,0.655532295392832,-0.10300719809594645,-1.480242915878109,-0.4243315856979358
-0.08018017815747402,0.8164716488530821,0.6595433296231743,-0.10347642534287092,-1.4835255043982847,-0.4246369769074461
-0.07886861684222343,0.8157642336901011,0.663547945470638,-0.1039483120675061,-1.4868132557610794,-0.42494590936790805
-0.07755250948930055,0.8150688326725565,0.6675460115246814,-0.10442292050044819,-1.4901061379695617,-0.42525840884403987
-0.07623159334633155,0.8143855540069035,0.6715373670398788,-0.10490030817527839,-1.4934040943321736,-0.425574499539824
-0.07490560400865744,0.813714500910975,0.6755218765296277,-0.10538053458827053,-1.496707088126805,-0.42589420829375374
-0.0735743020273726,0.8130557856180181,0.6794993469784163,-0.10586365143365364,-1.5000150343228136,-0.42621755795508975
-0.07223741771104217,0.812409502200093,0.6834696902147052,-0.1063497224134804,-1.503327933931893,-0.426544580447514
-0.07089470840110816,0.8117757557171611,0.6874327488091894,-0.10683880239217314,-1.50664572982746,-0.426875302737019
-0.06954594674261985,0.8111546558010286,0.6913883300655158,-0.10733094147026169,-1.5099683339201206,-0.42720974927549643
-0.06819087002788514,0.8105462940750968,0.6953363522087507,-0.10782620331533482,-1.513295751215583,-0.4275479545518508
-0.06682923299981468,0.8099507690851856,0.6992766861465757,-0.10832464583649959,-1.5166279458781862,-0.42788994968584304
-0.06546078599881204,0.809368176628749,0.7032092176007949,-0.10882632904811704,-1.5199648940240782,-0.4282357677468533
-0.06408529361799958,0.8087986179184692,0.7071337915062575,-0.10933130812038157,-1.523306536418009,-0.4285854388414163
-0.06270251174403423,0.8082421898871899,0.7110502762756653,-0.10983964167320397,-1.5266528327980347,-0.4289389957073762
-0.06131220333680987,0.8076989919778548,0.714958516838491,-0.11035138590913487,-1.5300037218993023,-0.4292964695337502
-0.05991411776358236,0.8071691181627413,0.7188583910030866,-0.1108666020893216,-1.533359169601506,-0.42965789507570784
-0.05850800211468194,0.806652661942835,0.7227497750606989,-0.11138535229489034,-1.5367191396760702,-0.4300233076140373
-0.057093612962039755,0.8061497206544034,0.7266325096900529,-0.1119076949910039,-1.5400835641338457,-0.43039273969188996
-0.05567069580399233,0.8056603879742742,0.7305064551056625,-0.1124336925041532,-1.543452390640769,-0.4307662262504548
-0.0542390010749385,0.8051847597775722,0.7343714451614872,-0.11296340500109688,-1.5468255426938315,-0.4311438002592264
-0.05279826434531788,0.8047229275398838,0.7382273390953265,-0.11349689770795338,-1.5502029645228457,-0.4315254977127287
-0.051348207093683665,0.8042749793318682,0.7420740161757164,-0.11403424053138703,-1.553584616756318,-0.4319113572792633
-0.04988855999226195,0.8038410072742518,0.7459113115001627,-0.11457549934287078,-1.5569704199757164,-0.43230141389617444
-0.048419036431999206,0.803421099379468,0.7497390840948456,-0.11512074563815684,-1.5603603143124847,-0.43269570555690756
-0.04693936807363899,0.8030153498628974,0.7535571219039465,-0.1156700432603595,-1.5637541752488522,-0.433094263533554
-0.045449244582117555,0.802623842286458,0.757365295599247,-0.11622347059445415,-1.5671519497554718,-0.43349712828228376
-0.04394837484990874,0.8022466666910705,0.7611633974989375,-0.11678109774829237,-1.5705535132215145,-0.4339043327019774
-0.04243645531546443,0.8018839106563692,0.7649512211052042,-0.11734299813382151,-1.5739587395956343,-0.4343159103067135
-0.04091313839828123,0.80153565252299,0.7687286355034298,-0.11790926003735785,-1.5773675685956634,-0.434731903529987
-0.03937811847052251,0.8012019815975165,0.7724953678532978,-0.11847995453919327,-1.5807798096637167,-0.4351523399256465
-0.037831037734216116,0.8008829762910432,0.7762512339105005,-0.11905517026154135,-1.5841953492391787,-0.4355772573942488
-0.03627154970804389,0.8005787184659496,0.7799959773019547,-0.11963498958128702,-1.5876140053932026,-0.43600668639977547
-0.034699261639831044,0.8002892817679689,0.78372940448354,-0.12021950981228532,-1.5910356502401364,-0.43644066526877306
-0.033113809529669164,0.8000147459791387,0.7874512007227634,-0.12080881509059262,-1.594460041473133,-0.4368792189744652
-0.03151478954738223,0.7997551837552458,0.7911610891817654,-0.12140300156530923,-1.5978869671289249,-0.43732237737876456
-0.029901737212349466,0.7995106587591065,0.7948588696291352,-0.12200218478145058,-1.601316282177562,-0.4377701803815568
-0.028274233442765993,0.79928124219494,0.7985441677208238,-0.12260646002846924,-1.6047476760520294,-0.4382226477352295
-0.026631809028836002,0.7990669971427001,0.802216649515661,-0.12321593739263272,-1.6081808699753404,-0.4386798045878847
-0.02497395304083072,0.7988679808111383,0.8058759914007763,-0.12383073816422727,-1.611615589388063,-0.43914167819512384
-0.023300156614660474,0.798684249733936,0.8095217742254436,-0.1244509781649797,-1.6150514640451052,-0.43960828458574974
-0.021609841031188164,0.7985158510984838,0.8131536312309545,-0.12507679377394865,-1.6184881661358292,-0.44007964725954496
-0.01990241906176864,0.7983628295512225,0.8167711020626578,-0.12570831861432033,-1.62192527225191,-0.44055577861553424
-0.018177264756788714,0.7982252231327396,0.8203736865065652,-0.12634569399883672,-1.6253623126157,-0.4410366866207439
-0.016433707782972255,0.7981030623489161,0.8239608414596963,-0.12698907017951733,-1.6287987671677975,-0.4415223743961452
-0.014671013327423136,0.797996368393026,0.8275320043768795,-0.12763861274902616,-1.6322340870289762,-0.4420128434800573
-0.012888381200970543,0.7979051529727419,0.831086573133792,-0.12829450182447416,-1.6356676743431307,-0.44250809133901153
-0.011084986190233277,0.7978294192070181,0.8346238032115462,-0.12895691586599214,-1.639098781263318,-0.4430080969700252
-0.00925987288513744,0.7977691555426728,0.838142988436693,-0.12962606872780508,-1.6425266829593512,-0.4435128462703557
-0.007412054389389472,0.7977243387303675,0.8416432346442841,-0.130302171542772,-1.6459504563582277,-0.44402230019266625
-0.0055404463974501935,0.7976949287705479,0.8451235527018606,-0.13098545471611334,-1.6493690672152415,-0.44453640764395663
-0.0036437978515596555,0.7976808662936539,0.8485829391594986,-0.13167619043209594,-1.6527814473484026,-0.4450551179439906
-0.0017207885805791627,0.7976820712729541,0.8520201399524466,-0.1323746537866907,-1.6561862593730354,-0.4455783461171868
0.00023006965702304085,0.7976984377848351,0.8554337677906754,-0.1330811548550106,-1.6595820076191596,-0.44610599031843245
0.0022104278910306295,0.7977298295078112,0.8588222107067335,-0.13379603179425825,-1.6629669431333312,-0.4466379183867415
0.004222191434060053,0.7977760750017554,0.862183688007381,-0.13451967766127845,-1.6663391142192472,-0.4471739773786656
0.006267494723503736,0.7978369598130137,0.8655160782710465,-0.13525252346238273,-1.6696961883368315,-0.4477139676615859
0.008348765800996843,0.7979122168575775,0.8688168696628509,-0.13599505139800117,-1.673035393243357,-0.4482576358428249
0.01046882807327005,0.7980015156178722,0.872083117780096,-0.13674781828114702,-1.6763534643686895,-0.44880466984866235
0.012630954224908175,0.7981044452630768,0.8753112600276182,-0.13751145762556966,-1.6796464442693055,-0.44935467111621036
0.014839010212547268,0.7982204945260134,0.8784969782772537,-0.13828670781035782,-1.6829095264653624,-0.4499071355496179
0.01709760112454012,0.7983490221517848,0.8816349280791138,-0.1390744321593088,-1.6861367579405253,-0.45046141357259634
0.019412278972761328,0.7984892152407225,0.8847183645131155,-0.13987564813929593,-1.6893206273038408,-0.451016654510938
0.02178984662080654,0.7986400295425029,0.8877386068501093,-0.14069157063209067,-1.6924514755033884,-0.45157172672237617
0.024238825704499395,0.7988001022215443,0.8906842522239922,-0.1415236808854587,-1.6955166307621237,-0.4521251006116873
0.026770060982636172,0.7989676103122814,0.8935398041346532,-0.1423737916862559,-1.6984989110151627,-0.4526746384059387
0.029397645137026314,0.7991400402387635,0.8962834139217893,-0.1432441354534279,-1.7013741609654927,-0.4532172434927025
0.032140415726056,0.799313795518336,0.8988829663048747,-0.14413748803196275,-1.7041069914253038,-0.45374824656703505
0.03502402276665649,0.7994834585057813,0.9012884118357392,-0.14505718348289587,-1.7066424675612017,-0.4542601697476775
0.03808372512701123,0.799640326004089,0.9034161167522258,-0.14600676549502903,-1.7088891938417703,-0.45474013865441465
0.04136544734162999,0.799769264592267,0.9051138979407802,-0.14698783165032603,-1.7106816751555145,-0.45516387107238565
0.0449072153393683,0.7998419673430404,0.9060815745614806,-0.14798956743575487,-1.7116952941063173,-0.4554810713294123
0.04860839674911845,0.7998091616456149,0.9057591704759722,-0.14894617136327729,-1.7113288545994065,-0.45559005527792534
0.05192017736286605,0.7996364928460518,0.9036741168206651,-0.14967837970516037,-1.709084410957252,-0.4553832701424039
0.054319827490854414,0.7993792683531546,0.9003348599533294,-0.15008161977215728,-1.705521324138836,-0.45492355129169293
0.05594334695591158,0.7991053517981112,0.8964691771987764,-0.15024239607327755,-1.701425043740004,-0.45434276272796004
0.05705521694791488,0.7988431878692496,0.8924013702576836,-0.15025378233940073,-1.6971429020200897,-0.4537094972824094
0.057826859901160654,0.7986022876742686,0.8882490612451502,-0.15016974667062977,-1.6927996674517145,-0.4530523082370701
0.05835991227606775,0.7983858681302138,0.8840584959722393,-0.15002068130944768,-1.6884436777671346,-0.4523840887726874
0.0587172328304013,0.7981949450591617,0.8798498438145655,-0.14982481007484086,-1.6840955234485984,-0.4517113568552295
0.05893995590878105,0.7980296858075263,0.8756326204197206,-0.14959380971241762,-1.6797645425899048,-0.4510377325465341
0.05905639331686789,0.7978899058350752,0.8714115048775791,-0.1493355911374926,-1.6754550157178865,-0.4503653718090269
0.059086864699719174,0.797775272314685,0.8671888431724959,-0.14905576404471854,-1.671168815720724,-0.44969563294685133
0.059046465676455294,0.797685390821024,0.8629657213910519,-0.14875845155859432,-1.6669065387292619,-0.4490293979963899
0.05894673443576288,0.7976198489489864,0.8587426125110621,-0.14844678091001987,-1.662668178170576,-0.4483672653870219
0.05879670253036449,0.7975782339176324,0.854519609897216,-0.14812318090129167,-1.6584533665271954,-0.447709642952305
0.058603584991326896,0.797560142458732,0.8502966560661667,-0.14778958241103793,-1.6542616074394505,-0.4470568204654176
0.05837324093485123,0.7975651841291076,0.8460735102904035,-0.14744753983549025,-1.6500922444043176,-0.4464089894645265
0.058110502598760175,0.7975929837765584,0.8418499163064279,-0.147098330617583,-1.6459446269679745,-0.445766286471222
0.05781940548334413,0.7976431813470366,0.8376255852351876,-0.1467430158630624,-1.6418180922232146,-0.4451288025153581
0.05750335990004995,0.7977154311815593,0.833400244200871,-0.14638248962301253,-1.637712011491603,-0.4444965994666225
0.057165268505326314,0.7978094034673442,0.8291735345873553,-0.1460175038427276,-1.633625690367572,-0.4438697015038263
0.05680763757526156,0.7979247792870089,0.8249452217920725,-0.1456487118815095,-1.6295585698531312,-0.4432481312686564
0.05643263813765923,0.7980612529372407,0.8207150329402789,-0.1452766743868756,-1.6255100686154182,-0.44263188957263966
0.056042161063105556,0.7982185328018446,0.8164826451891293,-0.1449018734315614,-1.6214795716896448,-0.4420209569893192
0.05563787997994654,0.7983963335782274,0.8122478770614142,-0.14452474164725662,-1.6174666116217702,-0.44141532383487975
0.05522125979433826,0.7985943871759754,0.8080103905956133,-0.1441456455385514,-1.6134705845643522,-0.44081494919377284
0.0547936181216383,0.7988124278695953,0.8037700280906769,-0.1437649233727049,-1.609491068302192,-0.4402198105556911
0.05435612226162549,0.7990502040799696,0.7995265334938753,-0.14338286672728448,-1.6055275583315767,-0.4396298653846474
0.05390982867068098,0.7993074678408514,0.7952797503379754,-0.14299974354360626,-1.6015796529934176,-0.4390450799443408
0.053455682131656475,0.7995839835618646,0.7910294544571654,-0.1426157874503632,-1.5976468966251491,-0.4384654068349793
0.05299454426396661,0.7998795190587448,0.7867754961013408,-0.1422312142649823,-1.5937289111315396,-0.4378908052702147
0.052527189792143145,0.8001938545243308,0.7825176575574054,-0.1418462122034546,-1.5898252639572532,-0.43732122226971876
0.05205432876794451,0.8005267744137858,0.7782557693543545,-0.14146095502305017,-1.5859355749232966,-0.43675660893641644
0.051576616837313356,0.8008780649249276,0.7739897253486979,-0.14107560561301408,-1.582059528663629,-0.4361969225635596
0.05109464398049027,0.801247527057952,0.7697193183708618,-0.1406903030366045,-1.5781967248331115,-0.43564210537053705
0.05060895811310342,0.8016349639245525,0.7654443973626948,-0.14030517840298345,-1.5743468209782994,-0.43509210557709915
0.05012007160584786,0.8020401785799737,0.7611648760767398,-0.13992035704402547,-1.5705095390388346,-0.43454687843598777
0.04962845247862918,0.8024629844560957,0.7568806150521977,-0.1395359491077108,-1.5666845588002316,-0.4340063712602526
0.04913453193354788,0.8029032029481243,0.7525914532648943,-0.1391520535198646,-1.5628715467602758,-0.4334705278937927
0.04863871782518837,0.8033606543323781,0.748297294237575,-0.13876876665745186,-1.559070232399277,-0.43293929962150307
0.04814138182817824,0.8038351719563628,0.7439979674379672,-0.1383861707687446,-1.55528028496588,-0.4324126280469668
0.04764288799341173,0.8043265775830256,0.7396934514293766,-0.1380043546129143,-1.5515015100398726,-0.4318904725974938
0.047143555234857984,0.8048347198881165,0.7353835284090553,-0.13762338337547142,-1.5477335454905847,-0.43137276848465994
0.04664370087737547,0.8053594338310767,0.731068141426169,-0.13724333099911915,-1.5439761749999055,-0.4308594702232312
0.04614362170935587,0.8059005605597657,0.7267472138446609,-0.13686426462842488,-1.5402291690241545,-0.43035052963762643
0.045643589750377966,0.8064579544370587,0.7224205974733597,-0.13648624057243972,-1.536492240274687,-0.42984589003553403
0.0451438698356473,0.8070314656617207,0.7180882107072787,-0.1361093168697349,-1.532765163369587,-0.4293455025556904
0.04464471086271858,0.8076209511304168,0.7137499504236083,-0.13573354592727624,-1.529047698314419,-0.4288493158296635
0.04414634715144995,0.8082262746940962,0.7094056920899937,-0.13535897491628324,-1.5253395908214016,-0.4283572761646797
0.04364901470522498,0.8088472884111323,0.7050554213169847,-0.13498565740673343,-1.5216406841514634,-0.4278693423839337
0.043152919907948284,0.8094838724661965,0.700698950817786,-0.13461362929195034,-1.5179506780838132,-0.42738545399424893
0.042658279823347835,0.8101358860001261,0.6963362640378795,-0.13424293856317593,-1.514269420809703,-0.4269055697487445
0.042165288632306376,0.8108032109740324,0.6919672124878324,-0.13387361964701708,-1.5105966523790288,-0.4264296339701779
0.041674138659504686,0.8114857263597479,0.6875916924440673,-0.13350570875198833,-1.5069321542476413,-0.42595759622880247
0.04118502562397725,0.8121833007589759,0.683209685857464,-0.1331392473916685,-1.503275782603104,-0.4254894154769538
0.04069813097491507,0.8128958178871116,0.6788210962748871,-0.13277426875198417,-1.4996273308894794,-0.42502504235429583
0.04021362109238781,0.8136231804493941,0.6744257325788875,-0.13241079672193726,-1.4959865174394464,-0.4245644179034116
0.039731676681687055,0.8143652673221783,0.6700235686850209,-0.13204886758733744,-1.4923532006673008,-0.4241075008673648
0.039252476009571394,0.8151219578324143,0.6656145884215452,-0.1316885171493921,-1.4887272493374322,-0.42365425101138016
0.03877617395193727,0.8158931668684577,0.6611985851103271,-0.13132976459529833,-1.4851083784354777,-0.4232046087780726
0.03830294785399083,0.8166787729385222,0.6567755785214108,-0.13097264671570769,-1.4814964915466697,-0.42275853804333147
0.037832949109701024,0.8174786975909029,0.6523453601348745,-0.13061718105799575,-1.4778913084225167,-0.4223159798409379
0.037366348856399584,0.8182928308138256,0.6479079139301991,-0.1302634001221024,-1.4742927085182216,-0.4218768948546616
0.03690331553554375,0.8191210682969055,0.6434632030132424,-0.12991133412889827,-1.470700556289774,-0.42144124170808045
0.03644400337179172,0.819963334333957,0.6390110507740111,-0.12956100187726327,-1.4671146058537645,-0.42100896557177747
0.03598857684767695,0.8208195396410647,0.6345513687527873,-0.12921242899550242,-1.463534685329766,-0.4205800205933372
0.03553720594826812,0.821689589661953,0.6300841077711308,-0.12886564405610187,-1.459960656639254,-0.4201543648515229
0.03509005636704973,0.8225734043942522,0.6256091552862666,-0.12852067070499523,-1.4563923332373574,-0.4197319505237852
0.03464729984840331,0.8234709000165438,0.6211264305074067,-0.12817753522167427,-1.4528295563102207,-0.4193127329949975
0.034209110062772295,0.8243819981374156,0.616635836794707,-0.1278362629478271,-1.449272156706467,-0.41889666631102795
0.03377566404244195,0.8253066245777815,0.6121372683016828,-0.12749687897468748,-1.4457199603136628,-0.4184837038261596
0.033347145966692304,0.82624470283606,0.6076306414899305,-0.1271594106545313,-1.4421728128839948,-0.4180738010659019
0.032923738641262905,0.8271961746380951,0.6031157966442813,-0.12682388039615355,-1.4386305025993256,-0.41766690676916757
0.03250564553813322,0.8281609524962417,0.5985927231678058,-0.12649032258880302,-1.435092936799472,-0.4172629831839437
0.032093064848865295,0.8291389798922758,0.5940612735672285,-0.12615876248249747,-1.4315599176131284,-0.4168619802395269
0.03168620379948083,0.8301302023914183,0.5895213025229217,-0.12582922682289227,-1.4280312513835978,-0.41646384818368093
0.031285287149678674,0.8311345487346324,0.5849727516699597,-0.1255017501150976,-1.4245068141987338,-0.4160685448562309
0.030890545607347917,0.8321519614370784,0.5804155083751762,-0.12517636453254122,-1.420986441958123,-0.41567602319010294
0.030502219030682495,0.8331823934264307,0.5758494232332185,-0.1248531015290958,-1.417469944385635,-0.41528623284551397
0.030120564908262048,0.8342257897838978,0.5712743913930958,-0.12453199788730974,-1.4139571677470384,-0.41489912712731536
0.02974585660270092,0.8352820958142658,0.566690315238685,-0.12421309328568442,-1.410447965805865,-0.41451465962417744
0.029378384585898448,0.8363512584518193,0.5620970978196506,-0.12389643011424033,-1.406942194693932,-0.4141327835549908
0.02901845548992974,0.8374332353133317,0.5574946043268615,-0.12358205120541794,-1.4034396836110494,-0.4137534485089853
0.028666394314118777,0.8385279965296107,0.5528826560375373,-0.12326999992118565,-1.3999402306207316,-0.4133765999801154
0.028322552733629984,0.8396355080004061,0.5482611016891128,-0.12296032552176746,-1.3964436569992822,-0.41300218514440495
0.02798731806136911,0.8407557099351147,0.5436299042781471,-0.12265308929670922,-1.3929498722831595,-0.41263015956330645
0.027661093461778682,0.8418885936299775,0.5389888226842144,-0.12234834394762825,-1.389458633975054,-0.41226046139270645
0.027344327917788964,0.8430341157693682,0.5343377668154846,-0.12204615791729723,-1.3859698155394393,-0.4118930397969893
0.02703750309299307,0.8441922589039782,0.5296765485680943,-0.1217465997059987,-1.382483218927877,-0.41152783481887406
0.0267411509485044,0.8453629876296805,0.5250050598358919,-0.12144975037701723,-1.3789987080679107,-0.41116479120942884
0.026455846683416585,0.8465463005597187,0.520323064237923,-0.12115569130340287,-1.3755160534239343,-0.41080384190159824
0.026182231397794988,0.8477421709460061,0.5156304341250161,-0.12086452052436918,-1.372035108752387,-0.4104449261013186
0.025921010614493326,0.8489505881993423,0.5109269850522661,-0.12057634373194219,-1.3685556878215168,-0.4100879760456865
0.025672969812575237,0.8501715377912283,0.5062125550437965,-0.12029128103440345,-1.3650776233274908,-0.40973292262526473
0.025438988059697066,0.8514049951094441,0.5014870269116388,-0.12000947034009361,-1.3616007831070038,-0.40937969639727123
0.02522004350151513,0.8526509808628636,0.49675011649782375,-0.1197310574142043,-1.358124914624116,-0.40902821110975807
0.02501724697378697,0.8539094881656792,0.4920016526331493,-0.11945621591269132,-1.354649851132494,-0.4086783838247173
0.024831862163127896,0.8551804943197941,0.4872415286822189,-0.11918514815016337,-1.3511754754168257,-0.40833013002112384
0.024665326096699036,0.8564640267856621,0.4824694554958505,-0.1189180760635484,-1.3477015397312986,-0.40798334422578336
0.024519303100031524,0.8577600485821193,0.47768538888841533,-0.1186552717757144,-1.3442279774764954,-0.40763792951796013
0.024395718440779975,0.8590685678260385,0.4728891205839266,-0.11839704265151088,-1.3407546054659496,-0.4072937655854321
0.02429683004802544,0.8603895741258948,0.46808051392546496,-0.11814375515425467,-1.3372812956086864,-0.40695072305851465
0.024225311092806956,0.8617230326727884,0.46325952202299414,-0.11789584949714693,-1.333807987735671,-0.4066086609821175
0.024184360723820332,0.8630688822177406,0.45842619108775906,-0.11765385830989197,-1.3303346916982217,-0.4062674219693037
0.024177856860087943,0.8644270378075866,0.4535806464941937,-0.11741843156235945,-1.3268614772921004,-0.4059268243503286
0.02421057074336142,0.8657973326377186,0.44872329408612005,-0.11719038229061478,-1.3233886182981993,-0.4055866666937531
0.02428847243778946,0.8671795107553762,0.4438548347915796,-0.11697073849966481,-1.3199166019813071,-0.40524671491691905
0.024419181674034583,0.8685731425824746,0.4389765470940787,-0.1167608324009163,-1.3164463294307873,-0.404906701512516
0.024612653168997183,0.8699775108511104,0.4340906603375919,-0.11656243330438874,-1.3129793786340558,-0.40456632012328586
0.024882262249541223,0.8713914072470896,0.42920101996546517,-0.11637796171053331,-1.3095184722259139,-0.40422522174875875
0.025246594160359622,0.8728127032652856,0.4243144986730067,-0.11621085707432381,-1.3060684683330925,-0.40388302920692143
0.025732536334658794,0.8742374387843883,0.41944399387678044,-0.11606623950747867,-1.3026384605281798,-0.403539398088677
0.026380947385299572,0.8756578336501011,0.41461495727533704,-0.11595217116595823,-1.2992463420067282,-0.4031941944687769
0.027257436298941236,0.8770571411446337,0.40988232328609536,-0.11588226441360258,-1.2959306199285356,-0.4028481237186293
0.028472100372184637,0.8783950051221253,0.405378707434647,-0.11588125248674708,-1.292783987833244,-0.4025049853721178
0.03019821300314894,0.879564377760817,0.40145630038789404,-0.11599469807436652,-1.2900519190107165,-0.4021799743510195
0.03255226108828879,0.8803183416638926,0.39892776110221584,-0.11627970688034128,-1.2882989780088623,-0.401920128203653
0.03521358312703253,0.8804464914181763,0.3984831160093129,-0.11671364303780966,-1.2880009973673,-0.40178286850501305
0.03777320915483896,0.8800961332582834,0.39963164305312726,-0.11720493971874593,-1.2888132014924163,-0.4017537976700561
0.04014861489904846,0.8794799412971563,0.40166991350379827,-0.11770761335861306,-1.2902459586276533,-0.4017914437837475
0.042370611593664266,0.8787144937550273,0.4042134460249965,-0.11820937963957527,-1.2920323931056492,-0.40187005331627185
0.044475914498645464,0.8778581826834652,0.40707022048792785,-0.11870771000532271,-1.2940395187733436,-0.40197592148732686
0.046492133779573876,0.8769426374307782,0.41013654443320247,-0.11920255467426898,-1.2961956710060285,-0.4021013505703783
0.048439023461875626,0.8759865496778045,0.4133513370493713,-0.11969447480359688,-1.298458718445803,-0.40224167873182276
0.05033081577647102,0.8750018298834126,0.41667580485649897,-0.12018411229384644,-1.3008019523425305,-0.40239388721742686
0.05217807751491727,0.8739964942012907,0.4200839302446821,-0.1206720716430125,-1.3032074939183769,-0.40255591895593007
0.05398881907548026,0.872976208995088,0.4235573876391353,-0.12115887573907975,-1.305662773179214,-0.40272630923209557
0.05576924114389944,0.871945142331137,0.42708274460300805,-0.12164496447131738,-1.3081585924215826,-0.4029039769655594
0.057524294588633895,0.8709064274582122,0.4306499460085175,-0.1221307211543241,-1.3106880807244596,-0.40308810642063586
0.05925794215533411,0.8698625155798045,0.4342511521809288,-0.12261646280937569,-1.3132458892718406,-0.4032780616558766
0.06097348810688816,0.868815318471746,0.43788028211141494,-0.12310247652137007,-1.3158278801190089,-0.40347334580703403
0.06267362918304051,0.8677664112979956,0.44153233833157757,-0.12358899541296478,-1.318430655984984,-0.40367355407618905
0.06436065877822299,0.8667170740943438,0.44520328104845214,-0.12407622873822681,-1.3210514772610533,-0.40387835901820623
0.06603654511798088,0.8656683629029727,0.4488897961322258,-0.12456436444125583,-1.3236881022006681,-0.4040874926259253
0.06770295303043855,0.8646211851519267,0.4525890425972946,-0.12505356034601772,-1.3263386106051245,-0.4043007282938264
0.06936136118736484,0.8635762930654276,0.4562986851616197,-0.12554396685419517,-1.3290014302766002,-0.4045178798848446
0.07101304421057938,0.8625343458886711,0.4600166824086858,-0.12603571300207975,-1.3316751879559736,-0.40473878750831205
0.07265911643050696,0.8614959219695371,0.46374124918899207,-0.12652891232434302,-1.3343586841235273,-0.4049633136010438
0.07430060097450875,0.8604615061995095,0.4674709073069604,-0.127023678029658,-1.337050931306129,-0.40519134488611863
0.07593840020920756,0.8594315333653526,0.47120433500172504,-0.1275201098977948,-1.339751047240478,-0.4054227824829485
0.07757329729100151,0.8584064068407137,0.4749403018863979,-0.1280182909812864,-1.3424582087109922,-0.40565753701046103
0.07920604511752116,0.8573864587117359,0.47867781708605517,-0.12851831172012013,-1.3451717597455366,-0.4058955372930764
0.08083729520928912,0.8563720075046544,0.4824159219437422,-0.12902024593712783,-1.3478910624197966,-0.40613671695996856
0.08246766525613566,0.8553633266872898,0.48615380730355406,-0.12952416946216616,-1.350615582530031,-0.4063810214944252
0.08409770468789017,0.8543606750356547,0.4898907037949107,-0.13003014791038614,-1.353344810482449,-0.4066284008977409
0.08572793562447172,0.8533642787317322,0.49362594977983404,-0.1305382478691787,-1.3560783112671853,-0.40687881388994274
0.08735883607785956,0.8523743480477038,0.49735893103180345,-0.13104853057740679,-1.3588156809702063,-0.4071322237684791
0.08899086329200882,0.8513910684551078,0.5010891155879162,-0.13156105814381217,-1.3615565726955754,-0.4073886006267388
0.09062439217901659,0.8504146420345943,0.5048158974217932,-0.13207587332618315,-1.3643005819803076,-0.40764791041929677
0.09225984650046744,0.8494452125150748,0.5085388824981324,-0.13259303999220914,-1.3670474573425664,-0.40791013461024783
0.0938975665461124,0.8484829478498077,0.5122575751447477,-0.13311260083272203,-1.3697968699114078,-0.40817524835106067
0.09553790214532565,0.8475279875221772,0.5159715800314343,-0.13363460610050265,-1.3725485622688711,-0.40844323446395564
0.09718119347945112,0.8465804568015558,0.51968054923235,-0.1341591071149275,-1.375302309919941,-0.4087140798034422
0.09882773560438712,0.8456404892655223,0.5233840945413343,-0.1346861444918926,-1.3780578563365367,-0.40898776877397114
0.1004778379267444,0.8447081943721186,0.5270819149155554,-0.1352157667000632,-1.3808150076716756,-0.4092642925850599
0.10213178819955548,0.8437836799548474,0.5307737091421124,-0.13574801828098643,-1.383573568159456,-0.40954364285603645
0.10378984028207273,0.8428670601208169,0.53445914377558,-0.1362829355175093,-1.3863333160362987,-0.40982580903039595
0.10545224360327846,0.8419584397916438,0.5381379146130048,-0.13682055560148215,-1.3890940494072048,-0.4101107829095886
0.1071192805612766,0.8410578959059565,0.5418098244553538,-0.13736092851387705,-1.391855644994162,-0.41039856482146736
0.10879117541211968,0.8401655281133291,0.5454745779350696,-0.13790408739036195,-1.3946179042603484,-0.41068914766207676
0.11046815351512039,0.83928142698919,0.549131909665931,-0.13845006739245644,-1.3973806493851082,-0.41098252669890656
0.11215045656489578,0.8384056672183944,0.5527816137234878,-0.1389989105179679,-1.400143745856263,-0.4112787020485616
0.11383831034842133,0.8375383255318398,0.5564234701672974,-0.13955065497445915,-1.4029070471616822,-0.4115776728258291
0.1155319109657308,0.8366794879483513,0.5600572136008012,-0.14010533048567683,-1.4056703706997784,-0.41187943438929076
0.11723149318161513,0.8358292155466334,0.5636826777179714,-0.14066298046686923,-1.4084336076038906,-0.4121839902799488
0.11893728725066822,0.8349875676343946,0.5672996991775981,-0.1412236478216419,-1.4111966501277609,-0.4124913444444089
0.12064945186123102,0.834154634601826,0.5709079747301421,-0.14178735278006635,-1.413959282154779,-0.4128014888491009
0.12236821119707615,0.8333304707232392,0.5745073499175405,-0.1423541377456027,-1.4167213996144983,-0.4131144279816438
0.12409378689224215,0.8325151288776148,0.5780976716815784,-0.14292404488407107,-1.4194828983970584,-0.4134301665320137
0.1258263715011159,0.8317086731672257,0.5816787320182969,-0.14349710727159892,-1.4222436308312931,-0.41374870431598026
0.1275661102269213,0.830911186615174,0.5852502308754237,-0.14407334266639044,-1.4250033764632637,-0.41407003260628306
0.1293132687690803,0.830122694685552,0.5888121188557062,-0.14465280891033155,-1.4277621068147939,-0.41439416498046444
0.1310679885415984,0.8293432777980076,0.5923640933953545,-0.14523552290411307,-1.4305195963025208,-0.4147210919782536
0.1328305141680509,0.8285729685439824,0.5959060617055159,-0.14582153582119367,-1.4332757802694231,-0.41505082305643837
0.13460101994192405,0.8278118296768243,0.5994377869272979,-0.14641087547234136,-1.4360304808141544,-0.4153833542012949
0.13637968071142254,0.8270599221048273,0.6029590317464679,-0.1470035697134525,-1.4387835177001225,-0.4157186808636312
0.1381667435078872,0.8263172756283795,0.6064696971858834,-0.1475996702050589,-1.4415348172186089,-0.41605681137788303
0.13996234985530412,0.8255839636874244,0.6099694708215382,-0.14819919316420338,-1.444284136932487,-0.41639773325148405
0.14176677485355343,0.8248600046493446,0.6134582939572273,-0.148802198907409,-1.4470314316971435,-0.41674145822193454
0.14358015100960586,0.8241454746504963,0.616935822501214,-0.14940869968542772,-1.4497764302870144,-0.4170879696676761
0.14540271499939705,0.8234404079915516,0.6204019041642219,-0.15001874188953884,-1.4525190103651004,-0.4174372692992413
0.147234671091542,0.8227448524173107,0.6238563124296252,-0.1506323603609834,-1.45525898925844,-0.41778935099757647
0.1490762617169484,0.8220588420112263,0.6272988791032834,-0.1512496018657495,-1.4579962286047332,-0.41814421409244334
0.15092766062604046,0.821382437334983,0.6307292927188534,-0.1518704892433186,-1.460730474118566,-0.4185018425640577
0.1527891337398392,0.8207156659945521,0.6341473967260295,-0.15249507507853255,-1.4634615925412875,-0.4188622357823375
0.15466088654828977,0.8200585790741303,0.6375529039585123,-0.15312339049916132,-1.466189344331881,-0.4192253788190053
0.15654317815314525,0.8194112102024149,0.6409456046514198,-0.15375548322165541,-1.468913549415669,-0.41959126418675313
0.1584362151793199,0.8187736129003658,0.6443251717171797,-0.15439138185320347,-1.471633931112811,-0.4199598709564783
0.1603402378041173,0.8181458306900242,0.6476913147608193,-0.1550311245244183,-1.4743502392470602,-0.42033118109300976
0.16225553101385315,0.8175278947493274,0.6510437948504347,-0.1556747625165744,-1.4770622624792986,-0.4207051813310314
0.1641823663844428,0.8169198437082427,0.6543823180938325,-0.15632234053673505,-1.4797697424130671,-0.4210818514209325
0.16612101045804864,0.8163217206462299,0.6577065487679419,-0.15697389927119876,-1.4824723836441074,-0.4214611652770256
0.1680717309228004,0.8157335711054193,0.6610161176844908,-0.1576294772291853,-1.4851698601175145,-0.42184309167118694
0.1700348306689131,0.8151554332507417,0.6643106761703564,-0.15828912190136893,-1.4878618588826462,-0.42222760034067325
0.1720106582045163,0.814587336177692,0.6675899069493604,-0.15895289293563428,-1.4905480891934457,-0.422614663414325
0.17399949556543715,0.814029332603161,0.6708533335733752,-0.15962082418595144,-1.493228126156579,-0.42300423275938914
0.17600172886599866,0.8134814504851539,0.6741005978222855,-0.1602929805487914,-1.495901637538287,-0.4233962725652564
0.17801766764771113,0.8129437442726924,0.6773311577401308,-0.16096939695716944,-1.4985681355877007,-0.42379072311056193
0.18004772994139673,0.8124162448317112,0.6805445812922741,-0.16165013991117747,-1.5012272181546016,-0.42418753594226416
0.1820922939977456,0.8118990002904249,0.6837402999478546,-0.16233525722975523,-1.5038783652871504,-0.424586643741304
0.18415178857605302,0.8113920528276425,0.6869177447151511,-0.16302480767870273,-1.5065210508825648,-0.42498797664098
0.18622667643373025,0.8108954444348122,0.6900763088667301,-0.16371885467839453,-1.5091547115577333,-0.425391457477459
0.18831744412882603,0.8104092205727544,0.6932153208837261,-0.16441746203772759,-1.5117787235341273,-0.4257969980460861
0.19042462273506994,0.809933426582088,0.6963340627248036,-0.1651206998933733,-1.5143924171949705,-0.42620450108272334
0.19254876981189423,0.8094681133602258,0.6994317276853893,-0.16582863754789537,-1.5169950410903497,-0.4266138543969055
0.19469046346712773,0.8090133398588815,0.7025073958265041,-0.16654134016899882,-1.5195857401907031,-0.4270249269989441
0.19685037570805414,0.808569159405973,0.7055601189994012,-0.16725889158657392,-1.5221636264542393,-0.4274375799085461
0.19902921045503227,0.808135635607529,0.7085888061867436,-0.16798137180832182,-1.524727681333369,-0.42785165033419015
0.20122774338194374,0.8077128366789625,0.7115922515372378,-0.16870886794347886,-1.527276777946982,-0.4282669546482219
0.2034468235627148,0.8073008385867307,0.7145691012706892,-0.1694414720562004,-1.529809651612278,-0.42868328307436776
0.20568739493948196,0.8068997250846958,0.7175178401571602,-0.17017928493710147,-1.5323248866469197,-0.4291003968971059
0.2079505303166553,0.8065095869141222,0.7204367830099582,-0.170922423125551,-1.5348209073071626,-0.4295180263393174
0.21023736733977244,0.8061305388576646,0.7233239283382649,-0.17167099294438903,-1.5372958503816967,-0.4299358484064249
0.2148879493353267,0.8054064840868318,0.7289936029120526,-0.1731831142801933,-1.5421749331113215,-0.43077081748090706
