528.027079386475,-29.556466779786263,439.34471715897087,-0.003370402345661692,0.0029359791354031705,0.999990010157374
528.4098761948493,-29.074925656141744,439.34459354230495,-0.003370402345661692,0.0029359791354031705,0.999990010157374
528.9597268175241,-28.79910973771272,439.34563698077545,-0.003370402345661692,0.0029359791354031705,0.999990010157374
529.5364423835205,-28.58506593456692,439.34695232927186,-0.003370402345661692,0.0029359791354031705,0.999990010157374
530.1239327081828,-28.402667755040223,439.3483969052219,-0.003370402345661692,0.0029359791354031705,0.999990010157374
530.7172347408402,-28.24013681492203,439.34991939954483,-0.003370402345661692,0.0029359791354031705,0.999990010157374
531.3141592119197,-28.091485226555598,439.351494852959,-0.003370402345661692,0.0029359791354031705,0.999990010157374
531.9135644620277,-27.953185957636148,439.3531090621777,-0.003370402345661692,0.0029359791354031705,0.999990010157374
532.5147675808166,-27.82296263749016,439.35475304205164,-0.003370402345661692,0.0029359791354031705,0.999990010157374
533.1173392815942,-27.69924394116022,439.3564207322743,-0.003370402345661692,0.0029359791354031705,0.999990010157374
533.7210087532692,-27.580889166422242,439.3581078709827,-0.003370402345661692,0.0029359791354031705,0.999990010157374
534.3255271509937,-27.467052892880332,439.35981113729974,-0.003370402345661692,0.0029359791354031705,0.999990010157374
534.9307740050486,-27.35706865348164,439.36152816843713,-0.003370402345661692,0.0029359791354031705,0.999990010157374
535.536621413763,-27.25041542484179,439.36325700358134,-0.003370402345661692,0.0029359791354031705,0.999990010157374
536.1429701764288,-27.146671481750918,439.36499607019397,-0.003370402345661692,0.0029359791354031705,0.999990010157374
536.7497379686669,-27.045490222219605,439.36674407317963,-0.003370402345661692,0.0029359791354031705,0.999990010157374
537.3568886273827,-26.946577106125236,439.3685000258805,-0.003370402345661692,0.0029359791354031705,0.999990010157374
537.9643506441203,-26.84968991578236,439.37026297612886,-0.003370402345661692,0.0029359791354031705,0.999990010157374
538.572111969958,-26.754613646792123,439.37203225205985,-0.003370402345661692,0.0029359791354031705,0.999990010157374
539.1801401368567,-26.6611661834943,439.37380720954883,-0.003370402345661692,0.0029359791354031705,0.999990010157374
539.7883794890436,-26.569192804205056,439.37558720674747,-0.003370402345661692,0.0029359791354031705,0.999990010157374
540.3968296836343,-26.47854999621735,439.3773718211456,-0.003370402345661692,0.0029359791354031705,0.999990010157374
541.0054334158045,-26.389119043144664,439.3791605110485,-0.003370402345661692,0.0029359791354031705,0.999990010157374
541.6142004675461,-26.300784888009584,439.3809529716176,-0.003370402345661692,0.0029359791354031705,0.999990010157374
542.2231162055601,-26.213447610130945,439.3827488601643,-0.003370402345661692,0.0029359791354031705,0.999990010157374
542.8321885680562,-26.127013805224507,439.38454792920817,-0.003370402345661692,0.0029359791354031705,0.999990010157374
543.4413468045308,-26.041409448884345,439.38634972295284,-0.003370402345661692,0.0029359791354031705,0.999990010157374
544.0506086084583,-25.95655502101746,439.38815406756123,-0.003370402345661692,0.0029359791354031705,0.999990010157374
544.6599789541818,-25.87237896933301,439.3899607697211,-0.003370402345661692,0.0029359791354031705,0.999990010157374
545.2694170759934,-25.788821279461764,439.3917695158314,-0.003370402345661692,0.0029359791354031705,0.999990010157374
545.8789314337414,-25.705819647839768,439.3935801514818,-0.003370402345661692,0.0029359791354031705,0.999990010157374
546.4885083271256,-25.623318722381768,439.3953924679821,-0.003370402345661692,0.0029359791354031705,0.999990010157374
547.0981558621211,-25.541263572875355,439.39720633137733,-0.003370402345661692,0.0029359791354031705,0.999990010157374
547.7078794858517,-25.459602567609696,439.3990216084357,-0.003370402345661692,0.0029359791354031705,0.999990010157374
548.3176352677355,-25.378293162152165,439.40083802618096,-0.003370402345661692,0.0029359791354031705,0.999990010157374
548.92743092474,-25.29728801411551,439.4026554716253,-0.003370402345661692,0.0029359791354031705,0.999990010157374
549.5372730587223,-25.216541764014355,439.4044738338437,-0.003370402345661692,0.0029359791354031705,0.999990010157374
550.1471437176564,-25.136013819874282,439.4062929331518,-0.003370402345661692,0.0029359791354031705,0.999990010157374
550.7570431544929,-25.055662418939693,439.40811264778637,-0.003370402345661692,0.0029359791354031705,0.999990010157374
551.3669212091737,-24.975453422029528,439.40993270845314,-0.003370402345661692,0.0029359791354031705,0.999990010157374
551.9768292969723,-24.895340087505012,439.4117531512102,-0.003370402345661692,0.0029359791354031705,0.999990010157374
552.5867433003945,-24.815286152586996,439.41357378830327,-0.003370402345661692,0.0029359791354031705,0.999990010157374
553.1966649397322,-24.735252279234405,439.4153945100336,-0.003370402345661692,0.0029359791354031705,0.999990010157374
553.8065803867843,-24.655201282118234,439.4172151606177,-0.003370402345661692,0.0029359791354031705,0.999990010157374
554.4165055157137,-24.575091979537472,439.41903567264865,-0.003370402345661692,0.0029359791354031705,0.999990010157374
555.0263972711545,-24.494890625403798,439.42085580193225,-0.003370402345661692,0.0029359791354031705,0.999990010157374
555.6362707570597,-24.41455531785078,439.4226754763511,-0.003370402345661692,0.0029359791354031705,0.999990010157374
556.2461173909131,-24.334046526945606,439.42449455091827,-0.003370402345661692,0.0029359791354031705,0.999990010157374
556.8559428235035,-24.253321866948006,439.42631292023447,-0.003370402345661692,0.0029359791354031705,0.999990010157374
557.4657335535487,-24.1723402585665,439.42813041818533,-0.003370402345661692,0.0029359791354031705,0.999990010157374
558.0754838617904,-24.09105810634268,439.4299468974978,-0.003370402345661692,0.0029359791354031705,0.999990010157374
558.6851997548282,-24.009428458441235,439.43176224056583,-0.003370402345661692,0.0029359791354031705,0.999990010157374
559.294854391437,-23.927406655140782,439.4335762258014,-0.003370402345661692,0.0029359791354031705,0.999990010157374
559.9044452917864,-23.844942324655303,439.4353886969544,-0.003370402345661692,0.0029359791354031705,0.999990010157374
560.5139877969954,-23.76197978179764,439.437199542239,-0.003370402345661692,0.0029359791354031705,0.999990010157374
561.1234562711387,-23.678465562508695,439.4390085182799,-0.003370402345661692,0.0029359791354031705,0.999990010157374
561.7328325509469,-23.59434137711159,439.44081539271997,-0.003370402345661692,0.0029359791354031705,0.999990010157374
562.3421118990217,-23.50954264098358,439.4426199599713,-0.003370402345661692,0.0029359791354031705,0.999990010157374
562.9512847293782,-23.424000264113108,439.44442198487593,-0.003370402345661692,0.0029359791354031705,0.999990010157374
563.5603735624902,-23.337634576271725,439.44622130942514,-0.003370402345661692,0.0029359791354031705,0.999990010157374
564.1693114188046,-23.25037160435088,439.4480174906832,-0.003370402345661692,0.0029359791354031705,0.999990010157374
564.7781139058122,-23.16211751289551,439.44981030575224,-0.003370402345661692,0.0029359791354031705,0.999990010157374
565.3867526158145,-23.072775179128346,439.4515993737328,-0.003370402345661692,0.0029359791354031705,0.999990010157374
565.9952104941084,-22.98223456286369,439.45338431406407,-0.003370402345661692,0.0029359791354031705,0.999990010157374
566.6034581340641,-22.890374065016317,439.4551646706169,-0.003370402345661692,0.0029359791354031705,0.999990010157374
567.2114983995482,-22.79705111470635,439.4569400344546,-0.003370402345661692,0.0029359791354031705,0.999990010157374
567.8192840945823,-22.70211136280119,439.4587097933357,-0.003370402345661692,0.0029359791354031705,0.999990010157374
568.4267842231659,-22.605374473543797,439.46047331332284,-0.003370402345661692,0.0029359791354031705,0.999990010157374
569.0339589470223,-22.506632506112407,439.4622298496277,-0.003370402345661692,0.0029359791354031705,0.999990010157374
569.6407647066293,-22.40564198934738,439.4639785406023,-0.003370402345661692,0.0029359791354031705,0.999990010157374
570.2471494941616,-22.302115166032156,439.46571836609996,-0.003370402345661692,0.0029359791354031705,0.999990010157374
570.8530326893025,-22.195710616730914,439.46744805198466,-0.003370402345661692,0.0029359791354031705,0.999990010157374
571.458341799904,-22.086008934156183,439.469166122543,-0.003370402345661692,0.0029359791354031705,0.999990010157374
572.062936135429,-21.97250080735942,439.47087060824526,-0.003370402345661692,0.0029359791354031705,0.999990010157374
572.6666706677673,-21.85453798668704,439.47255911701683,-0.003370402345661692,0.0029359791354031705,0.999990010157374
573.2693343422408,-21.73128708950312,439.4742284906932,-0.003370402345661692,0.0029359791354031705,0.999990010157374
573.8706665429387,-21.60163395538657,439.4758745797005,-0.003370402345661692,0.0029359791354031705,0.999990010157374
574.4702315754121,-21.464054325563893,439.4774914403219,-0.003370402345661692,0.0029359791354031705,0.999990010157374
575.0673807519049,-21.31634164567728,439.47907040773447,-0.003370402345661692,0.0029359791354031705,0.999990010157374
575.6610206567091,-21.155101337540366,439.48059783014037,-0.003370402345661692,0.0029359791354031705,0.999990010157374
576.2490970592212,-20.97461603859911,439.4820499976618,-0.003370402345661692,0.0029359791354031705,0.999990010157374
576.8270034125572,-20.76381144712508,439.48337886998365,-0.003370402345661692,0.0029359791354031705,0.999990010157374
577.3803961265477,-20.49516758588812,439.48445530406696,-0.003370402345661692,0.0029359791354031705,0.999990010157374
577.8006482048456,-20.04594385072315,439.48455281211795,-0.003370402345661692,0.0029359791354031705,0.999990010157374
577.4385792969506,-19.548634395204264,439.4818723772591,-0.003370402345661692,0.0029359791354031705,0.999990010157374
576.8790568394,-19.29300678696793,439.4792360177947,-0.003370402345661692,0.0029359791354031705,0.999990010157374
576.2934816310965,-19.104579340093544,439.4767091494435,-0.003370402345661692,0.0029359791354031705,0.999990010157374
575.6981630725884,-18.94963256760572,439.4742477412973,-0.003370402345661692,0.0029359791354031705,0.999990010157374
575.0978279339008,-18.81543692960512,439.47183035059504,-0.003370402345661692,0.0029359791354031705,0.999990010157374
574.4944519009431,-18.69562266560984,439.46944493458915,-0.003370402345661692,0.0029359791354031705,0.999990010157374
573.8890617028828,-18.58648392885747,439.46708407340697,-0.003370402345661692,0.0029359791354031705,0.999990010157374
573.2822342948149,-18.485640656438235,439.4647427237539,-0.003370402345661692,0.0029359791354031705,0.999990010157374
572.6743328716894,-18.391461006789562,439.4624173186547,-0.003370402345661692,0.0029359791354031705,0.999990010157374
572.0656093766969,-18.302770503349443,439.4601052589946,-0.003370402345661692,0.0029359791354031705,0.999990010157374
571.4562423119638,-18.218689981226593,439.45780456516803,-0.003370402345661692,0.0029359791354031705,0.999990010157374
570.8463284309793,-18.13853663184949,439.4555135585447,-0.003370402345661692,0.0029359791354031705,0.999990010157374
570.2359759077654,-18.061775518903932,439.45323103314064,-0.003370402345661692,0.0029359791354031705,0.999990010157374
569.6252609553869,-17.987973591021557,439.4509559743848,-0.003370402345661692,0.0029359791354031705,0.999990010157374
569.0142334596816,-17.9167738343548,439.44868750221826,-0.003370402345661692,0.0029359791354031705,0.999990010157374
568.4029631340801,-17.84788191520928,439.4464249874397,-0.003370402345661692,0.0029359791354031705,0.999990010157374
567.7914411390935,-17.781041661332946,439.44416764813207,-0.003370402345661692,0.0029359791354031705,0.999990010157374
567.1797411115554,-17.71604321909739,439.4419151163517,-0.003370402345661692,0.0029359791354031705,0.999990010157374
566.5678647260589,-17.65269862315496,439.4396668458749,-0.003370402345661692,0.0029359791354031705,0.999990010157374
565.955820645542,-17.590844993741445,439.4374223876831,-0.003370402345661692,0.0029359791354031705,0.999990010157374
565.343653748927,-17.530342893995638,439.43518148365007,-0.003370402345661692,0.0029359791354031705,0.999990010157374
564.7313765149419,-17.471065955120235,439.4329438048146,-0.003370402345661692,0.0029359791354031705,0.999990010157374
564.1189929139343,-17.41290073852948,439.430709031502,-0.003370402345661692,0.0029359791354031705,0.999990010157374
563.5065042341919,-17.35574514968599,439.4284768683038,-0.003370402345661692,0.0029359791354031705,0.999990010157374
562.8939213131131,-17.29950778114686,439.4262470833738,-0.003370402345661692,0.0029359791354031705,0.999990010157374
562.281247608714,-17.244104859644953,439.42401944240805,-0.003370402345661692,0.0029359791354031705,0.999990010157374
561.6685258465384,-17.1894632177471,439.4217938745899,-0.003370402345661692,0.0029359791354031705,0.999990010157374
561.0557492025409,-17.135511295370033,439.41957014681856,-0.003370402345661692,0.0029359791354031705,0.999990010157374
560.442923256596,-17.082183929587753,439.4173480865815,-0.003370402345661692,0.0029359791354031705,0.999990010157374
559.8300253966887,-17.029418084884814,439.4151274325938,-0.003370402345661692,0.0029359791354031705,0.999990010157374
559.2170873496253,-16.977159348184927,439.4129081320312,-0.003370402345661692,0.0029359791354031705,0.999990010157374
558.6041267410561,-16.925355417348825,439.4106900907403,-0.003370402345661692,0.0029359791354031705,0.999990010157374
557.9911418045043,-16.87395525872997,439.4084731529322,-0.003370402345661692,0.0029359791354031705,0.999990010157374
557.3781248278141,-16.822909875464852,439.40625714875824,-0.003370402345661692,0.0029359791354031705,0.999990010157374
556.7650574593687,-16.77217156489917,439.40404187631015,-0.003370402345661692,0.0029359791354031705,0.999990010157374
556.15198248257,-16.72169950007354,439.4018273599184,-0.003370402345661692,0.0029359791354031705,0.999990010157374
555.5388835569966,-16.671449480941074,439.39961341473685,-0.003370402345661692,0.0029359791354031705,0.999990010157374
554.9257588927699,-16.62137977636859,439.39739991220983,-0.003370402345661692,0.0029359791354031705,0.999990010157374
554.3126114394363,-16.571450048626883,439.39518674384675,-0.003370402345661692,0.0029359791354031705,0.999990010157374
553.6995050292518,-16.521625671922216,439.3929740231286,-0.003370402345661692,0.0029359791354031705,0.999990010157374
553.0863779517106,-16.471862363287507,439.3907614120488,-0.003370402345661692,0.0029359791354031705,0.999990010157374
552.4732433024695,-16.42212226510822,439.3885488435951,-0.003370402345661692,0.0029359791354031705,0.999990010157374
551.8601130899191,-16.3723675549238,439.38633624719404,-0.003370402345661692,0.0029359791354031705,0.999990010157374
551.2469679325394,-16.32255778046116,439.38412343875325,-0.003370402345661692,0.0029359791354031705,0.999990010157374
550.633849265072,-16.272657141738506,439.38191045281667,-0.003370402345661692,0.0029359791354031705,0.999990010157374
550.0207412982267,-16.22262469167114,439.3796971159467,-0.003370402345661692,0.0029359791354031705,0.999990010157374
549.407630171515,-16.172418904402612,439.37748325950713,-0.003370402345661692,0.0029359791354031705,0.999990010157374
548.7945338878443,-16.121999902841793,439.37526882709614,-0.003370402345661692,0.0029359791354031705,0.999990010157374
548.181469825479,-16.071326580123444,439.37305375659577,-0.003370402345661692,0.0029359791354031705,0.999990010157374
547.568428267745,-16.02035413504522,439.37083788372024,-0.003370402345661692,0.0029359791354031705,0.999990010157374
546.9554193809275,-15.969037658731018,439.3686211108812,-0.003370402345661692,0.0029359791354031705,0.999990010157374
546.3424472857382,-15.917329677257687,439.36640331258354,-0.003370402345661692,0.0029359791354031705,0.999990010157374
545.7295001785898,-15.865178934134704,439.3641842985545,-0.003370402345661692,0.0029359791354031705,0.999990010157374
545.116605039798,-15.812534645729794,439.3619640106284,-0.003370402345661692,0.0029359791354031705,0.999990010157374
544.5037624993879,-15.759340532139404,439.3597422856904,-0.003370402345661692,0.0029359791354031705,0.999990010157374
543.8909544748249,-15.70553485535736,439.3575188815311,-0.003370402345661692,0.0029359791354031705,0.999990010157374
543.2782159948944,-15.651056134540033,439.35529373570455,-0.003370402345661692,0.0029359791354031705,0.999990010157374
542.6655602239525,-15.59583595355339,439.35306669171007,-0.003370402345661692,0.0029359791354031705,0.999990010157374
542.0529744106769,-15.539797647875528,439.35083748148236,-0.003370402345661692,0.0029359791354031705,0.999990010157374
541.4404701154341,-15.482859850416936,439.3486059050905,-0.003370402345661692,0.0029359791354031705,0.999990010157374
540.828039068999,-15.424931295567681,439.34637166670694,-0.003370402345661692,0.0029359791354031705,0.999990010157374
540.2157169083218,-15.365915442544818,439.34413460299925,-0.003370402345661692,0.0029359791354031705,0.999990010157374
539.6035351022391,-15.305704415560207,439.3418945033069,-0.003370402345661692,0.0029359791354031705,0.999990010157374
538.9914690586505,-15.244171637664731,439.33965091311273,-0.003370402345661692,0.0029359791354031705,0.999990010157374
538.3795384841709,-15.181179033546115,439.3374034934464,-0.003370402345661692,0.0029359791354031705,0.999990010157374
537.7677809249756,-15.116571459358951,439.33515191535116,-0.003370402345661692,0.0029359791354031705,0.999990010157374
537.1562125185259,-15.050168514485978,439.33289570355964,-0.003370402345661692,0.0029359791354031705,0.999990010157374
536.5448839384671,-14.9817652360592,439.3306344270914,-0.003370402345661692,0.0029359791354031705,0.999990010157374
535.9337958724898,-14.911115798804925,439.32836736651916,-0.003370402345661692,0.0029359791354031705,0.999990010157374
535.3230071443012,-14.837936367034361,439.3260938867605,-0.003370402345661692,0.0029359791354031705,0.999990010157374
534.7125766651411,-14.761886288464353,439.32381318621384,-0.003370402345661692,0.0029359791354031705,0.999990010157374
534.102562109488,-14.68255034075435,439.3215242401712,-0.003370402345661692,0.0029359791354031705,0.999990010157374
533.4930538996216,-14.59941823423321,439.3192258551802,-0.003370402345661692,0.0029359791354031705,0.999990010157374
532.8841644628549,-14.511847008047216,439.3169165224315,-0.003370402345661692,0.0029359791354031705,0.999990010157374
532.2760771636227,-14.419012920656208,439.3145944414309,-0.003370402345661692,0.0029359791354031705,0.999990010157374
531.6689687774053,-14.319811396969339,439.31225696494715,-0.003370402345661692,0.0029359791354031705,0.999990010157374
531.0632064549451,-14.212739659750538,439.30990091827164,-0.003370402345661692,0.0029359791354031705,0.999990010157374
530.4593143032291,-14.095627048269735,439.3075216947951,-0.003370402345661692,0.0029359791354031705,0.999990010157374
529.8581555637348,-13.965141706820623,439.3051124216612,-0.003370402345661692,0.0029359791354031705,0.999990010157374
529.261431586039,-13.81571917349284,439.3026624958525,-0.003370402345661692,0.0029359791354031705,0.999990010157374
528.6729163758076,-13.636681298430549,439.30015328627525,-0.003370402345661692,0.0029359791354031705,0.999990010157374
528.1042822496863,-13.402023219948006,439.2975477832318,-0.003370402345661692,0.0029359791354031705,0.999990010157374
527.6375022020595,-13.001366733447329,439.2947982001116,-0.003370402345661692,0.0029359791354031705,0.999990010157374
527.9282890237608,-12.459282019342963,439.29418671317865,-0.003370402345661692,0.0029359791354031705,0.999990010157374
528.4711585406021,-12.16996880041482,439.2951669940901,-0.003370402345661692,0.0029359791354031705,0.999990010157374
529.0456826355112,-11.950107945782213,439.296457877461,-0.003370402345661692,0.0029359791354031705,0.999990010157374
529.6321223578944,-11.764342388598891,439.29788902577394,-0.003370402345661692,0.0029359791354031705,0.999990010157374
530.2247964258349,-11.599572040112855,439.29940282866005,-0.003370402345661692,0.0029359791354031705,0.999990010157374
530.8213080135724,-11.449300621351272,439.3009721346416,-0.003370402345661692,0.0029359791354031705,0.999990010157374
531.4204178842039,-11.309765638048686,439.3025817202348,-0.003370402345661692,0.0029359791354031705,0.999990010157374
532.0214219255165,-11.178558131969865,439.3042221395526,-0.003370402345661692,0.0029359791354031705,0.999990010157374
532.6238415547793,-11.054037145302528,439.30588696169673,-0.003370402345661692,0.0029359791354031705,0.999990010157374
533.2273782611499,-10.93501665405498,439.3075716983788,-0.003370402345661692,0.0029359791354031705,0.999990010157374
533.8318001351344,-10.820614243288713,439.3092729771851,-0.003370402345661692,0.0029359791354031705,0.999990010157374
534.4369442087407,-10.710148049613412,439.31098824688576,-0.003370402345661692,0.0029359791354031705,0.999990010157374
535.0427000307014,-10.603076957678828,439.31271554649254,-0.003370402345661692,0.0029359791354031705,0.999990010157374
535.648983523624,-10.498964400396853,439.31445331086326,-0.003370402345661692,0.0029359791354031705,0.999990010157374
536.2557144551986,-10.397454379611164,439.3162002243666,-0.003370402345661692,0.0029359791354031705,0.999990010157374
536.8628179979066,-10.298251659135172,439.3179551679851,-0.003370402345661692,0.0029359791354031705,0.999990010157374
537.4702622064983,-10.201101967465151,439.31971728750614,-0.003370402345661692,0.0029359791354031705,0.999990010157374
538.077996955203,-10.105791945037568,439.3214857875585,-0.003370402345661692,0.0029359791354031705,0.999990010157374
538.6859916016333,-10.012135465970598,439.3232600183968,-0.003370402345661692,0.0029359791354031705,0.999990010157374
539.2942021569337,-9.919973036659226,439.3250393634849,-0.003370402345661692,0.0029359791354031705,0.999990010157374
539.902601141412,-9.829162742641305,439.32682331354215,-0.003370402345661692,0.0029359791354031705,0.999990010157374
540.5111763295511,-9.739577118750551,439.3286114531244,-0.003370402345661692,0.0029359791354031705,0.999990010157374
541.1199317874728,-9.65110035522825,439.3304034559179,-0.003370402345661692,0.0029359791354031705,0.999990010157374
541.7288299098236,-9.56363445862502,439.3321989074665,-0.003370402345661692,0.0029359791354031705,0.999990010157374
542.3378744992187,-9.477085353310107,439.33399754437994,-0.003370402345661692,0.0029359791354031705,0.999990010157374
542.94701643287,-9.391374913847688,439.33579897171603,-0.003370402345661692,0.0029359791354031705,0.999990010157374
543.5562803853935,-9.30642179752315,439.337603033816,-0.003370402345661692,0.0029359791354031705,0.999990010157374
544.1656489960855,-9.222156819600357,439.33940946903977,-0.003370402345661692,0.0029359791354031705,0.999990010157374
544.7750714185148,-9.138520670363238,439.341217931879,-0.003370402345661692,0.0029359791354031705,0.999990010157374
545.38458185216,-9.055446934922987,439.34302834260603,-0.003370402345661692,0.0029359791354031705,0.999990010157374
545.9941768394453,-8.97287841478009,439.3448405216321,-0.003370402345661692,0.0029359791354031705,0.999990010157374
546.6038264499352,-8.890764907895305,439.3466542206849,-0.003370402345661692,0.0029359791354031705,0.999990010157374
547.2135137817801,-8.809057366474065,439.34846923879326,-0.003370402345661692,0.0029359791354031705,0.999990010157374
547.8232801554558,-8.72770151771727,439.35028555587957,-0.003370402345661692,0.0029359791354031705,0.999990010157374
548.4330838822322,-8.646656379158278,439.35210291110997,-0.003370402345661692,0.0029359791354031705,0.999990010157374
549.0429038105204,-8.565880028897572,439.35392111011123,-0.003370402345661692,0.0029359791354031705,0.999990010157374
549.6527494574162,-8.485328030842728,439.35574005449536,-0.003370402345661692,0.0029359791354031705,0.999990010157374
550.2626410718889,-8.404955838388478,439.3575596817211,-0.003370402345661692,0.0029359791354031705,0.999990010157374
550.872563990661,-8.324724542534927,439.35937982812953,-0.003370402345661692,0.0029359791354031705,0.999990010157374
551.4824920194555,-8.244597524469615,439.36120029792147,-0.003370402345661692,0.0029359791354031705,0.999990010157374
552.0924038503358,-8.164538078972924,439.36302091151293,-0.003370402345661692,0.0029359791354031705,0.999990010157374
552.7023252796324,-8.084503672879755,439.3648416309712,-0.003370402345661692,0.0029359791354031705,0.999990010157374
553.3122423909014,-8.004457129549339,439.3666623002408,-0.003370402345661692,0.0029359791354031705,0.999990010157374
553.9221739417288,-7.924356913299857,439.3684828605939,-0.003370402345661692,0.0029359791354031705,0.999990010157374
554.532092575312,-7.844167262678093,439.3703031148301,-0.003370402345661692,0.0029359791354031705,0.999990010157374
555.1419782147453,-7.763850980201807,439.3721228860695,-0.003370402345661692,0.0029359791354031705,0.999990010157374
555.7518468303131,-7.68336541368282,439.37394210291166,-0.003370402345661692,0.0029359791354031705,0.999990010157374
556.3616794122532,-7.602671578115951,439.3757605868251,-0.003370402345661692,0.0029359791354031705,0.999990010157374
556.9714807473503,-7.52172615833199,439.37757822676963,-0.003370402345661692,0.0029359791354031705,0.999990010157374
557.5812608395647,-7.440483670984053,439.3793949229235,-0.003370402345661692,0.0029359791354031705,0.999990010157374
558.1909801107068,-7.358903500826473,439.3812104226443,-0.003370402345661692,0.0029359791354031705,0.999990010157374
558.8006473522428,-7.276936535798176,439.3830246113696,-0.003370402345661692,0.0029359791354031705,0.999990010157374
559.4102558936038,-7.194533306544575,439.3848373213742,-0.003370402345661692,0.0029359791354031705,0.999990010157374
560.0197908980264,-7.111642645411983,439.3866483524232,-0.003370402345661692,0.0029359791354031705,0.999990010157374
560.6292404579958,-7.028209747884671,439.38845750347645,-0.003370402345661692,0.0029359791354031705,0.999990010157374
561.2386337388386,-6.944170365142716,439.3902646841988,-0.003370402345661692,0.0029359791354031705,0.999990010157374
561.8479220719241,-6.859466570923699,439.3920695604837,-0.003370402345661692,0.0029359791354031705,0.999990010157374
562.4571250506906,-6.774025936185018,439.3938719857174,-0.003370402345661692,0.0029359791354031705,0.999990010157374
563.0662144299546,-6.68777679811785,439.3956716542986,-0.003370402345661692,0.0029359791354031705,0.999990010157374
563.6751762227176,-6.600638688360128,439.3974682828292,-0.003370402345661692,0.0029359791354031705,0.999990010157374
564.2839858588253,-6.5125246939484684,439.39926153332,-0.003370402345661692,0.0029359791354031705,0.999990010157374
564.8926269814467,-6.423337392642664,439.4010510646087,-0.003370402345661692,0.0029359791354031705,0.999990010157374
565.5010958311339,-6.33296643603851,439.4028365400405,-0.003370402345661692,0.0029359791354031705,0.999990010157374
566.1093940898464,-6.241287412439464,439.4046176000106,-0.003370402345661692,0.0029359791354031705,0.999990010157374
566.7174431485945,-6.148172400973591,439.4063936039956,-0.003370402345661692,0.0029359791354031705,0.999990010157374
567.3252694801954,-6.053458646758733,439.4081641633708,-0.003370402345661692,0.0029359791354031705,0.999990010157374
567.9328038357656,-5.956975157042456,439.40992854270104,-0.003370402345661692,0.0029359791354031705,0.999990010157374
568.5400176818221,-5.858516513004281,439.4116860427047,-0.003370402345661692,0.0029359791354031705,0.999990010157374
569.1468726598665,-5.757843728378164,439.4134358324311,-0.003370402345661692,0.0029359791354031705,0.999990010157374
569.7533166900504,-5.654675815819511,439.4151769113674,-0.003370402345661692,0.0029359791354031705,0.999990010157374
570.3592634989063,-5.548681110133911,439.41690801496236,-0.003370402345661692,0.0029359791354031705,0.999990010157374
570.9646400278824,-5.439452003148673,439.4186277002359,-0.003370402345661692,0.0029359791354031705,0.999990010157374
571.5693255194592,-5.326491200147028,439.42033410012107,-0.003370402345661692,0.0029359791354031705,0.999990010157374
572.1731925814423,-5.209168516518322,439.4220249350231,-0.003370402345661692,0.0029359791354031705,0.999990010157374
572.7760289252863,-5.086681392164659,439.42369713311405,-0.003370402345661692,0.0029359791354031705,0.999990010157374
573.3775580549035,-4.957965263909186,439.4253466369148,-0.003370402345661692,0.0029359791354031705,0.999990010157374
573.9773827302387,-4.821560657073172,439.4269678225233,-0.003370402345661692,0.0029359791354031705,0.999990010157374
574.5749129891676,-4.675369432792829,439.4285525413564,-0.003370402345661692,0.0029359791354031705,0.999990010157374
575.1691183915025,-4.516205653534739,439.4300879664419,-0.003370402345661692,0.0029359791354031705,0.999990010157374
575.7581355923414,-4.338770864349204,439.43155226118637,-0.003370402345661692,0.0029359791354031705,0.999990010157374
576.337872571808,-4.1330463726104885,439.4329022187323,-0.003370402345661692,0.0029359791354031705,0.999990010157374
576.8963789215607,-3.875206999960078,439.4340276100677,-0.003370402345661692,0.0029359791354031705,0.999990010157374
577.3596822949359,-3.470529681393768,439.43440100841036,-0.003370402345661692,0.0029359791354031705,0.999990010157374
577.0816835924902,-2.921781341792439,439.4318529018007,-0.003370402345661692,0.0029359791354031705,0.999990010157374
576.5276563024934,-2.6544649028926695,439.42920074494117,-0.003370402345661692,0.0029359791354031705,0.999990010157374
575.9436690294327,-2.461172621163737,439.4266649454278,-0.003370402345661692,0.0029359791354031705,0.999990010157374
575.3490870734354,-2.3034538266390046,439.424197881273,-0.003370402345661692,0.0029359791354031705,0.999990010157374
574.749172646387,-2.1674270814574346,439.4217765324063,-0.003370402345661692,0.0029359791354031705,0.999990010157374
574.1460704341273,-2.0462960351950565,439.41938817321164,-0.003370402345661692,0.0029359791354031705,0.999990010157374
573.5408561399964,-1.9361532693368024,439.41702495706437,-0.003370402345661692,0.0029359791354031705,0.999990010157374
572.9341615011315,-1.8345171602882466,439.4146817271264,-0.003370402345661692,0.0029359791354031705,0.999990010157374
572.3263655638699,-1.7396931868395946,439.4123547858204,-0.003370402345661692,0.0029359791354031705,0.999990010157374
571.7177296064223,-1.6504674569393005,439.41004144977063,-0.003370402345661692,0.0029359791354031705,0.999990010157374
571.1084056297176,-1.5659302588981545,439.4077395603651,-0.003370402345661692,0.0029359791354031705,0.999990010157374
570.4985595572546,-1.4853896571879401,439.40544764530995,-0.003370402345661692,0.0029359791354031705,0.999990010157374
569.8882389143541,-1.408289282872554,439.40316423128223,-0.003370402345661692,0.0029359791354031705,0.999990010157374
569.277578303723,-1.3341936500245122,439.40088849336144,-0.003370402345661692,0.0029359791354031705,0.999990010157374
568.666581952849,-1.262732716777778,439.39861935934994,-0.003370402345661692,0.0029359791354031705,0.999990010157374
568.0553181511447,-1.19360652452461,439.3963561787319,-0.003370402345661692,0.0029359791354031705,0.999990010157374
567.4438337813394,-1.1265606371619103,439.3940983624959,-0.003370402345661692,0.0029359791354031705,0.999990010157374
566.8321382555013,-1.0613745874348908,439.3918452950711,-0.003370402345661692,0.0029359791354031705,0.999990010157374
566.2202725593118,-0.997861817606202,439.38959656686194,-0.003370402345661692,0.0029359791354031705,0.999990010157374
565.6082271769442,-0.9358552140074178,439.3873516551488,-0.003370402345661692,0.0029359791354031705,0.999990010157374
564.9960499906066,-0.8752137740473116,439.3851103073308,-0.003370402345661692,0.0029359791354031705,0.999990010157374
564.3837848519078,-0.8158125718818889,439.38287230442376,-0.003370402345661692,0.0029359791354031705,0.999990010157374
563.7714115103247,-0.7575344014684962,439.38063723405645,-0.003370402345661692,0.0029359791354031705,0.999990010157374
563.1589125299602,-0.7002743012701528,439.3784047292945,-0.003370402345661692,0.0029359791354031705,0.999990010157374
562.5463511634583,-0.6439447701596551,439.3761747464227,-0.003370402345661692,0.0029359791354031705,0.999990010157374
561.9337033520327,-0.5884586014641275,439.37394694831306,-0.003370402345661692,0.0029359791354031705,0.999990010157374
561.3209954819316,-0.5337404659544489,439.37172120273146,-0.003370402345661692,0.0029359791354031705,0.999990010157374
560.7081923857946,-0.4797157559378522,439.3694971720997,-0.003370402345661692,0.0029359791354031705,0.999990010157374
560.0953626355022,-0.4263243637518026,439.3672749110583,-0.003370402345661692,0.0029359791354031705,0.999990010157374
559.4824957081296,-0.3735037659972824,439.36505420057125,-0.003370402345661692,0.0029359791354031705,0.999990010157374
558.8695646692489,-0.3211940931216364,439.3628347740802,-0.003370402345661692,0.0029359791354031705,0.999990010157374
558.2566026559807,-0.26934407150529216,439.360616592732,-0.003370402345661692,0.0029359791354031705,0.999990010157374
557.6436204161208,-0.21790343942090595,439.35839954518246,-0.003370402345661692,0.0029359791354031705,0.999990010157374
557.0305723125211,-0.16681979226470633,439.3561833237541,-0.003370402345661692,0.0029359791354031705,0.999990010157374
556.417523642008,-0.11605217027472714,439.3539680282677,-0.003370402345661692,0.0029359791354031705,0.999990010157374
555.8044631125953,-0.06555505791786198,439.3517534870301,-0.003370402345661692,0.0029359791354031705,0.999990010157374
555.191384049943,-0.015284903974001618,439.34953954967926,-0.003370402345661692,0.0029359791354031705,0.999990010157374
554.5782651480882,0.03480173766001449,439.3473260168467,-0.003370402345661692,0.0029359791354031705,0.999990010157374
553.9651207758495,0.0847443587702118,439.3451128210132,-0.003370402345661692,0.0029359791354031705,0.999990010157374
553.3519876315364,0.13457985726984256,439.34289997753564,-0.003370402345661692,0.0029359791354031705,0.999990010157374
552.738862147805,0.1843478406666328,439.3406873581025,-0.003370402345661692,0.0029359791354031705,0.999990010157374
552.1257277170578,0.23408860800826692,439.3384747884206,-0.003370402345661692,0.0029359791354031705,0.999990010157374
551.5125964502726,0.2838399769806048,439.33626219827613,-0.003370402345661692,0.0029359791354031705,0.999990010157374
550.8994817579974,0.33363971603496456,439.33404952198003,-0.003370402345661692,0.0029359791354031705,0.999990010157374
550.2863516373092,0.3835295507970844,439.3318365291617,-0.003370402345661692,0.0029359791354031705,0.999990010157374
549.6732354938849,0.43354669632376064,439.3296232096674,-0.003370402345661692,0.0029359791354031705,0.999990010157374
549.060140528876,0.48373086208207183,439.32740947118066,-0.003370402345661692,0.0029359791354031705,0.999990010157374
548.4470410942004,0.5341253830798386,439.32519510002453,-0.003370402345661692,0.0029359791354031705,0.999990010157374
547.83398626162,0.5847686239235439,439.3229801489533,-0.003370402345661692,0.0029359791354031705,0.999990010157374
547.2209264288199,0.6357085220582899,439.32076431004083,-0.003370402345661692,0.0029359791354031705,0.999990010157374
546.6079173428407,0.6869860056488906,439.3185476510135,-0.003370402345661692,0.0029359791354031705,0.999990010157374
545.994938060257,0.7386504004609686,439.316329956462,-0.003370402345661692,0.0029359791354031705,0.999990010157374
545.3820057680459,0.7907502253180215,439.3141111418622,-0.003370402345661692,0.0029359791354031705,0.999990010157374
544.7691105382326,0.8433390724494387,439.3118910164054,-0.003370402345661692,0.0029359791354031705,0.999990010157374
544.1562371389408,0.8964742691205425,439.3096693604401,-0.003370402345661692,0.0029359791354031705,0.999990010157374
543.5434382363618,0.9502109732661451,439.30744618953014,-0.003370402345661692,0.0029359791354031705,0.999990010157374
542.9306861980459,1.0046156402172206,439.3052212154287,-0.003370402345661692,0.0029359791354031705,0.999990010157374
542.3180064873607,1.0597550753096436,439.30299432781743,-0.003370402345661692,0.0029359791354031705,0.999990010157374
541.7054100492078,1.1157031335618033,439.30076534674646,-0.003370402345661692,0.0029359791354031705,0.999990010157374
541.0928928815682,1.1725418007112456,439.2985340180164,-0.003370402345661692,0.0029359791354031705,0.999990010157374
540.4804583153298,1.2303603294755328,439.29630009080716,-0.003370402345661692,0.0029359791354031705,0.999990010157374
539.8681369973991,1.2892546206546927,439.29406338684646,-0.003370402345661692,0.0029359791354031705,0.999990010157374
539.2559314635636,1.3493341178714013,439.29182359335374,-0.003370402345661692,0.0029359791354031705,0.999990010157374
538.6438334010062,1.4107223782292886,439.2895803195464,-0.003370402345661692,0.0029359791354031705,0.999990010157374
538.0319183856291,1.4735499161411727,439.28733343695677,-0.003370402345661692,0.0029359791354031705,0.999990010157374
537.4201488379896,1.5379773089766595,439.28508234746926,-0.003370402345661692,0.0029359791354031705,0.999990010157374
536.8085601521509,1.6041803695241885,439.2828266541895,-0.003370402345661692,0.0029359791354031705,0.999990010157374
536.1971873154525,1.6723625901776256,439.28056587758454,-0.003370402345661692,0.0029359791354031705,0.999990010157374
535.586067798202,1.7427615769971472,439.27829944633237,-0.003370402345661692,0.0029359791354031705,0.999990010157374
534.9752633115429,1.8156553762255467,439.27602675208027,-0.003370402345661692,0.0029359791354031705,0.999990010157374
534.3647877541049,1.8913832586930477,439.2737468455707,-0.003370402345661692,0.0029359791354031705,0.999990010157374
533.7547295306919,1.9703478108699506,439.27145884276916,-0.003370402345661692,0.0029359791354031705,0.999990010157374
533.1451616528811,2.0530495505685327,439.26916152023176,-0.003370402345661692,0.0029359791354031705,0.999990010157374
532.5362029762134,2.140113970226416,439.2668534421027,-0.003370402345661692,0.0029359791354031705,0.999990010157374
531.9280153857634,2.2323442805613274,439.2645327957715,-0.003370402345661692,0.0029359791354031705,0.999990010157374
531.3207926936637,2.3308070802136274,439.26219710292713,-0.003370402345661692,0.0029359791354031705,0.999990010157374
530.7148737169401,2.4369542605996246,439.25984324276516,-0.003370402345661692,0.0029359791354031705,0.999990010157374
530.1107420625275,2.552871529815022,439.25746672159505,-0.003370402345661692,0.0029359791354031705,0.999990010157374
529.5092379802819,2.681726311499838,439.25506107184276,-0.003370402345661692,0.0029359791354031705,0.999990010157374
528.9119233866312,2.828762539365512,439.2526161616138,-0.003370402345661692,0.0029359791354031705,0.999990010157374
528.3222226786784,3.0038592537748543,439.25011452767336,-0.003370402345661692,0.0029359791354031705,0.999990010157374
527.7502512339411,3.230273855806575,439.2475219793277,-0.003370402345661692,0.0029359791354031705,0.999990010157374
527.2572877654943,3.5982338778244505,439.2447801437595,-0.003370402345661692,0.0029359791354031705,0.999990010157374
527.4756497174634,4.173329287097729,439.2438276337567,-0.003370402345661692,0.0029359791354031705,0.999990010157374
528.0135832743928,4.471724998038852,439.2447646120576,-0.003370402345661692,0.0029359791354031705,0.999990010157374
528.5866657170757,4.695303146846404,439.2460397224249,-0.003370402345661692,0.0029359791354031705,0.999990010157374
529.1724320263294,4.883175659883511,439.2474624150016,-0.003370402345661692,0.0029359791354031705,0.999990010157374
529.7647206113746,5.049334468967397,439.2489708421103,-0.003370402345661692,0.0029359791354031705,0.999990010157374
530.3609828401806,5.200603081168305,439.2505363798751,-0.003370402345661692,0.0029359791354031705,0.999990010157374
530.9599200669109,5.340895878283379,439.2521431586353,-0.003370402345661692,0.0029359791354031705,0.999990010157374
531.5607916256474,5.472700876034381,439.2537813771885,-0.003370402345661692,0.0029359791354031705,0.999990010157374
532.1631015560837,5.597706152760571,439.25544440771995,-0.003370402345661692,0.0029359791354031705,0.999990010157374
532.7665464923008,5.717128498112003,439.25712765524963,-0.003370402345661692,0.0029359791354031705,0.999990010157374
533.3709101813538,5.831874070289871,439.2588277304225,-0.003370402345661692,0.0029359791354031705,0.999990010157374
533.9760191925211,5.942636816914452,439.2605420112655,-0.003370402345661692,0.0029359791354031705,0.999990010157374
534.5817330803824,6.0499627060831385,439.2622684214492,-0.003370402345661692,0.0029359791354031705,0.999990010157374
535.1879775883374,6.154297778763628,439.2640054011165,-0.003370402345661692,0.0029359791354031705,0.999990010157374
535.7946503791298,6.256000105433223,439.26575155404834,-0.003370402345661692,0.0029359791354031705,0.999990010157374
536.4017119752842,6.355375284127811,439.2675058499498,-0.003370402345661692,0.0029359791354031705,0.999990010157374
537.009121316072,6.4526794217792105,439.2692673984965,-0.003370402345661692,0.0029359791354031705,0.999990010157374
537.6168312696705,6.548129019897803,439.27103540518317,-0.003370402345661692,0.0029359791354031705,0.999990010157374
538.2247869325943,6.6419086245462235,439.27280914313235,-0.003370402345661692,0.0029359791354031705,0.999990010157374
538.8329887985552,6.734186331508992,439.27458812047735,-0.003370402345661692,0.0029359791354031705,0.999990010157374
539.4414040063136,6.825104534669033,439.276371808392,-0.003370402345661692,0.0029359791354031705,0.999990010157374
540.0499970338127,6.91478838582616,439.2781597197046,-0.003370402345661692,0.0029359791354031705,0.999990010157374
540.6587415659311,7.00335034912451,439.27995143552613,-0.003370402345661692,0.0029359791354031705,0.999990010157374
541.2676262800509,7.090893201178724,439.2817466159413,-0.003370402345661692,0.0029359791354031705,0.999990010157374
541.8766552429181,7.177511808804112,439.2835449961271,-0.003370402345661692,0.0029359791354031705,0.999990010157374
542.4858033882281,7.263288303901063,439.2853462504592,-0.003370402345661692,0.0029359791354031705,0.999990010157374
543.095040143125,7.348296815970151,439.287150058249,-0.003370402345661692,0.0029359791354031705,0.999990010157374
543.7044004446846,7.432614317448824,439.28895631125783,-0.003370402345661692,0.0029359791354031705,0.999990010157374
544.3138474132189,7.516302363258525,439.2907647044593,-0.003370402345661692,0.0029359791354031705,0.999990010157374
544.9233731428164,7.599421905247121,439.29257503225193,-0.003370402345661692,0.0029359791354031705,0.999990010157374
545.5329615126736,7.6820287605239095,439.29438707642214,-0.003370402345661692,0.0029359791354031705,0.999990010157374
546.1426024195505,7.76417610472126,439.29620064679335,-0.003370402345661692,0.0029359791354031705,0.999990010157374
546.752285863846,7.845914133837934,439.29801556228676,-0.003370402345661692,0.0029359791354031705,0.999990010157374
547.3620556944301,7.927297640853958,439.2998318098196,-0.003370402345661692,0.0029359791354031705,0.999990010157374
547.9718300315142,8.00836242433261,439.3016490083162,-0.003370402345661692,0.0029359791354031705,0.999990010157374
548.5816377963312,8.089157209251354,439.3034671121969,-0.003370402345661692,0.0029359791354031705,0.999990010157374
549.1914769782782,8.169725002047699,439.3052859884179,-0.003370402345661692,0.0029359791354031705,0.999990010157374
549.8013633785367,8.250109850557257,439.30710556091117,-0.003370402345661692,0.0029359791354031705,0.999990010157374
550.4112832984317,8.330350861871121,439.30892566868744,-0.003370402345661692,0.0029359791354031705,0.999990010157374
551.0211974826517,8.410482992613565,439.3107460768062,-0.003370402345661692,0.0029359791354031705,0.999990010157374
551.6311078745574,8.490546039084322,439.31256667497524,-0.003370402345661692,0.0029359791354031705,0.999990010157374
552.2410290634571,8.570581081377721,439.31438739175536,-0.003370402345661692,0.0029359791354031705,0.999990010157374
552.8509470367852,8.650625286971392,439.3162080707942,-0.003370402345661692,0.0029359791354031705,0.999990010157374
553.4608466534836,8.730715724876402,439.3180285522246,-0.003370402345661692,0.0029359791354031705,0.999990010157374
554.0707496597769,8.810894568960375,439.3198487855181,-0.003370402345661692,0.0029359791354031705,0.999990010157374
554.6806416482036,8.891199722204233,439.32166861083186,-0.003370402345661692,0.0029359791354031705,0.999990010157374
555.2905259806117,8.971672122217976,439.3234879193036,-0.003370402345661692,0.0029359791354031705,0.999990010157374
555.9003498682637,9.052346206016708,439.32530643190483,-0.003370402345661692,0.0029359791354031705,0.999990010157374
556.5101436347877,9.133268548090502,439.3271241140963,-0.003370402345661692,0.0029359791354031705,0.999990010157374
557.1198997384063,9.21448216145486,439.3289408141724,-0.003370402345661692,0.0029359791354031705,0.999990010157374
557.7296202420122,9.296033061558644,439.3307564039843,-0.003370402345661692,0.0029359791354031705,0.999990010157374
558.3392941733931,9.377967563388266,439.3325707105695,-0.003370402345661692,0.0029359791354031705,0.999990010157374
558.9489200530522,9.460335642968404,439.33438358221156,-0.003370402345661692,0.0029359791354031705,0.999990010157374
559.5584666223895,9.543186014671518,439.3361947705294,-0.003370402345661692,0.0029359791354031705,0.999990010157374
560.1679572118294,9.626578027822779,439.33800417990676,-0.003370402345661692,0.0029359791354031705,0.999990010157374
560.7773594007429,9.710567176660208,439.33981153814034,-0.003370402345661692,0.0029359791354031705,0.999990010157374
561.3866741033306,9.795217830987253,439.34161665932123,-0.003370402345661692,0.0029359791354031705,0.999990010157374
561.9958866404593,9.88059722256408,439.34341929658115,-0.003370402345661692,0.0029359791354031705,0.999990010157374
562.6049922917799,9.96677978977505,439.3452192154588,-0.003370402345661692,0.0029359791354031705,0.999990010157374
563.2139598910826,10.053842971831264,439.3470160835484,-0.003370402345661692,0.0029359791354031705,0.999990010157374
563.8227733551271,10.141874175269416,439.348809590016,-0.003370402345661692,0.0029359791354031705,0.999990010157374
564.4314432263722,10.230973958747983,439.35059947515316,-0.003370402345661692,0.0029359791354031705,0.999990010157374
565.0399348117516,10.3212472345168,439.3523853140059,-0.003370402345661692,0.0029359791354031705,0.999990010157374
565.6482164333464,10.412812172005625,439.35416665285953,-0.003370402345661692,0.0029359791354031705,0.999990010157374
566.2562757820634,10.505805259522635,439.3559430494959,-0.003370402345661692,0.0029359791354031705,0.999990010157374
566.8641067745956,10.600382664629553,439.3577140249026,-0.003370402345661692,0.0029359791354031705,0.999990010157374
567.4716805363917,10.696719759245141,439.3594789668663,-0.003370402345661692,0.0029359791354031705,0.999990010157374
568.078943061049,10.795015624043863,439.3612371088592,-0.003370402345661692,0.0029359791354031705,0.999990010157374
568.6858322572792,10.895502248029697,439.36298756048507,-0.003370402345661692,0.0029359791354031705,0.999990010157374
569.2922920767372,10.998455777787248,439.3647293220678,-0.003370402345661692,0.0029359791354031705,0.999990010157374
569.8982883971848,11.104211686809155,439.3664612936475,-0.003370402345661692,0.0029359791354031705,0.999990010157374
570.5037036854757,11.21316319023392,439.3681819246032,-0.003370402345661692,0.0029359791354031705,0.999990010157374
571.1084513269095,11.32580470542585,439.3698894713922,-0.003370402345661692,0.0029359791354031705,0.999990010157374
571.7123931268596,11.442752102052374,439.3715816600396,-0.003370402345661692,0.0029359791354031705,0.999990010157374
572.3153239856229,11.56479164290698,439.373255490796,-0.003370402345661692,0.0029359791354031705,0.999990010157374
572.9169796423872,11.692964193496096,439.37490701699704,-0.003370402345661692,0.0029359791354031705,0.999990010157374
573.5169664172507,11.8286889975118,439.3765307448584,-0.003370402345661692,0.0029359791354031705,0.999990010157374
574.1147151649451,11.97400028616892,439.3781187835924,-0.003370402345661692,0.0029359791354031705,0.999990010157374
574.709235442091,12.131968783948217,439.37965877929986,-0.003370402345661692,0.0029359791354031705,0.999990010157374
575.2987660053846,12.307662495719331,439.3811299161177,-0.003370402345661692,0.0029359791354031705,0.999990010157374
575.8795050632816,12.510543298028578,439.38249160020104,-0.003370402345661692,0.0029359791354031705,0.999990010157374
576.4406699668771,12.762562059507568,439.3836430413857,-0.003370402345661692,0.0029359791354031705,0.999990010157374
576.9219737136509,13.145653887479959,439.38414048401836,-0.003370402345661692,0.0029359791354031705,0.999990010157374
576.6997671210036,13.719273286522187,439.38170739950385,-0.003370402345661692,0.0029359791354031705,0.999990010157374
576.149287916407,13.993828839170284,439.37904594713984,-0.003370402345661692,0.0029359791354031705,0.999990010157374
575.5662572211976,14.19000997297346,439.37650489001675,-0.003370402345661692,0.0029359791354031705,0.999990010157374
574.9720940805287,14.349349829080825,439.37403447800176,-0.003370402345661692,0.0029359791354031705,0.999990010157374
574.3724179670987,14.486436012306454,439.3716108218368,-0.003370402345661692,0.0029359791354031705,0.999990010157374
573.7694614514326,14.608325821251913,439.36922072596946,-0.003370402345661692,0.0029359791354031705,0.999990010157374
573.1643471667542,14.719043099420592,439.36685616012477,-0.003370402345661692,0.0029359791354031705,0.999990010157374
572.557738158907,14.82112988252829,439.36451189561774,-0.003370402345661692,0.0029359791354031705,0.999990010157374
571.9500004101492,14.916321012936457,439.36218407245644,-0.003370402345661692,0.0029359791354031705,0.999990010157374
571.3414100027609,15.00585157816731,439.35986999493105,-0.003370402345661692,0.0029359791354031705,0.999990010157374
570.7321408993331,15.090643884591191,439.35756754147206,-0.003370402345661692,0.0029359791354031705,0.999990010157374
570.1223090685946,15.171407379814678,439.3552750200005,-0.003370402345661692,0.0029359791354031705,0.999990010157374
569.5120193628896,15.248698398834277,439.3529911505102,-0.003370402345661692,0.0029359791354031705,0.999990010157374
568.9013670744706,15.322963065320938,439.3507149443546,-0.003370402345661692,0.0029359791354031705,0.999990010157374
568.2904082221238,15.394569466038622,439.34844550963584,-0.003370402345661692,0.0029359791354031705,0.999990010157374
567.6791753306206,15.463825172780748,439.34618205294294,-0.003370402345661692,0.0029359791354031705,0.999990010157374
567.0676974844343,15.530989032327216,439.34392391232717,-0.003370402345661692,0.0029359791354031705,0.999990010157374
566.4560307930535,15.596278413973598,439.3416706387036,-0.003370402345661692,0.0029359791354031705,0.999990010157374
565.8441903282677,15.659884363015438,439.3394217219603,-0.003370402345661692,0.0029359791354031705,0.999990010157374
565.2321648667717,15.721975471505107,439.33717662928217,-0.003370402345661692,0.0029359791354031705,0.999990010157374
564.6200066656769,15.782693368521553,439.3349351209742,-0.003370402345661692,0.0029359791354031705,0.999990010157374
564.0077291339691,15.842166810889408,439.33269686419936,-0.003370402345661692,0.0029359791354031705,0.999990010157374
563.3953440598993,15.900510580719649,439.330461561688,-0.003370402345661692,0.0029359791354031705,0.999990010157374
562.7828593649906,15.957827950508113,439.32822893693026,-0.003370402345661692,0.0029359791354031705,0.999990010157374
562.1702851715471,16.01421194049834,439.3259987509344,-0.003370402345661692,0.0029359791354031705,0.999990010157374
561.5576366559745,16.069746586543435,439.3237708081216,-0.003370402345661692,0.0029359791354031705,0.999990010157374
560.9449300219154,16.1245085725594,439.3215449379605,-0.003370402345661692,0.0029359791354031705,0.999990010157374
560.3321517844852,16.17857096092737,439.31932088048944,-0.003370402345661692,0.0029359791354031705,0.999990010157374
559.7193372747929,16.23199710543705,439.31709856878246,-0.003370402345661692,0.0029359791354031705,0.999990010157374
559.106464090654,16.284850774632066,439.3148777401093,-0.003370402345661692,0.0029359791354031705,0.999990010157374
558.4935359836342,16.337189398182915,439.3126582385005,-0.003370402345661692,0.0029359791354031705,0.999990010157374
557.8805794505191,16.38906502153396,439.31044000045586,-0.003370402345661692,0.0029359791354031705,0.999990010157374
557.267599169635,16.440528583694622,439.308222892186,-0.003370402345661692,0.0029359791354031705,0.999990010157374
556.6545481653357,16.49163273711536,439.3060066007745,-0.003370402345661692,0.0029359791354031705,0.999990010157374
556.0415151420005,16.542416619572197,439.303791310285,-0.003370402345661692,0.0029359791354031705,0.999990010157374
555.4284728658804,16.592927183462667,439.30157679107515,-0.003370402345661692,0.0029359791354031705,0.999990010157374
554.8153944923843,16.64320971598534,439.2993628197035,-0.003370402345661692,0.0029359791354031705,0.999990010157374
554.202279139543,16.693306048934925,439.2971492703788,-0.003370402345661692,0.0029359791354031705,0.999990010157374
553.5891367556401,16.743256090102967,439.2949360594615,-0.003370402345661692,0.0029359791354031705,0.999990010157374
552.9760007754054,16.793097042065025,439.2927231904143,-0.003370402345661692,0.0029359791354031705,0.999990010157374
552.3628762624871,16.842867838927152,439.29051056599286,-0.003370402345661692,0.0029359791354031705,0.999990010157374
551.7497420120363,16.892609169095934,439.28829799526613,-0.003370402345661692,0.0029359791354031705,0.999990010157374
551.136610217534,16.942358846548004,439.28608540830936,-0.003370402345661692,0.0029359791354031705,0.999990010157374
550.5234940787245,16.99215464787386,439.283872738699,-0.003370402345661692,0.0029359791354031705,0.999990010157374
549.9103758439195,17.042037116369883,439.2816598075687,-0.003370402345661692,0.0029359791354031705,0.999990010157374
549.2972555934841,17.092045818845598,439.2794464990208,-0.003370402345661692,0.0029359791354031705,0.999990010157374
548.6841708377164,17.14221794387589,439.2772328302954,-0.003370402345661692,0.0029359791354031705,0.999990010157374
548.0710996225125,17.19259644416157,439.2750186012881,-0.003370402345661692,0.0029359791354031705,0.999990010157374
547.4580515924333,17.243222846812735,439.2728037225814,-0.003370402345661692,0.0029359791354031705,0.999990010157374
546.8450221255904,17.294141273056212,439.2705880490571,-0.003370402345661692,0.0029359791354031705,0.999990010157374
546.2320134369908,17.345396989660657,439.26837145527713,-0.003370402345661692,0.0029359791354031705,0.999990010157374
545.6190305584042,17.397037045899612,439.2661538200638,-0.003370402345661692,0.0029359791354031705,0.999990010157374
545.0060787136246,17.44911083704872,439.2639350159986,-0.003370402345661692,0.0029359791354031705,0.999990010157374
544.3931757333949,17.5016694246106,439.2617149532618,-0.003370402345661692,0.0029359791354031705,0.999990010157374
543.7803107416146,17.55476951983657,439.2594934286916,-0.003370402345661692,0.0029359791354031705,0.999990010157374
543.167513457259,17.60846801793731,439.257270375409,-0.003370402345661692,0.0029359791354031705,0.999990010157374
542.5547718750579,17.662829719009842,439.25504556269743,-0.003370402345661692,0.0029359791354031705,0.999990010157374
541.9420902988172,17.717922989074818,439.2528188043393,-0.003370402345661692,0.0029359791354031705,0.999990010157374
541.3294733750674,17.773821934966783,439.2505898984173,-0.003370402345661692,0.0029359791354031705,0.999990010157374
540.7169510744103,17.830605014431836,439.2483587155927,-0.003370402345661692,0.0029359791354031705,0.999990010157374
540.1045171183704,17.888361813943522,439.2461249716776,-0.003370402345661692,0.0029359791354031705,0.999990010157374
539.4921788162918,17.94718986932206,439.24388840494186,-0.003370402345661692,0.0029359791354031705,0.999990010157374
538.8799599343063,18.007195916066678,439.2416487821112,-0.003370402345661692,0.0029359791354031705,0.999990010157374
538.2678875541093,18.06849906157768,439.23940584476253,-0.003370402345661692,0.0029359791354031705,0.999990010157374
537.6559318570817,18.131239469548042,439.23715908087223,-0.003370402345661692,0.0029359791354031705,0.999990010157374
537.0441681617,18.195564979597453,439.23490831023815,-0.003370402345661692,0.0029359791354031705,0.999990010157374
536.432579370587,18.26165526642213,439.2326529477081,-0.003370402345661692,0.0029359791354031705,0.999990010157374
535.8211928775161,18.32971288210085,439.23039249091653,-0.003370402345661692,0.0029359791354031705,0.999990010157374
535.2100554737679,18.399972178821542,439.22812640951037,-0.003370402345661692,0.0029359791354031705,0.999990010157374
534.599217305029,18.47270973912358,439.2258540604538,-0.003370402345661692,0.0029359791354031705,0.999990010157374
533.9887161603066,18.548258269105236,439.2235745942844,-0.003370402345661692,0.0029359791354031705,0.999990010157374
533.3786283558364,18.627016882768512,439.2212870964189,-0.003370402345661692,0.0029359791354031705,0.999990010157374
532.7690395633082,18.709477742417906,439.21899041061573,-0.003370402345661692,0.0029359791354031705,0.999990010157374
532.1600325626283,18.79626219272292,439.216682991606,-0.003370402345661692,0.0029359791354031705,0.999990010157374
531.5517659747421,18.888161473679077,439.2143630509241,-0.003370402345661692,0.0029359791354031705,0.999990010157374
530.9444912222762,18.98621398906073,439.21202838721166,-0.003370402345661692,0.0029359791354031705,0.999990010157374
530.3384616706298,19.0918555345803,439.2096756389122,-0.003370402345661692,0.0029359791354031705,0.999990010157374
529.734205150579,19.207114736360854,439.20730062898207,-0.003370402345661692,0.0029359791354031705,0.999990010157374
529.1325122582851,19.33507801771943,439.20489696031007,-0.003370402345661692,0.0029359791354031705,0.999990010157374
528.5348703535512,19.480821524343714,439.2024547423406,-0.003370402345661692,0.0029359791354031705,0.999990010157374
527.9445470786886,19.653806396223118,439.19995721046575,-0.003370402345661692,0.0029359791354031705,0.999990010157374
527.3709016993444,19.875921727396953,439.19737164292627,-0.003370402345661692,0.0029359791354031705,0.999990010157374
526.8666408016575,20.228239865388144,439.1946376547995,-0.003370402345661692,0.0029359791354031705,0.999990010157374
527.0411424239977,20.818124617135442,439.1934938947274,-0.003370402345661692,0.0029359791354031705,0.999990010157374
