0.8521101271269149,0.5546887537962291,0.3412167081028356,-0.2045926697198276,-0.899588171733674,-0.29771698860645485
0.8521101477981932,0.5546887284211184,0.34121654314883565,-0.2045926835874024,-0.899587487501102,-0.29771691592977556
0.8560949737836406,0.5526601009793953,0.35578405610516656,-0.22225033913119266,-0.9385470138736852,-0.32981967355258734
0.8586908860213821,0.5497738221322707,0.3723506028272571,-0.2405747162762047,-0.976767487119753,-0.3626148488343622
0.8598487599938855,0.5460607240139961,0.3907669377396001,-0.25932211368432256,-1.0139679668844774,-0.39567994766398895
0.8596245479716844,0.5420206447281538,0.4088875511848494,-0.2764555616572938,-1.0465858048988248,-0.4254768292361183
0.8584622974353061,0.5380881603423971,0.4253470313529565,-0.29107226495765826,-1.0735744288161355,-0.4505873307572266
0.8566762204376871,0.5342445879888486,0.4406556081022611,-0.3039510426279721,-1.0968609371333269,-0.472493497185071
0.854431996452923,0.5304748584379524,0.45510895518369504,-0.315535458213768,-1.1175124885265841,-0.4920290483818399
0.8518281565163885,0.5267682158918917,0.4688936528200897,-0.3261047436457925,-1.1361853118036989,-0.5097132460193055
0.8489283636813417,0.5231170256331953,0.48213550212890205,-0.3358481161688312,-1.1533145276024634,-0.5258945018338018
0.8457762852332137,0.5195157938299588,0.4949236974727194,-0.3449010102659555,-1.1692050990501666,-0.5408198796408534
0.8424032390756505,0.515960498693381,0.5073239994939991,-0.35336451896122706,-1.1840799793861838,-0.5546721494303157
0.8388324711455927,0.5124481488074696,0.5193864176845071,-0.36131661271590854,-1.1981076336126602,-0.5675910859045176
0.8350817182920738,0.5089764964776189,0.5311499190483335,-0.3688189993629563,-1.211418725535364,-0.5796864371994105
0.8311647929623205,0.505543816134567,0.5426455559112053,-0.37592159590917634,-1.224116867435661,-0.5910463262234765
0.8270926748455615,0.5021487975526381,0.5538984044195454,-0.38266542470820164,-1.2362855855119617,-0.6017426934111889
0.8228741882445041,0.4987904103373157,0.564929105074743,-0.3890847444747345,-1.2479933286751572,-0.6118352510653604
0.8185165514692607,0.49546786943597243,0.5757547480351958,-0.3952084429735445,-1.2592967820300556,-0.6213740880683586
0.8140256806319088,0.49218053537944484,0.5863897611863913,-0.40106119741416707,-1.2702435276897273,-0.6304017898201115
0.8094065157101094,0.4889279196869636,0.5968463084675434,-0.4066641913669296,-1.2808737395144587,-0.6389547793669913
0.8046631811706991,0.48570962379010885,0.6071348028894145,-0.412035780557178,-1.2912216821386746,-0.647064520954392
0.7997991639871503,0.4825253326472205,0.6172641685274132,-0.4171919347207135,-1.301316723038898,-0.6547583335756436
0.7948174241746,0.4793747891066578,0.627242110719385,-0.42214662095561484,-1.3111841867467149,-0.6620600829052182
0.789720483443413,0.47625777524197144,0.6370753230529727,-0.42691210433137994,-1.3208460200492944,-0.6689907221442817
0.7845105041875137,0.47317410243189895,0.6467696358398081,-0.4314991813358765,-1.3303213047215563,-0.6755687128532629
0.7791893405144198,0.47012359533391695,0.6563301600611152,-0.43591738150580056,-1.3396266932957956,-0.6818103825295763
0.7737586209959522,0.4671061017939303,0.665761331491679,-0.4401750991827616,-1.3487766913218928,-0.6877301697036075
0.7682197429501127,0.46412145816478473,0.6750670797839615,-0.44427976432273314,-1.3577840169402835,-0.6933409130252212
0.762573948904314,0.46116950597728695,0.68425082492325,-0.4482379189163307,-1.3666597574682575,-0.6986539991056542
0.75682231842786,0.45825006558473363,0.6933155984792058,-0.4520553372585192,-1.3754136189221382,-0.7036795636998991
0.7509658193504983,0.45536294461065496,0.7022640484531624,-0.45573708478362696,-1.384054040092102,-0.7084266028985331
0.7450053306389723,0.4525079326497601,0.7110984805506889,-0.4592875854099877,-1.392588323305024,-0.7129030917733884
0.7389416447878164,0.44968478805345186,0.7198209183696532,-0.46271068907134066,-1.4010227680944412,-0.7171160978863288
0.7327754773966587,0.44689323041155515,0.7284331411713129,-0.4660097233276746,-1.409362770657915,-0.7210718695087818
0.7265075033188659,0.44413294593465036,0.7369366778843955,-0.4691875235138915,-1.4176128703925592,-0.7247758943392952
0.7201383550431515,0.4414035759711327,0.7453328498157907,-0.47224647795535174,-1.425776834635779,-0.7282329739317309
0.7136686490099372,0.4387047186064057,0.75362277008772,-0.4751885532495696,-1.433857693937444,-0.7314472719274725
0.707098956141893,0.4360359073378214,0.7618074108852823,-0.4780153409000199,-1.4418578369953599,-0.7344223829960534
0.700429875785581,0.4333966329966447,0.7698875356808592,-0.48072805371984356,-1.4497789684576112,-0.7371613452163404
0.6936619863544727,0.43078631497078795,0.7778637850748874,-0.4833275743471397,-1.457622211857483,-0.7396667066287422
0.6867958446651502,0.4282042942129997,0.7857366937417989,-0.4858144761194274,-1.465388141774515,-0.7419405582262814
0.6798320816130262,0.4256498616439562,0.7935065980858006,-0.48818900931696707,-1.473076704277693,-0.743984535418062
0.6727713290310781,0.4231222222125812,0.801173739055551,-0.49045114910673826,-1.4806873264369658,-0.7457998764904011
0.6656142113932628,0.42062048577325895,0.8087382813429491,-0.4926006133207541,-1.4882189415515694,-0.7473874477058542
0.6583614060352165,0.41814368176682176,0.8162002596028434,-0.49463685906088156,-1.49566993927256,-0.748747752159027
0.6510136236749607,0.41569074506108283,0.8235596114552414,-0.4965591050598325,-1.5030381996505564,-0.7498809592678919
0.6435716291522312,0.41326051608506187,0.8308161666456421,-0.49836634108522254,-1.5103210818600836,-0.7507869237650873
0.6360361981205093,0.41085172019077837,0.8379696977167667,-0.5000573525151892,-1.5175154731408793,-0.751465211587068
0.6284081829406971,0.40846298293334227,0.8450198630254668,-0.5016307179349464,-1.5246177284311608,-0.751915111462493
0.6206884932617636,0.406092817218394,0.851966233989599,-0.503084828780955,-1.5316236933277547,-0.7521356588120642
0.6128780507529186,0.4037396039183479,0.8588083404685387,-0.5044179106344368,-1.5385287447824694,-0.7521256548239187
0.6049778798211218,0.40140161422395987,0.8655455943215842,-0.5056280200498305,-1.5453277081712962,-0.7518836832890601
0.5969890311050339,0.3990769813246977,0.8721773614321435,-0.5067130722719145,-1.5520149236056113,-0.7514081308441674
0.5889126564419043,0.39676371791113685,0.8787029017006959,-0.5076708443630202,-1.558584178851792,-0.7506972095568369
0.5807499258280341,0.3944596879371471,0.8851214405719843,-0.5084990013230825,-1.5650287746849805,-0.7497489720673826
0.5725021130862136,0.3921626276904712,0.8914321018391668,-0.5091951010433475,-1.5713414506865633,-0.7485613400369546
0.5641705140526754,0.38987011980455877,0.8976339734923696,-0.5097566187385124,-1.577514444913458,-0.747132116672097
0.5557565513410936,0.3875796201374313,0.9037260296356993,-0.5101809557124877,-1.5835394101401374,-0.7454590264594636
0.547261672706731,0.3852884283047082,0.9097072077873604,-0.5104654647929807,-1.5894074858290372,-0.7435397238324019
0.5386874240594183,0.3829937072262743,0.9155763556488256,-0.5106074648167305,-1.5951092411689864,-0.7413718332271115
0.5300354325300586,0.38069247890262403,0.9213322449921737,-0.5106042625874153,-1.600634686334357,-0.738952976158038
0.5213073566425005,0.37838161288348016,0.926973604009077,-0.510453173297724,-1.6059733017626003,-0.7362807867139582
0.5125049522229558,0.3760578466994232,0.9324990721708325,-0.5101515416266446,-1.6111139944811024,-0.7333529609720392
0.5036300782717417,0.373717791466493,0.9379071981314968,-0.5096967670226045,-1.6160450993052455,-0.7301672963993329
0.4946846340173947,0.37135792090451725,0.9431964779387715,-0.5090863252200811,-1.6207544183069431,-0.7267217066439879
0.4856706114263146,0.36897459235926966,0.9483653209850207,-0.5083177950400771,-1.6252291957020804,-0.7230142773412231
0.4765900662861762,0.3665640479448831,0.9534120658808934,-0.5073888824116283,-1.6294561410861879,-0.7190432953842235
0.46744515486818883,0.36412243480391926,0.9583349582963214,-0.506297450596458,-1.6334214225216122,-0.7148073067351761
0.45823808059709453,0.36164580329304935,0.9631321784923559,-0.5050415419183254,-1.637110704148048,-0.7103051364850418
0.4489711680217571,0.3591301411324921,0.9678018000799935,-0.5036194151983853,-1.640509131770098,-0.7055359694063432
0.43964680715509397,0.3565713749856784,0.9723418181299327,-0.5020295682720254,-1.6436013776801672,-0.7004993716165255
0.43026748735123305,0.35396539827104617,0.976750130088488,-0.5002707725986757,-1.6463716527689214,-0.695195356636367
0.42083574620419306,0.3513080777773231,0.98102455766137,-0.4983420938386163,-1.6488037501062762,-0.6896244062882403
0.4113542610374961,0.3485953023951127,0.9851628023367497,-0.496242940104589,-1.6508810524798856,-0.6837875741022195
0.40182578278923775,0.34582299047211035,0.9891624746887,-0.49397308094744524,-1.6525865908493043,-0.6776864998290635
0.3922531193727341,0.34298711257105147,0.9930210973393635,-0.49153267268247364,-1.6539030860725996,-0.6713234475602653
0.38263921188399774,0.3400837443511015,0.9967360709474341,-0.4889223082954178,-1.6548129841244528,-0.6647014061819679
0.3729870364072496,0.3371090704168782,1.0003047107544512,-0.48614302302998036,-1.6552985214319222,-0.6578240736261859
0.3632997536024524,0.334059465911479,1.0037241877404535,-0.4831963680463002,-1.655341774032664,-0.6506960112369617
0.3535805516797943,0.3309314871466567,1.0069915854000493,-0.4800843975480543,-1.654924734429199,-0.643322581029949
0.34383269417239193,0.327721926577936,1.0101038771034885,-0.47680971136693645,-1.654029374461149,-0.6357100215189204
0.3340595809046531,0.32442787699966663,1.0130579046702441,-0.473375506783637,-1.6526377311418898,-0.6278655382770273
0.32426464177753234,0.3210467431306502,1.0158504099532921,-0.4697855730099469,-1.650731982877379,-0.6197972595884492
0.3144514485894766,0.31757632885560927,1.0184779996689521,-0.4660443608065498,-1.648294561316685,-0.6115143613292299
0.3046235754454039,0.31401484077535613,1.020937183728729,-0.4621569598554339,-1.6453082263488976,-0.603026981378623
0.2947846946596459,0.31036097565448645,1.0232243476293486,-0.4581291615613935,-1.6417561971028831,-0.5943463227890146
0.28493851953461746,0.3066139566153456,1.0253357683977526,-0.4539674629524178,-1.637622258835135,-0.5854846229217432
0.27508881217563014,0.302773594241463,1.02726761462945,-0.4496790929323453,-1.6328908960299928,-0.5764551700455469
0.26523933425698987,0.29884032707649244,1.0290159599767148,-0.4452720106682277,-1.6275474094390312,-0.5672722597164369
0.2553938978419613,0.2948153022426601,1.0305767797479801,-0.44075494369182094,-1.6215780928248336,-0.5579512339301514
0.2455562511842971,0.2907003900052073,1.0319459789729044,-0.43613734638163804,-1.6149703279827685,-0.5485083557656839
0.23573013442380186,0.28649826534951145,1.0331193933822223,-0.43142942783947064,-1.6077127805377893,-0.5389608312344749
0.22591922902423106,0.2822124447398455,1.034092811888917,-0.4266421235774754,-1.599795542528572,-0.5293267193463674
0.21612716267655702,0.2778473427234166,1.0348619952299125,-0.4217870834025448,-1.5912103177180679,-0.5196248822894247
0.2063574821757214,0.27340831019538997,1.0354227032846837,-0.41687663275418285,-1.5819505883624005,-0.5098748910834342
0.19661360543495185,0.26890165579235314,1.0357707264389608,-0.4119237097951788,-1.5720117565155092,-0.5000968957004621
0.1868988290336054,0.26433468372106445,1.0359019175172064,-0.406941816306964,-1.561391331450273,-0.49031153664463045
0.17721629601954467,0.2597157031477674,1.0358122308409585,-0.4019449333397548,-1.550089072141107,-0.4805398036885734
0.1675690027814914,0.2550540434411233,1.0354977652326929,-0.3969474410491215,-1.5381071598418408,-0.4708029215412146
0.15795977482606635,0.2503600404244547,1.0349548119141194,-0.391964006652511,-1.5254503201828078,-0.4611221932697679
0.1483912864145623,0.24564502764509266,1.0341799082046736,-0.38700947971873295,-1.512125979447906,-0.45151887884772685
0.13886602355265787,0.24092128218912504,1.0331698915057284,-0.3820987437045801,-1.498144320395073,-0.44201401002155233
0.12938629175096028,0.23620197328318607,1.031921956812499,-0.37724657902367636,-1.4835183621476327,-0.43262824705869624
0.11995424175861345,0.23150110054566428,1.0304337194516682,-0.37246752610132744,-1.4682640379763208,-0.42338175284106916
0.11057185859397466,0.22683339434491223,1.028703273954229,-0.36777572393265673,-1.4524001814278067,-0.4142940336205484
0.10124097190917436,0.22221420771642586,1.0267292535596946,-0.3631847585961225,-1.435948503415364,-0.4053838081556037
0.09196326209924333,0.21765938855224415,1.0245108861519554,-0.3587075131684912,-1.4189335220186752,-0.3966688833008481
0.08274028358537934,0.21318514464024668,1.022048050269332,-0.35435603448360864,-1.4013824849786654,-0.3881660593282254
0.07357349707819277,0.20880789949122003,1.0193413307144907,-0.3501414163334793,-1.3833252787461188,-0.3798910579559456
0.0644642392289325,0.2045441078350091,1.0163920503673727,-0.3460736705090556,-1.3647941831260921,-0.3718584106509125
0.055413764931158405,0.20041009982020333,1.0132023145211595,-0.3421616533395223,-1.3458237365471075,-0.3640814321417995
0.04642319074914297,0.19642187706288078,1.0097750139482753,-0.33841297243687063,-1.3264503744639284,-0.3565721265304583
0.037493575812052954,0.19259497344119172,1.0061138669478262,-0.334833979625425,-1.3067123367869187,-0.3493412301509794
0.028625857693514483,0.1889442556047043,1.0022234000917336,-0.3314297277092535,-1.2866492567893957,-0.34239814731721196
0.01982090495339901,0.18548378375554195,0.998108964828407,-0.3282040016893224,-1.2663019955005106,-0.3357509971108856
0.011079421421030997,0.18222662467751982,0.9937766784923,-0.3251593175836344,-1.2457121364458326,-0.3294065573937561
0.0024020228454071334,0.17918475015917415,0.989233433276257,-0.32229700875250233,-1.224921875377961,-0.32337035163113326
-0.006210812939610477,0.1763689023336071,0.9844868384760603,-0.3196172829240948,-1.2039736249144881,-0.317646645686907
-0.014758790175648207,0.17378848597339785,0.9795451500805816,-0.31711930023125834,-1.182909630438501,-0.3122384606355921
-0.023241768149473027,0.1714515063082835,0.9744172300612578,-0.31480128507614596,-1.1617717677897488,-0.3071476372869971
-0.031659787729989994,0.16936451079997744,0.9691124687176697,-0.3126606276240166,-1.1406012223812874,-0.3023748663045448
-0.04001307453344625,0.16753256106341607,0.9636407121474666,-0.31069399568949824,-1.1194382365137647,-0.2979197353150447
-0.04830203818448195,0.16595922707388708,0.9580121861271216,-0.3088974468203896,-1.0983218796960734,-0.2937807781630937
-0.05652730128887308,0.16464659757084282,0.9522373936312857,-0.307266530818957,-1.0772897564711201,-0.2899555108399501
-0.06468966272670405,0.16359532321593745,0.9463270523344569,-0.30579640087667376,-1.0563778963845292,-0.2864405014912573
-0.0727901107201111,0.1628046678454751,0.9402919958688107,-0.30448190562282273,-1.0356205334118536,-0.283231416034211
-0.08082982628412687,0.1622725802108514,0.9341430784241674,-0.3033176753677078,-1.0150499269270885,-0.2803230729782494
-0.08881013860527992,0.1619957832757983,0.9278911160935341,-0.3022982057252641,-0.9946963249707222,-0.2777095179389826
-0.09673250230069333,0.16196986939978195,0.9215468155914126,-0.3014179253037138,-0.9745878903434194,-0.2753840879775606
-0.10459853637348235,0.16218940590505693,0.9151206556503844,-0.30067124726680744,-0.9547504911447752,-0.27333946186382896
-0.1124099597495632,0.16264804989566573,0.9086228545268169,-0.3000526239009986,-0.9352077770902869,-0.2715677455187992
-0.12016855293630561,0.16333866116031656,0.9020633253725275,-0.29955658625882403,-0.915981208955081,-0.2700605453864097
-0.12787614971881553,0.16425341719679243,0.8954516137774791,-0.29917777252738914,-0.8970900335808402,-0.2688090351133036
-0.13553467665903188,0.165383937309932,0.888796800191008,-0.29891094880892927,-0.8785511671867176,-0.2678040195258359
-0.1431460263943903,0.16672138220696928,0.8821075541173712,-0.29875103085160215,-0.8603795056895834,-0.26703602314287644
-0.15071210315958433,0.16825656807976533,0.8753920494126991,-0.298693090604465,-0.8425878299642717,-0.26649534839570393
-0.15823481120392444,0.16998007120745398,0.8686579368304634,-0.29873236341333936,-0.8251868756788913,-0.2661721446042268
-0.16571598795744724,0.1718823108918756,0.8619123750105115,-0.29886425021855767,-0.8081855440167595,-0.2660564746036317
-0.1731574444175828,0.1739536475298236,0.8551619743603935,-0.29908431662372764,-0.7915908769796666,-0.26613837194853057
-0.18056093922458827,0.17618445875862906,0.8484128079031797,-0.2993882904943517,-0.7754082019223302,-0.26640789896229966
-0.18792815067227686,0.17856520340933918,0.8416704320792614,-0.2997720565494188,-0.7596412864395624,-0.2668551973361617
-0.19526065347911956,0.1810864754160024,0.8349399103749984,-0.30023164885332226,-0.7442924857268405,-0.26747053127802856
-0.20255997453666305,0.18373907635334977,0.828225770294887,-0.3007632476559046,-0.7293627306802731,-0.26824433262907765
-0.20982754091401232,0.1865140440133312,0.8215320643220473,-0.3013631700852311,-0.7148517495825651,-0.2691672335955891
-0.21706470556953522,0.18940269879032526,0.8148623641607529,-0.30202786514698793,-0.7007581278337617,-0.27023010007735815
-0.22427271859545472,0.19239666200746194,0.8082198087990785,-0.3027539045338614,-0.6870794777826844,-0.27142405343076664
-0.23145270986690067,0.1954878693278913,0.8016071450035889,-0.3035379733282919,-0.6738125778442277,-0.27274048626272696
-0.23860577486761203,0.19866862295679666,0.7950266749870205,-0.30437687262373586,-0.6609533205790347,-0.27417109344903196
-0.24573288714475477,0.20193156440630505,0.7884803654452884,-0.30526750413892606,-0.6484969810706306,-0.27570786815742004
-0.2528349526230621,0.20526970252327062,0.781969826970381,-0.3062068701816213,-0.6364382165397783,-0.27734311915399934
-0.2599128122702007,0.20867641576257823,0.7754963416969505,-0.3071920689058292,-0.6247711600928721,-0.27906947613349814
-0.26696719712551964,0.21214542673719514,0.7690609344940638,-0.3082202826770482,-0.6134895836789407,-0.28087987907700745
-0.27399879122048526,0.21567082528054668,0.762664345138245,-0.3092887816068739,-0.60258687631105,-0.282767590893743
-0.2810082053121134,0.21924704638370945,0.7563070815671069,-0.3103949152828469,-0.5920561654421916,-0.2847261864271985
-0.28799602419975606,0.22286888273568076,0.7499894053956073,-0.3115361158133708,-0.5818903182603521,-0.2867495590695375
-0.29496271597789037,0.22653142442159674,0.7437114413850218,-0.3127098789904611,-0.5720821404533428,-0.2888318860930891
-0.30190875190580235,0.23023010616852202,0.7374730951737638,-0.3139137796440042,-0.5626242607543288,-0.2909676533003222
-0.30883450318233246,0.23396063748865878,0.7312741711702445,-0.3151454505041269,-0.5535093306226851,-0.29315161315934285
-0.3157403608661885,0.2377190503559424,0.7251142884263958,-0.3164025993378178,-0.5447299107460195,-0.2953788099384502
-0.32262665747097974,0.24150164090552242,0.718992973252512,-0.3176829919410694,-0.5362786226870206,-0.2976445431350886
-0.3294936678030191,0.2453049524834284,0.7129096788378749,-0.31898444836295936,-0.5281481819091173,-0.29994435397678954
-0.3363416814823557,0.2491257989993792,0.7068637402612966,-0.3203048532248964,-0.5203313457264346,-0.302274036361221
-0.34317092374612745,0.25296120463311905,0.7008544626560523,-0.3216421375466393,-0.51282103843924,-0.3046295970592201
-0.3499816211063582,0.2568084241526501,0.6948810797706083,-0.32299428808395086,-0.505610301805999,-0.30700726454317206
-0.3567739692999099,0.260664909317746,0.6889427976401459,-0.32435933806460315,-0.49869235519418975,-0.30940346486623843
-0.36354815537951807,0.2645283061276358,0.6830387893585639,-0.32573536847471285,-0.4920605923191284,-0.31181481635216163
-0.3703043719083158,0.2683964484192302,0.6771681958921475,-0.32712050802864096,-0.48570858716353726,-0.31423812209661767
-0.37704279612095876,0.27226733201658,0.6713301563164771,-0.3285129260321782,-0.4796301310061808,-0.3166703501818002
-0.38376355959594843,0.27613908376641416,0.6655238448986301,-0.32991082300767355,-0.4738192699846679,-0.3191086105138525
-0.3904668437454927,0.2800100037356036,0.6597483985787146,-0.3313124475873407,-0.46827023185229255,-0.3215501777136354
-0.397152830564238,0.2838785249534765,0.6540029691346971,-0.33271608349387366,-0.4629774835351168,-0.3239924622322636
-0.40382166516215634,0.2877431801927055,0.6482867637834638,-0.33412003873499524,-0.4579357672355425,-0.3264329856738297
-0.4104735274236877,0.2916026325871083,0.6425989914135292,-0.3355226576894054,-0.45314005031100996,-0.3288693965313552
-0.41710860462021143,0.2954556496019667,0.6369388934782161,-0.336922312493101,-0.4485855550991221,-0.3312994501129572
-0.42372705499331476,0.2993010722142227,0.6313057816550639,-0.3383173924105685,-0.44426778749177376,-0.3337209855163049
-0.4303290814515611,0.3031378486301066,0.6256989811963835,-0.33970631642204535,-0.44018249089763245,-0.33613194333221996
-0.4369149062775998,0.30696501105378987,0.6201178584742134,-0.34108752490763494,-0.43632567051451476,-0.3385303473323345
-0.4434847341090895,0.31078164610201114,0.614561857772712,-0.3424594688568152,-0.4326936180440236,-0.3409142823312146
-0.45003878574292144,0.3145869068679345,0.6090304776821602,-0.3438206139588628,-0.4292828929452139,-0.3432818982350243
-0.4565773415328238,0.3183800309428665,0.6035232395275669,-0.34516944641221126,-0.4260903053778184,-0.34563141754434723
-0.46310065997747274,0.3221602863775757,0.5980397608499385,-0.34650445286059034,-0.4231129620928634,-0.3479610980027322
-0.4696090370696348,0.32592699974511175,0.5925797099557021,-0.3478241293716617,-0.42034823901889107,-0.35026924640488827
-0.4761027877797685,0.32967953932936167,0.5871428261123983,-0.34912697427273887,-0.41779379448564075,-0.35255420433753165
-0.4825822680449754,0.3334173220632061,0.5817289057120879,-0.35041148899263,-0.41544756492854185,-0.35481434851182536
-0.48904782403184816,0.3371397787709,0.5763378492641639,-0.3516761643985424,-0.4133077877782557,-0.3570480657051037
-0.4954998559594381,0.3408463857737986,0.5709696127074128,-0.3529194897148577,-0.41137298253387605,-0.35925376785480084
-0.501938761870355,0.34453662752191216,0.5656242590865329,-0.35413993766612184,-0.40964197447491707,-0.3614298654384428
-0.5083650496441229,0.3482100559408224,0.560301870591503,-0.355335981529146,-0.4081138709112387,-0.3635747980305773
-0.5147791550996476,0.3518661815968508,0.5550027047044138,-0.35650605658139256,-0.40678811501040546,-0.36568696569497083
-0.5211816421581925,0.3555045835946424,0.549727033952414,-0.35764859283689615,-0.40566444516272865,-0.36776478841048815
-0.5275730237023669,0.35912480300435473,0.5444752998734462,-0.3587619774985372,-0.4047429412909109,-0.36980663938789565
-0.5339539646538158,0.36272645374876905,0.539247952239486,-0.35984458575842515,-0.4040240012208564,-0.3718109026911602
-0.5403250592538279,0.3663090921068434,0.534045638972589,-0.3608947364944719,-0.40350838417141666,-0.37377589387528953
-0.5466870065331083,0.3698723116769354,0.5288690695857539,-0.36191071674338904,-0.4031971997082264,-0.3756999071984836
-0.5530405471008392,0.3734157031886894,0.5237190753525778,-0.3628907642499957,-0.40309193165025936,-0.3775811863405871
-0.5593864541501443,0.37693884518819704,0.5185966254298245,-0.36383305953268674,-0.40319445290321854,-0.3794179124277046
-0.5657255720008835,0.38044132104783074,0.5135028054680408,-0.364735724395393,-0.403507043091454,-0.38120820529539123
-0.5720588032865693,0.3839227071267528,0.5084388389813584,-0.3655968116913485,-0.404032410438064,-0.38295010856573797
-0.5783871323910694,0.3873825807953593,0.5034060807670531,-0.3664142995328201,-0.4047737178809178,-0.38464158406946647
-0.58471154641465,0.3908204723495675,0.4984060929681021,-0.36718607161248745,-0.4057345988782772,-0.38628047822837663
-0.591033220616862,0.3942359607674521,0.49344051306841663,-0.36790992960886715,-0.4069192131456533,-0.3878645566176482
-0.5973532975125053,0.3976285480797683,0.48851124515831734,-0.36858355438021906,-0.40833224677602453,-0.389391431389853
-0.6036730523141111,0.40099774342384986,0.4836203476934724,-0.36920451309141156,-0.40997897516270637,-0.3908585872982228
-0.6099938416654138,0.4043430289564985,0.47877009471567344,-0.36977023857971386,-0.4118652972062383,-0.39226334994667894
-0.6163171195686097,0.407663861753742,0.4739629866216973,-0.3702780150733484,-0.41399778606140125,-0.3936028692160464
-0.6226444636556616,0.41095968034126534,0.4692017564644251,-0.37072496219607953,-0.4163837522740907,-0.3948741018413442
-0.628977587129531,0.41422990274094695,0.46448939118272664,-0.37110801482557004,-0.4190313123910173,-0.3960737873320846
-0.6353183278346775,0.4174739120187504,0.45982917379910526,-0.3714238990441734,-0.4219494559637959,-0.3971984163972594
-0.6416685992855972,0.42069102241897577,0.45522475649889493,-0.37166910505831846,-0.42514809705877493,-0.39824419111007475
-0.6480305544183189,0.4238805525885567,0.45068008423130784,-0.37183986541093805,-0.4286382420821055,-0.39920701633747163
-0.6544065356182517,0.4270417874908102,0.4461994835138287,-0.37193211634025947,-0.43243207982719617,-0.4000824458905306
-0.660799000392404,0.4301739291593993,0.44178777139607595,-0.37194145868442463,-0.43654305390359305,-0.40086562470030723
-0.6672106833495766,0.43327616292220755,0.4374502076146092,-0.37186311578186304,-0.4409860962291456,-0.4015512555340784
-0.6736445471360112,0.43634761656475085,0.4331926071384762,-0.37169187956629113,-0.44577776284473036,-0.402133526193347
-0.6801038577867324,0.4393873782628784,0.4290213800619287,-0.3714220478885324,-0.4509364774447893,-0.4026060408693629
-0.6865921438581868,0.44239445659816884,0.4249436639050766,-0.37104735421819074,-0.4564827209689778,-0.40296172805516683
-0.6931133634811893,0.4453678348471849,0.420967342280316,-0.37056087423447226,-0.4624394322226549,-0.40319274592857207
-0.6996717931933709,0.4483063922456569,0.4171012632091867,-0.36995493095101495,-0.46883222442971484,-0.40329035134562524
-0.706272260402823,0.45120897816876376,0.4133552759645695,-0.3692209551114593,-0.47568997302300536,-0.40324475761085576
-0.712920091695918,0.4540743509137743,0.4097404794978648,-0.36834933979869444,-0.4830452258173032,-0.4030449495680052
-0.71962126284819,0.4569012002924051,0.40626939906546045,-0.36732924360719454,-0.4909349086707187,-0.40267846180163447
-0.7263824915522674,0.45968813509297946,0.4029562604773123,-0.36614835379724486,-0.4994011123005539,-0.40213110142707886
-0.733211389322464,0.46243368427690135,0.3998173148857041,-0.3647925830265668,-0.508492121132571,-0.4013865984895075
-0.7401166319355641,0.46513629068021844,0.39687126388137645,-0.3632456853294971,-0.5182636986169009,-0.40042616133929926
-0.7471082007195736,0.46779431360536333,0.39413979869699056,-0.3614887536961207,-0.5287807789396411,-0.39922789906114853
-0.7541976009721375,0.470405998257379,0.39164834393887077,-0.3594995843984266,-0.5401195385164306,-0.39776608094453725
-0.7613984117739394,0.4729695347310019,0.389426956069874,-0.3572517555575705,-0.5523705709814551,-0.39601009601659204
-0.7687266178861859,0.4754829876393308,0.387511699995593,-0.3547134801826852,-0.5656425663473658,-0.39392311456620305
-0.7762015027290048,0.47794436027883547,0.3859464267507057,-0.3518458750343659,-0.5800681587444471,-0.3914601223383969
-0.7838465199235505,0.48035154944612113,0.38478544869068915,-0.34860060004083543,-0.5958116267594394,-0.3885651988545321
-0.7916908637682103,0.4827023854949518,0.38409743179790845,-0.34491625679015564,-0.6130808258375628,-0.38516740075618483
-0.7997717367541258,0.48499465336349784,0.3839714533724587,-0.340712871261417,-0.6321453640507767,-0.3811744415395007
-0.8081378393578968,0.48722609730345384,0.3845268145497642,-0.3358830498925393,-0.6533656366909811,-0.37646254494900194
-0.8168552995034327,0.4893944519159084,0.38592986829309267,-0.3302768464148883,-0.6772425341141248,-0.3708590739960026
-0.8260178858757162,0.4914973750326195,0.388425028836303,-0.3236742838666284,-0.704507413341771,-0.3641108960703471
-0.835766821271841,0.4935322270028247,0.39239762279165763,-0.31573024211137185,-0.736302490630285,-0.3558207667898399
-0.846331151153396,0.4954947078641865,0.39851763741186114,-0.3058514071889355,-0.774581959158802,-0.3453045349248397
-0.8579493106330824,0.4973476816215428,0.40796542136545366,-0.29307730119124586,-0.8224041418383939,-0.33143958551900454
-0.868380168365592,0.498713099493614,0.4196811061597245,-0.2793051984790597,-0.8721712985423995,-0.3162699438740607
-0.8775018337925631,0.49963109923767635,0.43355252936960725,-0.26467166589545565,-0.9233901196014341,-0.29997039927679725
-0.8852023866103343,0.5001326787540651,0.44943589891474683,-0.24935172537643663,-0.9755368809746051,-0.28275680113840257
-0.8913863416046965,0.5002382264428092,0.46716458497742686,-0.23355443437975804,-1.0280894033168095,-0.2648808208526058
-0.8959783973305211,0.4999583881511937,0.48655785416259467,-0.21750696127677407,-1.0805573439466576,-0.24662610893063455
-0.8988842609506114,0.49931357376270147,0.5070115701831074,-0.20174904603238242,-1.1315104177666713,-0.2286520823607418
-0.9000738614354842,0.49849528354005435,0.5250378025681778,-0.18872217525222626,-1.173398115557874,-0.2138209414386645
-0.900188311940664,0.4975710372521319,0.5414542909386602,-0.1775097130018158,-1.2094806368214095,-0.2010953209414788
-0.8995500259389727,0.49657330815244555,0.5567116873064237,-0.16761579147776803,-1.2414854952106211,-0.18991735017432895
-0.8983445522985999,0.4955207970258949,0.5710836232045895,-0.15873998538248676,-1.2704405101976506,-0.17995122770690533
-0.8966890229252387,0.49442562783561633,0.5847497988556658,-0.1506840759697913,-1.297011947227734,-0.17097680357741113
-0.8946624146713273,0.49329634684651924,0.5978350584281105,-0.14330902277222268,-1.3216589430361487,-0.1628405668486582
-0.8923206431842278,0.492139339470534,0.6104300102270455,-0.13651263649011977,-1.3447129444491912,-0.15543027604319043
-0.8897047915412392,0.4909595715168308,0.6226027543466103,-0.13021702381726127,-1.3664220706855394,-0.14866073846909947
-0.8868459453537434,0.48976102111497777,0.6344058545994381,-0.12436111655693212,-1.386977353497716,-0.142465377249421
-0.8837681715480374,0.4885469350001457,0.6458808371310495,-0.11889590920660564,-1.4065293599588633,-0.13679087910031235
-0.8804904550180166,0.48731999711693474,0.6570611209846366,-0.11378133863144145,-1.4251990177506149,-0.13159370382594177
-0.8770280431671749,0.48608245672989325,0.6679738969131344,-0.10898420154219313,-1.4430847731248688,-0.1268377596104939
-0.8733932876484377,0.48483618388514677,0.6786417598160422,-0.10447654395257883,-1.4602681218050013,-0.12249262857795838
-0.8695963534778923,0.4835827493949608,0.6890835275953565,-0.10023465489846445,-1.4768169921016419,-0.11853244992941958
-0.8656456322368972,0.4823234470533202,0.6993151685370459,-0.09623817936609208,-1.4927887600805787,-0.11493495810498303
-0.861548176782208,0.4810593524037306,0.7093501472977048,-0.09246958945378868,-1.508231952965274,-0.11168089226882595
-0.8573098496136689,0.47979131019991944,0.7192001609591655,-0.08891359269165158,-1.5231882860893495,-0.10875337757591604
-0.8529356276151022,0.4785199847847708,0.7288752214943287,-0.08555685773813661,-1.5376934792313093,-0.1061376118826141
-0.8484297662050195,0.4772458746008892,0.7383839326400838,-0.08238770804012224,-1.5517782345776316,-0.1038205339130768
-0.843795873825205,0.47596930850686453,0.7477338204590152,-0.07939584113808178,-1.565469173401266,-0.10179053442942128
-0.8390370498794931,0.47469046548376936,0.7569314251046065,-0.07657216119170082,-1.5787893266969018,-0.10003726933904404
-0.8341559064110394,0.47340936578083226,0.7659825552841042,-0.07390858355909763,-1.5917587956267425,-0.09855146791053415
-0.829154686774978,0.4721258910987199,0.774892295349149,-0.07139793677570183,-1.60439499800517,-0.09732481591113572
-0.8240353629705879,0.4708397992300022,0.7836650321738902,-0.06903386735660666,-1.616712908429646,-0.09634984074718535
-0.8187996126190284,0.46955070943179344,0.7923046609598464,-0.06681070842954141,-1.6287255164568535,-0.0956197901312738
-0.8134489083324583,0.46825811774558884,0.8008145643168518,-0.06472342279223452,-1.640443935298067,-0.09512855515454652
-0.8079844637299992,0.46696137792413334,0.8091978060388813,-0.06276750017731528,-1.6518777860360683,-0.09487058728759144
-0.8024073288217884,0.46565971958126684,0.8174570638121401,-0.06093892825073095,-1.663035201212528,-0.09484084492087379
-0.7967184657474017,0.4643522606062559,0.8255945994746223,-0.05923415438551363,-1.6739228719027959,-0.09503473088622534
-0.7909186949215048,0.4630379898361235,0.8336124092844082,-0.05765001330348125,-1.6845463245434706,-0.09544803689533694
-0.7850086857102601,0.4617157614345463,0.8415122852962026,-0.05618368368645994,-1.6949100619709099,-0.09607690463928513
-0.7789890493732718,0.46038431233327387,0.849295733404168,-0.05483267530038135,-1.7050175077508474,-0.09691777987622818
-0.7728603147739235,0.4590422531681232,0.8569640500866315,-0.05359478707739995,-1.714871154303231,-0.09796737641091521
-0.7666230037203713,0.45768808153388185,0.8645182657292634,-0.0524680913723811,-1.7244725316041394,-0.09922262892735696
-0.7602775112948699,0.4563201529733591,0.8719593232870031,-0.05145088434708773,-1.733822471001964,-0.10068068497194128
-0.7538242349946066,0.4549367064942711,0.8792879457846035,-0.05054168768803872,-1.7429209663200085,-0.10233885361141584
-0.7472635337099165,0.4535358531372425,0.8865047116891256,-0.04973921941396519,-1.751767297405048,-0.10419458639139231
-0.7405957999982228,0.45211558920872297,0.8936099979205578,-0.04904238342594722,-1.7603599856351186,-0.10624543147506695
-0.7338213032575286,0.4506737609387983,0.9006041661559685,-0.04845023620260026,-1.768697041533271,-0.10848905836080412
-0.7269404389039442,0.449208115919548,0.9074873154614914,-0.047961997414324976,-1.7767756861479709,-0.1109231581127204
-0.7199535256041572,0.4477162585628075,0.9142595104920361,-0.04757701668973049,-1.7845926431363262,-0.11354548634065041
-0.7128609664108582,0.446195683461557,0.9209206326604185,-0.04729477361580716,-1.7921439800846994,-0.1163537863033536
-0.70566308487336,0.44464373963498527,0.9274705489310203,-0.04711485895096034,-1.7994253172832841,-0.11934583166118365
-0.6983603753638528,0.44305768408046403,0.9339088905717995,-0.047036973425763524,-1.8064315934800002,-0.12251930560127218
-0.6909533452627026,0.4414346484046243,0.9402352148842844,-0.04706091066038856,-1.8131572655566546,-0.12587184136627186
-0.6834424583004393,0.43977162677064124,0.9464490560101133,-0.047186552512296705,-1.8195963711870708,-0.12940103286105265
-0.6758283573743524,0.4380655261886716,0.9525497451691501,-0.04741385993257504,-1.8257423530332177,-0.13310431299183756
-0.6681116277050707,0.4363131158936439,0.958536614416155,-0.047742869628250494,-1.8315882833159396,-0.13697904519180826
-0.6602930694796202,0.4345110912004743,0.964408786391014,-0.04817367904573862,-1.8371266669401567,-0.14102237056069525
-0.6523734097885155,0.43265601121452496,0.9701654034606476,-0.048706452545903306,-1.8423496783410136,-0.14523133296441643
-0.6443536220304942,0.43074437664643334,0.9758053936575276,-0.049341398062913794,-1.8472489554587184,-0.14960269388873254
-0.6362346586818425,0.4287725725633055,0.9813276723768958,-0.05007877788738642,-1.8518158003692484,-0.15413305264210517
-0.6280176239594137,0.42673691479525755,0.986731021233187,-0.05091889141275095,-1.8560410849201527,-0.15881873401074043
-0.6197036731566289,0.4246336322742692,0.992014159709461,-0.0518620787566433,-1.8599153256285281,-0.16365582361593037
-0.6112942304950088,0.42245893039807386,0.9971756100121936,-0.05290868986421083,-1.8634286026811981,-0.1686400195995673
-0.6027906450396685,0.42020891276973216,1.0022139155311005,-0.05405911835997801,-1.8665707350539273,-0.17376681212723197
-0.5941945592544615,0.41787968691241556,1.007127414404318,-0.0553137499151925,-1.8693311436479538,-0.1790312435666549
-0.5855076774867912,0.4154673167895878,1.0119143824943302,-0.0566729832431969,-1.8716989700667348,-0.1844280226746315
-0.5767318197161139,0.4129678498988447,1.0165729979838747,-0.058137216655024096,-1.8736630713756435,-0.18995147044317745
-0.5678689646303581,0.4103773449471014,1.0211013168857006,-0.059706831797097557,-1.875212032529788,-0.1955954691250189
-0.5589212735755942,0.4076918975246271,1.0254972619395146,-0.061382177797282486,-1.876334194686373,-0.20135342139880336
-0.5498909301659995,0.4049076115456236,1.0297586984958005,-0.06316358961677937,-1.8770177018120182,-0.207218328523415
-0.5407804587395278,0.40202071862822913,1.0338832789710963,-0.0650513132903189,-1.8772505014641696,-0.21318255868399386
-0.5315923289671575,0.3990274809438174,1.0378686260372996,-0.06704556865061445,-1.8770204091210156,-0.21923807757970382
-0.5223292585074965,0.3959243126988013,1.0417121873287483,-0.06914647181873773,-1.8763151273213179,-0.22537622519238829
-0.512994098601704,0.3927077756682432,1.04541128558187,-0.07135403837626945,-1.8751222985797897,-0.2315877637838129
-0.5035897942071429,0.3893745985421115,1.0489631284294185,-0.07366817201589818,-1.873429544676901,-0.23786287871868533
-0.49411940033423246,0.3859217182350802,1.0523647944724084,-0.0760886385252685,-1.8712245151572864,-0.24419114257721727
-0.48458619741934594,0.38234636370384345,1.0556131889846772,-0.07861500917026724,-1.8684949802489885,-0.2505614137301252
-0.47499337623756877,0.37864598304631647,1.058705148169457,-0.08124671510158395,-1.8652288128540655,-0.25696202442578464
-0.465344284485085,0.37481838044881305,1.061637344465515,-0.08398295468805735,-1.861414115898944,-0.2633805954566968
-0.4556424079276858,0.3708617640273781,1.0644062942886998,-0.08682266344019993,-1.8570393155618492,-0.2698040318066117
-0.44589120846929997,0.3667747365461462,1.0670084028747162,-0.08976452617322543,-1.8520931856387195,-0.2762186169473927
-0.43609412809304715,0.3625563521889455,1.0694399542761681,-0.09280694350018462,-1.8465649297603386,-0.28261000030321015
-0.4262546986760922,0.3582062255027384,1.0716970817653735,-0.09594796205334288,-1.8404443485092958,-0.28896312233169313
-0.41637639795305115,0.3537245357165987,1.0737758055617814,-0.0991852816601831,-1.833721880636633,-0.2952623130020677
-0.406462621348117,0.34911207956998674,1.0756720375850877,-0.10251623017749704,-1.8263886992534617,-0.3014913206082421
-0.3965167456994842,0.3443703698559466,1.0773815729115168,-0.10593770763672879,-1.8184368900523058,-0.30763329252086313
-0.3865419964293841,0.33950164375569664,1.0789001221315597,-0.10944619831567165,-1.8098594931833734,-0.31367089000342424
-0.3765413802872398,0.33450889664909955,1.0802233258602911,-0.11303776728087972,-1.8006505737980643,-0.3195863679297106
-0.3665179264687379,0.3293960706969462,1.0813467356679087,-0.11670794893797581,-1.7908055925643687,-0.32536148638473616
-0.356474336435629,0.32416794638184016,1.0822658790231452,-0.12045185255171754,-1.7803212401103072,-0.33097778665292615
-0.3464131814749014,0.3188303020957389,1.0829762545393238,-0.12426407800264822,-1.769195771631347,-0.33641655612736576
-0.33633671901428297,0.3133898725380229,1.0834733730623949,-0.12813877869894869,-1.7574289609410725,-0.3416590251018381
-0.3262470933478361,0.3078545017933689,1.0837527748325855,-0.13206958779156167,-1.7450224694932062,-0.3466863689552637
-0.31614604011045877,0.30223301828171395,1.0838100758173403,-0.1360497440441391,-1.7319796272187413,-0.3514799817309221
-0.30603508580810124,0.2965353643959149,1.0836409934703828,-0.14007203668932305,-1.7183057769431425,-0.3560215036913783
-0.29591552193752646,0.29077259114278525,1.0832413914684746,-0.14412884608684787,-1.7040083489322402,-0.3602929811251186
-0.2857884569481837,0.2849568793374115,1.0826073295457213,-0.14821216325629422,-1.6890970189113952,-0.3642770011095942
-0.2756546180939059,0.2791013976767903,1.0817350975601534,-0.15231372023850132,-1.673583464096147,-0.36795692773001226
-0.26551459071355554,0.2732203915416098,1.0806212744051638,-0.15642495238947887,-1.657481723043732,-0.37131696356249017
-0.25536872366416774,0.26732906016408614,1.0792627703092343,-0.16053710194150891,-1.6408080406977972,-0.3743423464474862
-0.24521724928348887,0.26144353615866234,1.0776568884684394,-0.1646412406228282,-1.6235810091847893,-0.3770194664798996
-0.23506020123830315,0.25558072692610667,1.075801359496462,-0.1687283778704678,-1.6058213438895232,-0.37933603755771317
-0.22489755603583128,0.24975826573562648,1.0736944060323754,-0.1727894804009592,-1.5875519972975631,-0.38128119529323035
-0.21472930222963363,0.24399440083151938,1.0713348022921625,-0.17681552195715464,-1.568798135735639,-0.38284561470270717
-0.20455535188858429,0.23830777795276673,1.0687218919785608,-0.1807975941606751,-1.5495867905334966,-0.38402163504037934
-0.19437569230103782,0.2327173460622647,1.065855653211992,-0.1847269182411069,-1.5299469168014332,-0.3848033235861488
-0.1841903397007442,0.22724214069742063,1.0627367117771849,-0.18859493033744112,-1.5099090636067385,-0.3851865495775903
-0.17399958592646567,0.22190121780882244,1.0593664365621007,-0.1923932498049427,-1.4895055985648689,-0.3851690240515832
-0.16380379930709432,0.21671334212671547,1.0557468958302823,-0.19611381215943663,-1.468770046755141,-0.3847503411891148
-0.15360357894665388,0.2116968677084041,1.0518809112668208,-0.19974886066779576,-1.4477371110759845,-0.3839319789191423
-0.14339975959771722,0.2068695415752887,1.0477720614561572,-0.20329098922065536,-1.426442399314984,-0.38271728724045284
-0.13319343364347536,0.20224832522945413,1.0434246832456826,-0.20673317301354335,-1.404922187438042,-0.38111145466441576
-0.12298594982481753,0.19784921824338023,1.0388438561613047,-0.21006880174115186,-1.3832131424268523,-0.379121451066108
-0.11277899363178404,0.19368713190819487,1.034035417830888,-0.2132916821376774,-1.361352233077294,-0.37675596972671893
-0.10257451584349749,0.1897757146135036,1.0290059065284842,-0.2163960866498144,-1.3393763366050864,-0.37402532544210576
-0.09237478244111977,0.1861272506546488,1.0237625522567653,-0.21937675900619358,-1.3173221241835538,-0.37094136090483826
-0.08218237770645687,0.18275255868915213,1.0183132442497456,-0.22222893327304033,-1.2952258719688334,-0.3675173349892881
-0.0720000703629556,0.17966087211675466,1.0126664182464806,-0.2249483866765252,-1.2731230002441234,-0.3637677497192928
-0.061830875842130664,0.1768598153237188,1.006831040872919,-0.2275314312510659,-1.2510480653779348,-0.3597082277155806
-0.05167808314885202,0.17435538275607565,1.0008165798917703,-0.22997491667907483,-1.229034704530558,-0.3553553836960013
-0.041545146204129274,0.17215190535527145,0.9946328940715122,-0.23227626341891797,-1.2071153132963808,-0.35072663677783467
-0.03143563553235657,0.17025206428561176,0.9882901516226745,-0.23443347260422745,-1.1853208819615513,-0.3458400375119579
-0.02135322274289659,0.16865693371324308,0.9817987682432955,-0.2364451234032396,-1.163680928842166,-0.3407141108100925
-0.011301663788434817,0.16736603943180575,0.9751693466417181,-0.23831036725322488,-1.1422234534341114,-0.33536770434449953
-0.0012847645499888096,0.16637742957977864,0.9684126066512991,-0.24002892121485642,-1.120974871227077,-0.3298198346104106
0.008693765595813498,0.16568775343394834,0.9615392386973632,-0.24160107343635148,-1.099959730366438,-0.3240894740082768
0.018630175222674038,0.1652923786995517,0.9545599521984744,-0.2430276348234689,-1.0792010472766302,-0.3181955055477299
0.02852089809256962,0.1651854889779138,0.9474852759803852,-0.24430994593257285,-1.058719882010644,-0.3121564796215889
0.038362397348759965,0.1653602092711435,0.9403256273445265,-0.24544982099961804,-1.0385357265251556,-0.30599060467007555
0.04815140530626695,0.1658087275963415,0.933091102554786,-0.24644954201513858,-1.0186660783938408,-0.29971550981389705
0.057884726807645503,0.16652241607187016,0.9257915854169425,-0.24731179605563822,-0.9991269178598322,-0.29334828969631993
0.06755951419035354,0.1674919692401112,0.9184365120491104,-0.2480396611322671,-0.9799322276369955,-0.28690526095611196
0.07717301381997368,0.1687075074417824,0.9110350327110636,-0.24863654033764618,-0.961094579423795,-0.28040207331280187
0.08672275626775047,0.17015870730940602,0.9035958455287607,-0.24910613236364768,-0.942624830438259,-0.27385354466263073
0.09620658624049559,0.1718349248738366,0.8961271471162588,-0.2494523934397213,-0.9245321417595121,-0.26727360062551064
0.10562252987196012,0.1737252807269619,0.8886367191001202,-0.24967948611368923,-0.9068243128128786,-0.2606753457080857
0.11496895586274299,0.17581878769200598,0.8811317857606651,-0.2497917437779046,-0.8895075464170195,-0.25407093853389234
0.12424437964013753,0.17810440121651933,0.8736191581622699,-0.24979362735356733,-0.8725868854224946,-0.2474717250194009
0.1334475820795575,0.1805711238505245,0.8661051312614513,-0.24968969295065166,-0.8560660537380897,-0.24088815834763802
0.14257766333710994,0.1832080986331111,0.8585954323971935,-0.24948455510227394,-0.8399474301368764,-0.2343297688905732
0.15163386648694663,0.18600462790207786,0.8510953619718089,-0.24918285741970778,-0.8242324272264312,-0.227805305753015
0.16061570621407478,0.1889502671667714,0.8436096871680417,-0.248789242417569,-0.8089213225597994,-0.2213226643541548
0.16952288991303233,0.19203485339691992,0.8361427082172703,-0.2483083273771588,-0.7940134575176226,-0.2148889670185456
0.17835530308513897,0.1952485421538766,0.8286982745685167,-0.24774468302073124,-0.7795073172126068,-0.2085106006211658
0.18711301280281797,0.19858184451590752,0.8212797877180593,-0.24710281363602074,-0.7654005791876336,-0.2021932435705653
0.19579625528177366,0.2020256525497591,0.8138902189484285,-0.24638714038864162,-0.7516901881211628,-0.19594190607182543
0.20440535839907054,0.2055712312743207,0.8065321843795982,-0.24560199329553475,-0.7383725283478436,-0.18976101841745202
0.21294083742755385,0.20921027447437074,0.7992078736814041,-0.24475159123683943,-0.7254433223275263,-0.18365439501084246
0.221403273645327,0.21293486763160646,0.7919191651106269,-0.24384004269312065,-0.7128978664717642,-0.1776253549424979
0.22979334225364928,0.21673750593036972,0.7846676142150554,-0.24287133622600543,-0.700731029649237,-0.17167673462999367
0.2381118780259198,0.2206111293298538,0.7774544097221897,-0.2418493258916867,-0.6889372044703467,-0.16581087424993132
0.24635968180607862,0.22454903420181083,0.7702805543947471,-0.24077774977531344,-0.6775106259464517,-0.16002978635851114
0.2545376764719069,0.228544941924452,0.7631467438104037,-0.2396602088336409,-0.6664451853858917,-0.15433507606369393
0.26264683463750305,0.23259296089791867,0.7560534426942835,-0.23850017347764438,-0.6557345718743964,-0.14872802190847523
0.27068815172238186,0.23668756544751596,0.7490009223767471,-0.2373009870119937,-0.6453723414801914,-0.1432096226242442
0.2786626584340149,0.24082359250364707,0.7419892636747621,-0.23606586448694714,-0.6353519316708489,-0.13778061509859296
0.2865714647915404,0.24499625477174436,0.7350183314295151,-0.2347978866126395,-0.6256666391687126,-0.1324414702325439
0.29441559493275204,0.24920104218298225,0.728087933197613,-0.2335000277770095,-0.6163098514364785,-0.12719252872329506
0.3021961731827662,0.2534338071660707,0.7211976680520611,-0.23217512915408717,-0.6072748433481234,-0.1220338974084908
0.30991424393920575,0.25769065503536703,0.7143470980191857,-0.23082593120736206,-0.5985550159299173,-0.11696559083980985
0.31757096722929573,0.26196803731402474,0.7075355865311522,-0.22945504366920735,-0.5901436931609079,-0.11198742134979163
0.32516739586492355,0.26626261519898214,0.7007625074644063,-0.22806498789469434,-0.5820343942462569,-0.10709916373182478
0.3327046264459775,0.27057132910048004,0.6940271217804371,-0.22665817447347877,-0.5742206814003977,-0.10230047275554312
0.34018367459167786,0.27489131404166434,0.687328699056522,-0.22523693015766558,-0.5666963075668571,-0.0975909786016686
0.3476056795572992,0.27922000399989,0.6806663438819629,-0.22380346363868198,-0.5594550237167283,-0.0929701716690225
0.35497160160415575,0.28355494333657805,0.6740392761342626,-0.22235992726580087,-0.5524908940147797,-0.08843760596181316
0.3622825470857184,0.2878939633156153,0.6674465476441697,-0.22090835901364297,-0.5457979899158097,-0.08399270840503743
0.369539520967571,0.2922350247995485,0.6608872724502964,-0.21945073465940743,-0.5393706401153658,-0.0796349437645238
0.3767434759588759,0.2965762337552274,0.6543605905751957,-0.21798896320098443,-0.5332033856462752,-0.07536379269943849
0.3838954271341478,0.3009158986428776,0.6478655711546628,-0.21652486803067042,-0.5272908896901871,-0.07117869304363557
0.3909963411319419,0.3052524529181877,0.6414013190891675,-0.21506021338879835,-0.5216280430455495,-0.0670791151841229
0.3980471606770325,0.30958445876652513,0.6349669590576285,-0.21359670384911547,-0.5162099472730042,-0.06306455494214654
0.40504873505511535,0.3139105536639136,0.6285617049491723,-0.21213600310579692,-0.5110319695006714,-0.05913457944990715
0.4120020735198269,0.3182295972220277,0.6221846333744909,-0.21067968530559444,-0.5060895597708038,-0.055288691701774875
0.4189079871340114,0.3225404405830262,0.6158350163409515,-0.20922931362599087,-0.5013785195984495,-0.05152653808603116
0.425767422977891,0.3268421249595529,0.6095120195649285,-0.20778637462217966,-0.4968947658905892,-0.04784772877998386
0.4325811515740464,0.33113367813583233,0.6032149943523066,-0.20635234754595713,-0.4926345466470849,-0.044252013711219125
0.43935007256141856,0.3354142981526319,0.5969432000742301,-0.20492864414070916,-0.48859424272608437,-0.040739123513911735
0.44607504942693005,0.3396832425259639,0.5906959601380507,-0.2035166471574166,-0.48477048227441744,-0.03730886469240388
0.4527568032812252,0.34393975305556335,0.5844727650929703,-0.20211773632090874,-0.48116019567434515,-0.0339611765094367
0.45939617346705425,0.348183214608129,0.5782730341345932,-0.2007332374559679,-0.47776046961684293,-0.030696002863424277
0.4659940005728815,0.35241307502695574,0.5720962267091305,-0.19936445082118492,-0.47456862245596043,-0.02751335914738637
0.47255102677320077,0.3566287750293377,0.5659419394373016,-0.19801267542695916,-0.4715822519487744,-0.024413384400642807
0.47906803725384395,0.3608298330172457,0.5598097772723676,-0.19667918330062734,-0.46879916641978325,-0.0213962771236897
0.48554575181375176,0.36501576998978325,0.553699458581148,-0.19536524539299652,-0.4662174359750025,-0.018462351404518112
0.4919850539670173,0.36918625253870396,0.5476106022160653,-0.194072089000116,-0.463835305185893,-0.015611938804601983
0.49838654292180373,0.3733407980409085,0.5415431540916665,-0.19280099167613735,-0.46165136654882377,-0.012845593989593729
0.5047510589688949,0.37747911015241126,0.5354968939620559,-0.19155317950123602,-0.4596643667789585,-0.010163866788095364
0.5110792856768359,0.3816008164845207,0.5294718154257708,-0.190329910294355,-0.45787335240840416,-0.007567482460666547
0.5173719996978369,0.3857056265511373,0.52346789253172,-0.18913242828869725,-0.45627759134980883,-0.005057241103229129
0.5236299840191171,0.3897932713813311,0.5174851656089092,-0.18796198571745834,-0.4548766091756848,-0.002634062800533043
0.529853952495893,0.3938634501078155,0.5115238175424001,-0.18681986094005174,-0.4536702084542629,-0.0002990231325244707
0.5360446196205795,0.3979158714903488,0.5055841115690848,-0.18570734915637502,-0.4526584532052728,0.0019466682750759853
0.5422028057988988,0.4019503191113583,0.4996662944538802,-0.18462574865230347,-0.45184166225927186,0.004101695855587775
0.5483292306977958,0.4059665123140882,0.4937707995501117,-0.18357640274153164,-0.4512204496987127,0.006164554154189637
0.554424664468643,0.4099642014540841,0.4878981068381574,-0.1825606777721401,-0.45079570785280126,0.00813359292472996
0.5604899587955519,0.41394318460555063,0.4820487182607385,-0.18157996463244164,-0.4505686222180076,0.010007012809820477
0.5665258074823489,0.4179031467321711,0.47622339466703784,-0.1806357234073659,-0.45054069046375383,0.011782779528909257
0.5725331168889635,0.4218438988884955,0.47042280511800794,-0.17972943034035602,-0.45071372247418384,0.013458724128668926
0.578512621880313,0.4257651223901933,0.46464790468762346,-0.17886264489972034,-0.4510898557612168,0.015032415258433098
0.5844652619397366,0.4296666115135415,0.45889957928672365,-0.1780369607370562,-0.4516715808231966,0.016501248181614053
0.5903918483122751,0.43354805104670563,0.45317897584968586,-0.177254062700992,-0.45246173953195357,0.01786233812286391
0.5962932776366022,0.4374091520536889,0.4474873056792758,-0.17651570499293032,-0.4534635566074383,0.019112557161579315
0.6021704390140858,0.4412495864371814,0.4418259448371432,-0.1758237338654495,-0.4546806499330257,0.020248490230210258
0.6080243124296114,0.4450690464329583,0.4361963512241691,-0.17518008696100779,-0.45611707268734186,0.02126643070125992
0.6138558718550501,0.4488671760570561,0.4306001713149528,-0.17458681755396097,-0.45777732110788527,0.022162333792297366
0.619666146475606,0.4526436055108206,0.4250391961273875,-0.17404610134214898,-0.4596663765518614,0.02293179819079382
0.6254561669369565,0.4563979101977354,0.4195154293696106,-0.17356025697979757,-0.46178972057773143,0.02357002533072319
0.6312271113082695,0.46012969874225884,0.4140309670694911,-0.1731317516000257,-0.4641534257469498,0.02407179749652361
0.6369800777373981,0.4638384584345311,0.4085882354844897,-0.172763238999249,-0.4667641107445789,0.024431411717994952
0.6427163193841138,0.46752369926228815,0.4031897916631027,-0.17245756411782823,-0.4696290803890865,0.024642653840905027
0.6484371507200044,0.4711848840592193,0.39783844065546115,-0.172217797413293,-0.472756347640871,0.02469873177394617
0.6541439029655854,0.4748213901688836,0.3925373081301493,-0.17204726538915469,-0.47615466627950304,0.024592214844542215
0.659838022279232,0.47843256114070254,0.38728978417081866,-0.17194958014479544,-0.4798336525050434,0.024314964510149063
0.6655211188417754,0.48201772439205154,0.38209952112675266,-0.17192868103806605,-0.4838039088397291,0.023858042814691283
0.6711947409345107,0.48557603405236766,0.376970688030748,-0.17198888171442414,-0.4880769600082121,0.023211634964753047
0.6768607279884165,0.4891066767985471,0.3719077043543054,-0.17213492348942364,-0.4926656099652938,0.022364909137795774
0.6825209054743496,0.4926086609087433,0.36691558165931837,-0.17237203656360942,-0.4975838424923917,0.021305919575102802
0.6881774025082648,0.49608099147417334,0.3619997171448622,-0.17270602419448874,-0.5028472288164737,0.020021405954120892
0.6938324393507583,0.4995225116298376,0.3571661744656465,-0.17314334668694117,-0.5084729296978668,0.01849664605859511
0.6994883832161106,0.5029319072630586,0.3524217394177009,-0.17369122662612396,-0.5144799354211369,0.016715242446326502
0.7051478890655768,0.5063077555847029,0.34777392998843704,-0.1743577901637148,-0.5208894562779857,0.014658827570037091
0.7108139290489973,0.5096484966624537,0.34323113422139895,-0.17515223396239718,-0.5277252740035687,0.012306731200535456
0.716489662911209,0.512952303337822,0.3388029062545439,-0.17608500062129226,-0.5350139483933581,0.009635657908650338
0.7221787629628584,0.5162172063011456,0.3344999453047123,-0.17716806749970798,-0.5427856645607426,0.006619082389220113
0.7278852024234048,0.5194408889386084,0.33033455828629577,-0.1784152149481932,-0.5510745223215007,0.0032267667228218565
0.733613504401704,0.5226207300871807,0.3263208396343137,-0.17984245022067322,-0.5599195567391623,-0.0005760870517629033
0.7393688034425628,0.5257537087793787,0.3224751055615955,-0.1814685134773826,-0.569365722744814,-0.0048298081542502164
0.7451570336022075,0.5288363408248273,0.3188163850082023,-0.1833155668832929,-0.5794653431833591,-0.009581594344390378
0.7509849648160352,0.5318644815257947,0.3153672082094787,-0.1854100457619296,-0.5902796628395777,-0.014887115925800552
0.75686063632361,0.534833264259382,0.31215443273926513,-0.18778393807629176,-0.6018816237878185,-0.02081300416513888
0.7627935100699281,0.5377367800250559,0.30921066764340177,-0.19047641403783952,-0.6143589192999891,-0.027439923807013822
0.7687949463227299,0.5405677624986688,0.3065761317894908,-0.1935362249020946,-0.6278187719840875,-0.03486714219256598
0.774878922012636,0.5433171319793881,0.30430139271033696,-0.1970252558046616,-0.6423950398177618,-0.04321929967009768
0.7810628128539121,0.5459731599952942,0.3024516672181536,-0.20102376902618327,-0.6582583146802612,-0.052656311476797946
0.787368889283266,0.5485202695638997,0.30111353729042145,-0.20563885271575325,-0.6756325068012636,-0.06338938458180438
0.7938265666119008,0.550936912677402,0.30040631984641947,-0.21101843114788651,-0.6948220368586507,-0.0757075134943342
0.8004760794963832,0.5531916443590154,0.3005025005777382,-0.21737604084902462,-0.7162594873997851,-0.09002424841768414
0.8073751756596174,0.5552353139287406,0.3016676768664397,-0.22503866123371796,-0.7405970818550716,-0.10696791974545701
0.8146114399285189,0.5569832675182772,0.3043479506521609,-0.23454877849578307,-0.7688991286675363,-0.12757369185246287
0.8223254035435075,0.5582676710126864,0.3093917800089563,-0.24691445733429834,-0.8031032361726166,-0.153752263532878
0.8295278789762484,0.5587035857448758,0.3170577126554213,-0.26150001419566055,-0.840358243502341,-0.18383871070128383
0.8355423887090029,0.5581695624915677,0.3270179535893897,-0.2773617624647269,-0.877771084379078,-0.2156950277851436
0.8402943303146558,0.5566782050492666,0.33920003968864815,-0.29435365715565737,-0.9149236599400717,-0.24895807642429937
0.8437162639825537,0.5542492999771872,0.3535032436559774,-0.3122794692855632,-0.9514387485426355,-0.28322354669317923
0.84575000767158,0.550910269961903,0.36980276871765555,-0.3309060998765739,-0.987003716206785,-0.31806213483788287
0.8463481353397682,0.5466971108016748,0.38795377962550603,-0.34998002728553407,-1.021387309141617,-0.3530388320292826
0.8456572395807449,0.5423085528099291,0.40530665584232045,-0.36692611064316716,-1.050516672446783,-0.3835511962316253
0.8441385473690358,0.5380501130593113,0.4211862739010426,-0.38150391761955105,-1.074719141212614,-0.40941228590945244
0.8420570019757636,0.5338970030485307,0.43602952323998867,-0.3944199072381715,-1.09564363294633,-0.4320534895837699
0.8395551875812125,0.5298309119064596,0.4500941054771535,-0.4060846816816936,-1.1142196682328405,-0.45229447361095704
0.8367191129500855,0.5258390141538455,0.4635446889163457,-0.4167604777448046,-1.1310258896939223,-0.4706521485745921
0.8336049335463575,0.5219122226259254,0.47649330171433923,-0.42662691276695963,-1.1464493134247364,-0.4874764576990821
0.8302514059647731,0.5180438797952295,0.48902017682765575,-0.43581381186372303,-1.1607632194330835,-0.5030175326568896
0.826686494189606,0.5142290721032602,0.5011847472046305,-0.4444186691093698,-1.1741682921340417,-0.5174612761064354
0.8229310507833503,0.5104640976278548,0.513032403205464,-0.45251706960700344,-1.1868167194821544,-0.5309504020298313
0.8190010603302849,0.5067461442736574,0.5245985974391524,-0.46016906814905856,-1.1988268390578112,-0.5435972626807941
0.8149089729920824,0.5030729885421814,0.5359117672872221,-0.46742349207334866,-1.2102928062599922,-0.5554923973695497
0.8106646968865274,0.49944289860677377,0.5469949571616957,-0.47432060786240543,-1.2212906867399627,-0.5667098757332035
0.8062762739817185,0.4958545483479037,0.557867003455317,-0.4808940309475436,-1.2318827371804197,-0.5773110924992518
0.8017501996035433,0.49230682649239915,0.5685437681202689,-0.4871723265309744,-1.2421208188134132,-0.5873478478278424
0.7970918752061398,0.488798882561144,0.5790384736653648,-0.49317983777117247,-1.2520483238072013,-0.5968640342527917
0.7874002951387277,0.4819004898704325,0.5995280001092581,-0.5044372388374516,-1.2711190346776833,-0.6144903216108639
