-0.05630013978051168,0.634178933622564,0.7621047918111611,0.0002614967857719797,-1.4051582925112667,-0.0006639730444104755
-0.056300139797410165,0.634178939526397,0.7621047911643694,0.0002614966987164514,-1.405158319291387,-0.0006639731453098801
-0.055118322347162074,0.6341913080680517,0.7620624644200928,3.367392291671458e-05,-1.4051274895434056,-0.0006369003749182855
-0.053936596519499176,0.6342042431303243,0.7620181226755244,-0.00019410739077554715,-1.4050951900000368,-0.0006098160025539562
-0.052754921348546834,0.6342177759207291,0.761971665651755,-0.0004218543425123234,-1.4050613643118848,-0.0005827208350292169
-0.051573307094366166,0.6342319339276611,0.7619229942122122,-0.0006495636367986009,-1.4050259408486252,-0.0005556142382806891
-0.0503918195618014,0.6342467443772964,0.7618720100972655,-0.0008772212263656902,-1.4049888486350888,-0.0005284967963905935
-0.04921042641851215,0.6342622362910819,0.7618186088265465,-0.0011048319162732187,-1.404950012198421,-0.0005013667860824324
-0.048029175963329104,0.63427843843301,0.7617626867327697,-0.001332384913844748,-1.4049093566820163,-0.00047422427689539526
-0.04684797560244688,0.6342953824936408,0.7617041299568531,-0.0015598964991853583,-1.4048667998569342,-0.00044706604071830045
-0.04566695450884303,0.6343130981824897,0.7616428313626116,-0.001787340162543257,-1.404822264407064,-0.0004198938839435058
-0.04448602163112343,0.6343316197905778,0.7615786678420763,-0.002014731739787044,-1.4047756614586118,-0.000392704482101746
-0.043305252461854536,0.6343509807093584,0.7615115192286206,-0.002242054901121331,-1.404726904307781,-0.0003654982731188592
-0.042124613116541976,0.6343712179369653,0.7614412526733775,-0.0024693142871444456,-1.4046758970924413,-0.00033827310175873966
-0.04094418864064771,0.6343923686113808,0.7613677346273152,-0.00269649154444362,-1.4046225434854012,-0.0003110294742037919
-0.03976387955088791,0.6344144756936203,0.7612908110657668,-0.0029236037203820278,-1.4045667323581579,-0.0002837635506304156
-0.03858378464421183,0.6344375814782955,0.7612103299991498,-0.003150629580679356,-1.4045083541163985,-0.00025647597448265206
-0.03740390053552445,0.634461733490365,0.7611261209250997,-0.0033775674146760085,-1.4044472858002748,-0.00022916492399455352
-0.03622420847838653,0.6344869835817484,0.7610379978988393,-0.003604418309345092,-1.4043833933208985,-0.00020182810236336955
-0.03504479635519504,0.6345133858676559,0.7609457666832579,-0.003831162666402239,-1.404316536653409,-0.00017446555509874047
-0.03386565124397521,0.6345410019161337,0.760849206572699,-0.004057800075678548,-1.404246556676311,-0.0001470748456233171
-0.03268680101360685,0.6345698986404251,0.7607480776571052,-0.004284322048963613,-1.4041732804434948,-0.00011965431698839189
-0.03150825092111456,0.6346001508578628,0.760642111786474,-0.004510724187433861,-1.4040965146569098,-9.220159394522519e-05
-0.0303300470616066,0.6346318410448809,0.7605310133170367,-0.004736993929893141,-1.4040160462216937,-6.471503332808181e-05
-0.029152194605040087,0.6346650631272238,0.7604144457046115,-0.004963126221306243,-1.4039316325604823,-3.719178050187079e-05
-0.027974773444314514,0.6346999213603383,0.7602920352726714,-0.005189101235724011,-1.403843004362271,-9.630425526691409e-06
-0.02679785183565142,0.63473653520251,0.7601633539382551,-0.005414900886204621,-1.4037498531096675,1.797106559975066e-05
-0.025621441192747025,0.6347750443067555,0.7600279014285171,-0.005640517383405683,-1.4036518182447584,4.56164893168856e-05
-0.024445615258378163,0.6348156092414262,0.7598851024473189,-0.005865930239998352,-1.4035484851628515,7.330870504243632e-05
-0.02327045851655844,0.6348584187621628,0.7597342807405753,-0.006091115996774083,-1.4034393665088436,0.00010105096243074768
-0.022096043534676833,0.6349036985361435,0.7595746278985374,-0.006316052336784746,-1.403323879683751,0.000128847603655937
-0.02092252240009738,0.6349517183926091,0.7594051771898028,-0.0065407002383701274,-1.4032013280157787,0.00015670212050982834
-0.019750081822615784,0.6350028088099114,0.7592247446122611,-0.006765012167413093,-1.4030708582651337,0.00018461851978950313
-0.018578853427482826,0.6350573871431275,0.7590318351604473,-0.006988948581471078,-1.402931393038386,0.00021260391481597925
-0.017409173444093397,0.6351159789580989,0.758824565857847,-0.007212427322309157,-1.402781575411838,0.0002406629982649116
-0.016241382330122883,0.6351792785504543,0.7586004494680726,-0.007435360480742733,-1.4026196129886537,0.0002688038486718039
-0.015076060457826702,0.6352482217804837,0.7583561331525513,-0.007657607010155915,-1.402443089641875,0.0002970339507365061
-0.013914011743353983,0.6353241345939612,0.7580868666732142,-0.00787897176350295,-1.402248582279667,0.0003253634712109636
-0.012756590541174142,0.6354089943195065,0.7577855660162229,-0.008099135476769295,-1.402030986176749,0.0003538027678210652
-0.011606264385562514,0.6355059848878656,0.7574408241021738,-0.008317531573482024,-1.401782081677113,0.0003823599768786491
-0.010468095825518291,0.6356208593842257,0.7570320288919717,-0.008533024971011521,-1.4014870168836129,0.00041103238003568947
-0.00935561936623348,0.6357661482846088,0.7565142835521156,-0.008742672068032961,-1.4011134437889212,0.0004397481130942129
-0.008329944946136805,0.6359819365237517,0.755743936845543,-0.008933673070890024,-1.4005578752272174,0.0004678330846537643
-0.008302626742823482,0.6364169096290885,0.7541867895140781,-0.008927456217487969,-1.399435797310761,0.0004764138471501982
-0.009287733408010408,0.6366520099714803,0.7533431258168747,-0.008732902361683377,-1.3988281916672984,0.00045717189878019906
-0.010368097937747608,0.6368205290223263,0.7527378397041442,-0.008522113449237796,-1.398392516423632,0.0004343048105571151
-0.011477796356905117,0.6369605040001005,0.7522348392477034,-0.008306640043518497,-1.3980306178522173,0.00041010761448756315
-0.012601522080372737,0.6370840337166006,0.7517908238518715,-0.008089063260846636,-1.397711268749758,0.0003851805120135766
-0.013733370572683888,0.6371967163559111,0.7513857578984453,-0.007870348477223727,-1.397420023351355,0.0003597752913186416
-0.014870434358886464,0.6373016659234418,0.7510084966253897,-0.007650958802417773,-1.3971488471268023,0.00033402404241748206
-0.016011075153007256,0.6374008214046984,0.7506521009112196,-0.00743114870668185,-1.3968927379459828,0.0003080054210730885
-0.01715432812529206,0.6374954890645487,0.7503118963504101,-0.007211062557062001,-1.3966483265386036,0.0002817693241094721
-0.018299495567659706,0.6375865903401207,0.7499845861732457,-0.006990805057948704,-1.396413236792017,0.0002553515238392372
-0.019446105221699008,0.6376748081636155,0.7496677273973089,-0.006770445045529348,-1.3961857081504656,0.00022877749233058507
-0.020593836431262686,0.63776066613402,0.7493594474465904,-0.006550027295982483,-1.395964391305676,0.0002020657396921318
-0.021742404957893313,0.6378445718199525,0.7490582892047701,-0.0063295931652099235,-1.3957482364269285,0.00017523150257483505
-0.022891649811976944,0.6379268565011602,0.7487630686747975,-0.006109162948078689,-1.395536390647393,0.00014828537321535509
-0.024041383419737893,0.6380077864136648,0.748472834805191,-0.00588876399504192,-1.3953281689775483,0.00012123724099044803
-0.02519151138079425,0.6380875866663458,0.7481867838080126,-0.005668407284638545,-1.3951229926627517,9.40937915820663e-05
-0.02634192329052356,0.6381664443367286,0.7479042481198004,-0.00544810803493217,-1.3949203811250446,6.686128847768228e-05
-0.027492567150914842,0.6382445215452698,0.747624649579694,-0.005227871216171314,-1.3947199182918677,3.954397859241829e-05
-0.028643300658797385,0.6383219512181924,0.7473475145992988,-0.005007719834033546,-1.3945212633818107,1.2147741873660833e-05
-0.029794143715792785,0.6383988585906307,0.7470723971951172,-0.004787646468134672,-1.3943240956879344,-1.532582013624501e-05
-0.03094499054550851,0.638475345206698,0.7467989362379064,-0.0045676682612247515,-1.3941281555411287,-4.287246198724071e-05
-0.03209576991176733,0.6385515023995983,0.7465268072079361,-0.0043477961648376515,-1.393933209710916,-7.048904738198144e-05
-0.033246483109243836,0.6386274158322767,0.7462557059793476,-0.004128027631660293,-1.3937390397575649,-9.817442983120932e-05
-0.03439717487912379,0.6387031652163525,0.7459853498491764,-0.0039083521458936595,-1.3935454427493565,-0.00012592873444501642
-0.03554771908988828,0.6387788116039739,0.7457155228576244,-0.0036887920864018308,-1.3933522636798972,-0.00015374815240032778
-0.03669809008486344,0.638854416386523,0.7454460079620545,-0.0034693508698681263,-1.3931593469000298,-0.0001816314501451747
-0.037848233628955626,0.6389300336985284,0.7451766141304026,-0.0032500375618291877,-1.3929665554852317,-0.00020957684070491142
-0.03899819053859665,0.6390057193200963,0.74490714462941,-0.0030308432838265066,-1.392773748542202,-0.00023758497182774907
-0.04014790573551266,0.6390815187689092,0.7446374394268224,-0.002811777594607468,-1.3925808115267764,-0.0002656542745199992
-0.041297402295697144,0.6391574793119257,0.7443673324248196,-0.002592835304290828,-1.392387625652102,-0.00029378518468133746
-0.04244658831359058,0.6392336376779689,0.7440966951455663,-0.0023740332435589007,-1.392194099109775,-0.00032197541520094096
-0.043595477067881076,0.6393100350090914,0.7438253835717152,-0.0021553683210156927,-1.3920001290627075,-0.00035022533170863703
-0.044744101248820195,0.639386711590712,0.743553256904191,-0.0019368338519904374,-1.3918056150474032,-0.0003785358627112254
-0.0458923777057043,0.6394636981097244,0.7432802085648844,-0.0017184452900644376,-1.3916104811232393,-0.0004069051511415981
-0.04704029178212201,0.6395410282007873,0.743006121660284,-0.0015002051326130272,-1.3914146440465076,-0.0004353330859557724
-0.048187890719822254,0.6396187383453904,0.7427308693810005,-0.001282104183548625,-1.391218013553695,-0.0004638211558904154
-0.04933507447000795,0.6396968539258112,0.7424543643893505,-0.0010641613186363923,-1.3910205276285288,-0.0004923672505811324
-0.050481864094112844,0.6397754075826003,0.7421764938041067,-0.0008463724470790635,-1.3908221060775545,-0.0005209723184902381
-0.05162828323390854,0.6398544314461972,0.7418971467338739,-0.0006287330605339266,-1.390622670183783,-0.0005496374322216939
-0.052774254299197854,0.6399339500989079,0.7416162391355986,-0.00041125792106908195,-1.3904221604483542,-0.0005783611834476901
-0.05391975827575717,0.6400139917078513,0.741333674455173,-0.0001939507110397592,-1.390220508499475,-0.0006071436701846322
-0.05506482584159232,0.6400945876915864,0.7410493448470852,2.319426700678697e-05,-1.3900176379631122,-0.0006359862905265493
-0.056209423344896,0.6401757648912252,0.7407631588073221,0.00024017045443782407,-1.3898134841761098,-0.0006648888733998508
-0.05735351689826176,0.6402575501534157,0.7404750249914296,0.0004569712217485389,-1.3896079826441141,-0.0006938512854182443
-0.05849713722107753,0.640339975172339,0.7401848351792855,0.0006736021413755796,-1.3894010568958153,-0.000722875076994597
-0.05964025862878189,0.6404230680090224,0.7398924941585475,0.0008900580575260582,-1.3891926397881087,-0.0007519604218510111
-0.06078280792184152,0.6405068537383805,0.7395979174168551,0.0011063247939515535,-1.38898267185908,-0.0007811063274210448
-0.06192481558046367,0.6405913656979805,0.7393009916078805,0.001322407770673343,-1.388771073158011,-0.0008103144914604121
-0.06306627606545742,0.6406766355348574,0.7390016095776925,0.0015383055566328284,-1.3885577682043364,-0.0008395857539781284
-0.06420707613487293,0.6407626878484105,0.7386996891402242,0.0017539963205530176,-1.3883426993600394,-0.0008689182400766737
-0.06534726145121487,0.6408495604121839,0.7383951021331098,0.0019694882666354565,-1.3881257763098485,-0.0008983142109124634
-0.06648684775029776,0.6409372904022377,0.7380877227984103,0.0021847839028935824,-1.3879069105160984,-0.0009277752352028705
-0.06762575174896011,0.641025909150667,0.7377774461465282,0.0023998669995005596,-1.387686028295435,-0.0009573003888131872
-0.06876398933587646,0.6411154577011646,0.7374641334921599,0.002614740039718561,-1.3874630320585877,-0.0009868913849635104
-0.06990148152935038,0.6412059720411996,0.7371476641761984,0.002829387575413252,-1.3872378371147924,-0.001016547552897478
-0.07103827513831248,0.6412975009222203,0.7368278732841593,0.003043817876889219,-1.3870103273774885,-0.0010462715873098974
-0.07217428718407579,0.6413900859454656,0.7365046212917615,0.0032580147020864945,-1.3867804049035228,-0.001076062895056348
-0.07330946235856488,0.6414837745080126,0.7361777488454477,0.0034719670199852702,-1.3865479577443607,-0.0011059217036203754
-0.0744438200651243,0.641578624488854,0.735847060501927,0.003685677861938992,-1.3863128483961318,-0.001135850329096274
-0.07557726619515429,0.6416746893147768,0.7355123768644467,0.0038991288478978183,-1.3860749508693424,-0.001165848233913203
-0.07670975813461071,0.6417720324304095,0.7351734841887413,0.004112311297685537,-1.3858341148885085,-0.0011959163886991393
-0.07784127121002399,0.6418707256619708,0.7348301401966377,0.004325219885841485,-1.3855901700380353,-0.0012260564209581857
-0.07897175182013011,0.6419708463895261,0.7344820840150816,0.004537843833259875,-1.3853429328436646,-0.0012562694001311294
-0.08010113084356538,0.6420724800805044,0.7341290274599094,0.004750169430757727,-1.385092200601941,-0.001286556219300435
-0.08122936585727539,0.6421757259351306,0.7337706355611431,0.004962187980623502,-1.3848377375786662,-0.001316918770997455
-0.08235633330682168,0.6422806893054349,0.7334065530318045,0.00517387554174862,-1.3845792938246417,-0.001347357099663074
-0.08348192174652026,0.6423874928937461,0.7330363655720602,0.005385210471011471,-1.384316577746295,-0.0013778719638439462
-0.08460605606749692,0.6424962829858012,0.7326595785327044,0.005596177955752795,-1.384049241013517,-0.0014084655898117576
-0.08572859500949646,0.6426072245246289,0.7322756342882228,0.005806750801263507,-1.3837768909407329,-0.0014391390055922405
-0.08684940072822799,0.642720514088325,0.7318838676667255,0.0060169025039500485,-1.3834990589465144,-0.0014698940696958346
-0.08796827238944187,0.642836381826425,0.73148349972788,0.006226594823283036,-1.3832151962249366,-0.0015007318465484513
-0.08908495267128375,0.6429551035646951,0.7310735965109746,0.006435779053143296,-1.3829246446102457,-0.001531653032116735
-0.0901991926833392,0.6430770244249208,0.730652988306666,0.006644408246149718,-1.3826265795132053,-0.0015626601273187018
-0.09131058965514886,0.643202565553014,0.7302202475668836,0.0068524068983193374,-1.3823199944626567,-0.00159375347091699
-0.09241870721774328,0.6433322735753848,0.7297735199378527,0.0070596936361859075,-1.38200358168931,-0.0016249353872257507
-0.09352283909335196,0.6434668503169199,0.7293104241500996,0.0072661372264092704,-1.3816756615962875,-0.0016562048034184228
-0.09462209969735505,0.6436072565580148,0.7288276982892711,0.007471573966063658,-1.3813339329051413,-0.0016875618225150413
-0.0957151063678876,0.6437548370653028,0.728320775291027,0.007675749037760588,-1.3809751730109188,-0.0017190022788778285
-0.0967997110607817,0.6439115967798581,0.7277828432856898,0.007878267910012124,-1.3805945744994401,-0.001750516762238442
-0.0978722104213152,0.64408075602921,0.7272029572730866,0.008078452147056618,-1.380184411811813,-0.0017820820859076616
-0.09892521846760956,0.6442680935428379,0.7265614712121079,0.008274950928932705,-1.379730815756763,-0.0018136346498740575
-0.09994017002379302,0.6444860913916862,0.7258159397497864,0.008464370898449428,-1.3792038180065678,-0.0018449626077719171
-0.10083928627958633,0.6447739069070257,0.7248331989473599,0.00863247419291002,-1.3785093879942583,-0.0018748645758515984
-0.10066146343402488,0.6452290997781273,0.7232827408648161,0.00860181350132236,-1.3774141354426692,-0.0018798369263184087
-0.09960901153169309,0.6454148209301219,0.7226515843030779,0.008408243914953756,-1.3769680964072737,-0.0018556765841152127
-0.0984935302494841,0.6455263217019334,0.7222732621239638,0.008202819261341586,-1.3767006949786087,-0.0018281775241813262
-0.09736159771738655,0.6456064174109635,0.7220018618416755,0.00799429689181347,-1.3765088084135406,-0.0017995260072629275
-0.09622280158025649,0.6456685148137165,0.7217917225342201,0.007784486322445937,-1.376360177153174,-0.001770277408841667
-0.09508052061025343,0.645718769186274,0.7216218906881491,0.007574025793006011,-1.3762400023766763,-0.0017406611990498587
-0.09393625135294634,0.645760591703288,0.7214807585304487,0.007363197858229408,-1.3761400874797454,-0.0017107953311999485
-0.09279074074570579,0.6457960998953733,0.72136112279995,0.007152143379353654,-1.376055346808193,-0.0016807485639464697
-0.09164444639712484,0.6458267110843917,0.7212581635760524,0.006940948266816846,-1.3759823778614575,-0.0016505659879743435
-0.09049762107793681,0.6458534296166,0.7211684663435773,0.00672965988137227,-1.3759187705391795,-0.001620277714094605
-0.08935040824920464,0.6458769972699376,0.7210895099351206,0.00651830504911752,-1.3758627454988626,-0.001589904833290311
-0.0882029677107707,0.6458979787601973,0.7210193753900989,0.006306913405043705,-1.3758129485651394,-0.0015594647355406763
-0.08705535455185154,0.6459168179333067,0.7209565548910456,0.006095495194488898,-1.3757683157955212,-0.0015289691348422375
-0.08590761600971697,0.6459338701229377,0.7208998415649986,0.0058840591932839015,-1.375727995677056,-0.0014984274226470355
-0.08475975475405047,0.6459494257342556,0.7208482493047262,0.0056726059655982765,-1.3756912925117908,-0.0014678462227184642
-0.08361183927008344,0.6459637246355188,0.7208009636918714,0.005461148230962154,-1.3756576317914953,-0.0014372327043342531
-0.08246389246256686,0.6459769690310212,0.7207572983477878,0.00524969033308781,-1.3756265293600094,-0.001406591877169971
-0.08131589883697381,0.6459893313765598,0.7207166680163812,0.005038229592049316,-1.375597572413503,-0.00137592697696216
-0.08016790210930949,0.6460009594062959,0.7206785713534082,0.004826774270430264,-1.3755704073709123,-0.0013452422113088018
-0.0790199054570002,0.6460119818610033,0.7206425715786935,0.004615325202645957,-1.3755447261997074,-0.001314540208726935
-0.07787188448366378,0.6460225118128351,0.7206082851640273,0.0044038781991803215,-1.3755202584330084,-0.001283822449964367
-0.07672390128900479,0.6460326484118445,0.7205753757471898,0.004192445033961929,-1.3754967668994775,-0.0012530923830309112
-0.07557593847634209,0.646042480607502,0.7205435417064693,0.003981022882273633,-1.375474038921039,-0.0012223510379401844
-0.07442794525500389,0.6460520884186964,0.7205125117925554,0.0037696028086895822,-1.3754518832385123,-0.0011915982991113612
-0.07327993638760369,0.6460615435440126,0.7204820429179142,0.003558187993357577,-1.3754301284736603,-0.0011608355913746472
-0.07213195742330887,0.6460709108558147,0.7204519151245093,0.003346787321326503,-1.3754086195724224,-0.0011300649782904398
-0.07098401523163612,0.6460802499197446,0.7204219265248987,0.00313540258757532,-1.3753872142210888,-0.0010992873234918266
-0.06983609650606352,0.6460896156328464,0.7203918911137331,0.0029240319165250005,-1.3753657813057565,-0.0010685028069524168
-0.06868819104688852,0.6460990587128678,0.7203616370742996,0.0027126740320044048,-1.3753441997231801,-0.001037711561832376
-0.06754034603685483,0.6461086258187847,0.7203310062811928,0.0025013382599317767,-1.375322358040612,-0.0010069151465494951
-0.06639251150150383,0.6461183613220463,0.7202998485381201,0.002290016071748021,-1.3753001504036468,-0.0009761124103592929
-0.06524472124317875,0.6461283062220405,0.7202680249670181,0.002078714393229742,-1.375277478958182,-0.000945304355668198
-0.06409691339881936,0.6461385000496799,0.7202354018494607,0.0018674225820686,-1.3752542494779403,-0.000914489334243296
-0.0629491690737789,0.6461489790929502,0.7202018562395595,0.0016561563416811614,-1.3752303753621495,-0.0008836694559255028
-0.061801486880203156,0.6461597786477941,0.7201672687144328,0.0014449162240260007,-1.3752057724878097,-0.0008528445452925792
-0.060653804173673706,0.6461709331718904,0.7201315228281102,0.0012336915379893149,-1.3751803588262805,-0.0008220127132105704
-0.05950620364918502,0.6461824745081813,0.7200945107602448,0.0010224983817239126,-1.3751540584606776,-0.0007911759124569781
-0.05835865033673702,0.6461944346305128,0.7200561244874838,0.0008113312322915338,-1.3751267953222308,-0.0007603328764164422
-0.057211114573512335,0.6462068446973988,0.7200162587725445,0.0006001855742939844,-1.3750984953142253,-0.0007294824222685098
-0.05606366430296898,0.6462197341744503,0.7199748139577852,0.0003890748944092839,-1.375069088297423,-0.0006986259384980358
-0.05491630278901285,0.6462331327241603,0.7199316898730833,0.0001780008154622684,-1.3750385037729445,-0.0006677630242285899
-0.05376899021801782,0.6462470702410842,0.7198867856855147,-3.3042925809782075e-05,-1.375006670778942,-0.0006368920690149231
-0.05262174902018797,0.6462615757615007,0.7198400033831858,-0.0002440510950866683,-1.3749735203603135,-0.0006060130870224894
-0.05147460202939955,0.6462766782978384,0.7197912450739058,-0.0004550183493642397,-1.3749389836611392,-0.0005751260552198157
-0.05032750510339664,0.6462924079330657,0.7197404094250411,-0.0006659516082589162,-1.3749029894052363,-0.0005442291002370093
-0.049180476789282425,0.6463087942810921,0.71968739660887,-0.0008768462249633005,-1.3748654673984593,-0.0005133219852415163
-0.04803357714947915,0.646325866795158,0.719632107298543,-0.0010876898580053545,-1.3748263478208689,-0.00048240554696909994
-0.04688675021053493,0.6463436572998053,0.719574434448154,-0.0012984914526385915,-1.3747855554170378,-0.000451477443717778
-0.04574003373599566,0.6463621970831103,0.7195142726794237,-0.0015092426548535477,-1.3747430161333303,-0.000420537810328898
-0.044593475662876775,0.6463815182228377,0.7194515139771618,-0.0017199331855974557,-1.3746986540800035,-0.0003895870044611115
-0.04344703982072461,0.6464016554446288,0.7193860416265709,-0.0019305681548155958,-1.3746523872504397,-0.0003586230588526305
-0.042300698486823995,0.6464226449327317,0.7193177340375349,-0.00214115103538747,-1.3746041302262366,-0.0003276441749411107
-0.04115448929890762,0.6464445234623497,0.7192464675483786,-0.002351673219010743,-1.3745537961613392,-0.00029665025637129217
-0.04000844020323806,0.6464673299590483,0.7191721113317375,-0.002562127784273548,-1.3745012931892628,-0.0002656408821324822
-0.03886254313329141,0.6464911064192255,0.7190945243574757,-0.0027725143287863283,-1.3744465222832294,-0.00023461458574635782
-0.03771682938712353,0.6465158967785589,0.7190135590457971,-0.002982825112727314,-1.3743893798385365,-0.00020357088949388169
-0.036571357582485114,0.6465417474452806,0.7189290594981883,-0.0031930472659383088,-1.3743297564273997,-0.00017250997330937236
-0.03542604461200479,0.6465687117284755,0.718840846983413,-0.0034031937905717705,-1.3742675265808086,-0.00014142808529632738
-0.03428094727745803,0.6465968440761286,0.718748738702227,-0.0036132518603993803,-1.3742025620073268,-0.00011032515900204342
-0.03313613125574424,0.6466262034905764,0.7186525365975541,-0.0038232068533066155,-1.374134723728643,-7.920126162007738e-05
-0.03199155149586966,0.646656857558359,0.7185520140761925,-0.004033064266405235,-1.374063852722173,-4.8053320639820375e-05
-0.03084727360057157,0.6466888777662951,0.7184469312762558,-0.004242809079837082,-1.3739897806904133,-1.6881125591338364e-05
-0.029703301476199914,0.6467223451915343,0.7183370163354857,-0.0044524373268781435,-1.3739123168778764,1.4317379096678608e-05
-0.028559663796157334,0.6467573496706698,0.7182219680038208,-0.004661940205425726,-1.373831249923042,4.55437696263419e-05
-0.02741641568547884,0.6467939914115683,0.7181014502375191,-0.004871303714864743,-1.373746344068745,7.679912314814695e-05
-0.026273561004080036,0.6468323857490105,0.7179750764176348,-0.005080522839029418,-1.373657328068727,0.00010808618481279687
-0.02513113982412046,0.6468726633006066,0.7178424086501162,-0.005289585429503517,-1.3735638947187863,0.0001394070265435911
-0.023989243825319095,0.646914972814669,0.7177029481885681,-0.005498469305981909,-1.3734656941449936,0.00017076268333420365
-0.022847896097658468,0.6469594903213178,0.717556105013519,-0.005707164118753079,-1.3733623124284826,0.00020215653452096652
-0.021707254566066144,0.6470064176541916,0.7174012023619999,-0.005915633965898715,-1.3732532748374686,0.00023358881926794435
-0.020567337306319218,0.647056001844726,0.7172374123088233,-0.0061238673998749845,-1.3731380005629388,0.0002650643425130107
-0.019428274747902832,0.6471085368154654,0.7170637495600759,-0.006331830999561927,-1.3730157984280058,0.000296585731242108
-0.018290242027365733,0.6471643822196413,0.7168790084624485,-0.006539481314807485,-1.3728858226876315,0.0003281555627008311
-0.01715345657938442,0.6472239873847905,0.7166816827668091,-0.00674676469740338,-1.3727470167362634,0.0003597768281456214
-0.016018160212564747,0.647287928516089,0.7164698410039756,-0.006953619630942156,-1.372598025686645,0.0003914540269439708
-0.014884738746730856,0.6473569587326996,0.7162409585469078,-0.007159953476028875,-1.3724370785822548,0.000423190756990345
-0.01375373671558971,0.6474320994903743,0.7159916112383939,-0.007365637474529013,-1.372261773498373,0.0004549907877550268
-0.012625954584286994,0.6475147973251215,0.7157169499604097,-0.007570484986373392,-1.3720687089908474,0.00048685793469654417
-0.011502728940226317,0.6476072140301725,0.7154097277233232,-0.007774192917855705,-1.3718528017204137,0.0005187930580143028
-0.010386509635490869,0.6477128387676041,0.7150582474572958,-0.00797622090582921,-1.3716058471162995,0.0005507879652456859
-0.009282352158864828,0.6478379998768704,0.7146412934455252,-0.008175481177302761,-1.3713129646008173,0.0005828082005284826
-0.008203849519363232,0.6479965808271655,0.7141123182367826,-0.008369138898513715,-1.3709415080461773,0.0006147033644655406
-0.007213905533154148,0.6482337288566704,0.7133199259171802,-0.008544586556527144,-1.370385307856702,0.0006454481179933795
-0.007235113842218631,0.648703511982657,0.7117460502627999,-0.00852952591927689,-1.3692813497785605,0.0006518680885750059
-0.00819730663871623,0.648953884710177,0.7109053101919531,-0.008348061721459786,-1.368691894455926,0.0006288702959357883
-0.009247917723513268,0.6491343961443957,0.7102986114191029,-0.008152343912520513,-1.3682667469738183,0.0006022600892897486
-0.010326254972259643,0.6492845700623213,0.7097936215687122,-0.007952452607179392,-1.3679130042689545,0.0005743352992861152
-0.011417963086534479,0.6494171735215359,0.7093475840948673,-0.007750677159425569,-1.367600653403879,0.0005456966955528722
-0.012517463401576685,0.6495381510891605,0.7089405903428043,-0.007547878489490172,-1.3673157224880403,0.0005165951318348957
-0.013621974854641795,0.6496508189491772,0.7085615342959358,-0.007344474777489173,-1.367050418123587,0.0004871622293954118
-0.014729902738730082,0.6497572450587857,0.7082034905433796,-0.007140700391808739,-1.3667998809264568,0.00045747663943469314
-0.015840333225138975,0.6498588279512777,0.7078617757346466,-0.0069366833388296864,-1.3665608250104007,0.0004275871519359196
-0.016952616896277292,0.6499565563544952,0.7075330792911092,-0.006732514356125945,-1.366330927794411,0.00039752848197492646
-0.018066326055277717,0.6500511644677707,0.7072149432205436,-0.006528250708814585,-1.3661084650210689,0.00036732490563729474
-0.01918112414819342,0.6501432114613336,0.7069054959060855,-0.006323937842581523,-1.3658921238906558,0.00033699522328918313
-0.020296738738671015,0.6502331349400968,0.7066032730028124,-0.006119612886042185,-1.3656808773886948,0.00030655438304576205
-0.021412999559397097,0.6503212894449458,0.7063070884181589,-0.00591529674662352,-1.3654738937990127,0.00027601300570698347
-0.022529769416733552,0.650407964433113,0.7060159741366163,-0.005711006169501268,-1.3652704944341156,0.00024537964885655437
-0.023646926842569874,0.6504933993757379,0.7057291296487068,-0.005506756471037723,-1.3650701181455456,0.00021466155200713252
-0.024764363764131617,0.6505777952596374,0.7054458834138257,-0.005302561641475866,-1.3648722942856328,0.00018386489349866945
-0.025882000378997797,0.6506613241574071,0.7051656607918584,-0.005098431399971544,-1.3646766202225034,0.000152994520979977
-0.026999763458285166,0.6507441338477471,0.7048879685747227,-0.004894374994592466,-1.3644827504696626,0.00012205465387801916
-0.02811760618580056,0.6508263540352535,0.7046123741472622,-0.0046903974409974285,-1.3642903820857974,9.104841183292456e-05
-0.029235482524583033,0.6509080980979174,0.7043384996410934,-0.004486504122867715,-1.3640992505505316,5.997858867106084e-05
-0.03035331667267481,0.6509894637431406,0.7040660197300552,-0.004282706249132185,-1.3639091281886384,2.8848548438308452e-05
-0.03147118090126455,0.651070548191132,0.7037946107994808,-0.004078988392599792,-1.3637197886880739,-2.342689116759872e-06
-0.03258888833907324,0.6511514204139669,0.7035240438580088,-0.0038753826615481896,-1.3635310718679012,-3.358906190344941e-05
-0.03370652319753399,0.6512321610761446,0.7032540508776651,-0.003671872013597724,-1.3633427904632829,-6.489223617544761e-05
-0.03482399957294108,0.6513128317513829,0.7029844277746727,-0.0034684706257740753,-1.3631548018968844,-9.624926428069728e-05
-0.03594131229126288,0.6513934940738282,0.702714970359878,-0.0032651781664045846,-1.3629669636273098,-0.0001276595799695772
-0.03705841223803846,0.6514742015482005,0.7024455017048495,-0.0030620024661229426,-1.362779152202377,-0.0001591214921554072
-0.03817532496865549,0.6515550088175279,0.7021758411953953,-0.002858937927010455,-1.3625912416911132,-0.00019063550914628062
-0.03929201692331937,0.6516359625895093,0.7019058348191634,-0.0026559898420605217,-1.3624031247737813,-0.00022220056288050778
-0.04040842595524984,0.6517171043217297,0.7016353461784662,-0.00245316880243471,-1.3622147064735464,-0.00025381485245303285
-0.04152454725047155,0.6517984768900298,0.701364234256607,-0.0022504750904803156,-1.362025888664929,-0.0002854782656913286
-0.042640377712546584,0.6518801209517503,0.7010923655528878,-0.0020479087726833875,-1.3618365785193247,-0.0003171908081204815
-0.04375593825984947,0.6519620769268792,0.7008196074912766,-0.0018454656495261385,-1.3616466839159371,-0.0003489532324654688
-0.0448711556028232,0.6520443765909582,0.7005458563860484,-0.0016431586977305513,-1.3614561328989299,-0.00038076366567940423
-0.04598608041209261,0.652127059395476,0.7002709831464036,-0.0014409784672895283,-1.3612648358928672,-0.00041262382170117085
-0.047100625377103314,0.6522101533522665,0.6999948968391695,-0.0012389406078526508,-1.3610727299194156,-0.00044453152290485626
-0.04821481418314696,0.6522936936954997,0.6997174826568153,-0.001037040692478327,-1.3608797354476856,-0.00047648781071616016
-0.049328659020695664,0.6523777140476488,0.6994386312927646,-0.0008352764403174691,-1.3606857768217768,-0.0005084934497783874
-0.0504420811315685,0.6524622405379392,0.6991582584402337,-0.0006336621019092098,-1.3604907958185746,-0.0005405466320575024
-0.05155507076668558,0.6525473040187136,0.6988762642508798,-0.0004321994601342894,-1.360294723458066,-0.0005726475716764154
-0.05266765378348939,0.652632937826988,0.6985925407942281,-0.00023088389644820926,-1.360097485189041,-0.0006047975564740201
-0.05377979790176362,0.6527191707592747,0.6983069953417015,-2.9721368746457707e-05,-1.3598990170734957,-0.0006369962377722943
-0.05489147037651312,0.6528060315962655,0.6980195353649548,0.0001712820554849385,-1.3596992553608356,-0.0006692432923881714
-0.05600270525981773,0.6528935545817067,0.6977300504251216,0.0003721323516154833,-1.359498123906547,-0.0007015403785402463
-0.05711347007159575,0.6529817691745285,0.697438446088887,0.0005728234277600683,-1.3592955577316972,-0.0007338872688801924
-0.05822369749812868,0.6530707025578056,0.6971446356065993,0.0007733428731497332,-1.3590914972419799,-0.0007662827580568835
-0.05933343861397872,0.6531603921316295,0.6968484986619333,0.000973699639649559,-1.3588858595877935,-0.0007987291400479887
-0.06044261452235211,0.6532508657863988,0.6965499465368022,0.0011738791691188234,-1.3586785839031377,-0.0008312249588410506
-0.06155120983490981,0.6533421576331799,0.6962488701761451,0.001373878363064102,-1.3584695952614538,-0.0008637706620149604
-0.06265922825441073,0.6534343047613469,0.6959451509268489,0.0015736975355642082,-1.358258812128901,-0.0008963673119181568
-0.06376668190071728,0.6535273466740694,0.695638662430166,0.0017733384894967445,-1.3580461476856356,-0.0009290162815629735
-0.06487352185039481,0.6536213196865653,0.695329289082771,0.0019727919974085843,-1.3578315226338975,-0.0009617172073739137
-0.06597971027667826,0.6537162631940299,0.6950169053973885,0.0021720508164259473,-1.3576148508843675,-0.0009944701131306501
-0.0670852168349931,0.6538122197579974,0.6947013757494129,0.0023711090389428972,-1.3573960393831719,-0.001027275313548947
-0.068189999587909,0.6539092338635712,0.694382558493432,0.0025699586572394337,-1.3571749909718065,-0.0010601328560942533
-0.06929402303695821,0.654007353939326,0.6940602993547188,0.0027685928069421896,-1.3569515998127117,-0.0010930430627952511
-0.07039733914020005,0.6541066402737099,0.6937344054972139,0.00296702034128036,-1.3567257334306229,-0.0011260089679168597
-0.07149986256193443,0.6542071455518648,0.6934047094610479,0.0031652253933412006,-1.3564972770217083,-0.0011590296213169337
-0.0726015193242522,0.6543089286350553,0.6930710239444898,0.003363194141525099,-1.3562661021333922,-0.0011921045230001163
-0.07370233642637312,0.6544120639684883,0.6927331110536009,0.003560930903389232,-1.356032045377627,-0.0012252363459289125
-0.07480217653188266,0.6545166179442079,0.6923907598241543,0.0037584104701112175,-1.3557949621251517,-0.001258422981337453
-0.07590103984058003,0.6546226784230611,0.6920436895911598,0.003955632340199701,-1.3555546596213957,-0.0012916666442284405
-0.07699886637674395,0.6547303378179172,0.6916916055015538,0.00415258519382922,-1.3553109354300643,-0.0013249679536889204
-0.07809556654751412,0.6548396977186075,0.6913341834680983,0.00434925242201813,-1.3550635670437547,-0.0013583268841264081
-0.07919109305979978,0.6549508785017781,0.6909710388985939,0.004545625009513016,-1.354812290271198,-0.0013917449948037956
-0.0802853615183105,0.655064014616621,0.6906017422824569,0.00474168731436484,-1.3545568100525203,-0.001425223082626461
-0.08137823328675597,0.6551792565056707,0.6902258130953954,0.00493741401637978,-1.3542967962787418,-0.0014587607187857858
-0.08246957930526584,0.6552967822773742,0.6898426819556365,0.005132781576337194,-1.354031857665784,-0.001492358296169278
-0.08355923492352713,0.6554167998117005,0.689451684088529,0.0053277601692672,-1.3537615372929737,-0.001526015775368978
-0.08464704860047326,0.6555395613858669,0.6890520120936396,0.005522322433885183,-1.3534852800323347,-0.001559734364710715
-0.08573279402812553,0.6556653667369143,0.6886427065229128,0.0057164278036405305,-1.3532024261321773,-0.0015935140475808298
-0.08681617616300939,0.6557945813060203,0.6882225971984336,0.0059100236647938965,-1.3529121707927767,-0.0016273540880056001
-0.08789689718221724,0.6559276704425911,0.6877901929870041,0.006103057267794912,-1.3526134881937977,-0.0016612555880560892
-0.0889744221597676,0.6560652101268662,0.6873436483159656,0.006295434044523337,-1.3523051085887554,-0.0016952148757453486
-0.09004813907007224,0.6562079676677541,0.6868805030589014,0.006487046497221297,-1.351985339020941,-0.0017292296394726112
-0.09111716404983032,0.6563569788977661,0.6863974351179223,0.006677739938914974,-1.3516518929946457,-0.0017632946758174355
-0.09218015826763638,0.6565137010650267,0.685889769465469,0.006867280752149382,-1.3513015523493876,-0.0017973993133337661
-0.09323503100340355,0.6566803103403402,0.6853505224903936,0.007055305263889662,-1.3509295090539357,-0.0018315240976275308
-0.09427813726885372,0.6568603067816908,0.684768459077188,0.007241180713871935,-1.3505280269560027,-0.001865628111978005
-0.09530220451286682,0.6570600009875366,0.6841233176058438,0.007423646127127398,-1.3500831527873687,-0.0018996144826405664
-0.09628879065673207,0.6572931237483344,0.683371004535155,0.007599503239753441,-1.3495645178408875,-0.001933189286036143
-0.09715863907712043,0.657603430920946,0.6823710044503841,0.007754967454610538,-1.3488753342781334,-0.0019647844959539834
-0.09694735945054946,0.6580880544300062,0.6808126472841812,0.007720322876335372,-1.3478015773715135,-0.001967127211651145
-0.09592297555304016,0.6582853156426054,0.6801796545141319,0.00754089322725724,-1.3473652180136482,-0.0019397641997048153
-0.09483939025018309,0.6584054144989624,0.6797948399805657,0.007350759437386364,-1.347099898305422,-0.0019091693553988974
-0.09373996382328063,0.6584924405608639,0.6795163475486103,0.007157746456183876,-1.3469078259344456,-0.0018774659505666827
-0.09263384362995036,0.6585604121620464,0.6792990987036267,0.0069635163566866675,-1.3467579361276159,-0.001845192606662305
-0.0915242848119928,0.6586158069981266,0.6791222716847163,0.0067686626953386815,-1.3466358843675417,-0.001812570425791342
-0.09041274921110434,0.6586622274199001,0.678974290809318,0.006573452595861235,-1.3465336973501996,-0.0017797125564715571
-0.08929997393254223,0.6587019149524819,0.678847955236211,0.006378021022730937,-1.3464464158440004,-0.0017466845383604416
-0.08818636869683866,0.6587363736598589,0.6787384344230546,0.006182443078879618,-1.3463707134446317,-0.0017135279466916487
-0.08707225432534627,0.6587666676400391,0.6786423115745817,0.005986777021201449,-1.3463042375565464,-0.0016802732091491755
-0.08595772633970668,0.6587935866008463,0.678557051638074,0.005791040842782501,-1.3462452428517968,-0.0016469385886634055
-0.08484294512676435,0.6588177308515831,0.6784807278422994,0.005595263539613836,-1.3461924029338046,-0.001613540608739964
-0.08372796851495204,0.6588395726166861,0.678411824883944,0.005399455858659845,-1.3461446747492158,-0.0015800901454672016
-0.0826128572644346,0.6588594899458425,0.6783491298561787,0.005203628932895172,-1.3461012234710166,-0.0015465962837827004
-0.08149766716788301,0.6588777914109033,0.6782916529227316,0.005007792948327368,-1.346061367866416,-0.001513066556734246
-0.0803824090099612,0.658894733553353,0.6782385713245386,0.0048119501509395445,-1.3460245417252097,-0.0014795060696514656
-0.07926708376282127,0.65891053216293,0.6781891931177648,0.004616101048853668,-1.345990268894967,-0.001445918790208658
-0.07815172289851029,0.6589253704815217,0.6781429307793873,0.0044202515022867565,-1.3459581451151854,-0.001412308934850213
-0.07703634523452382,0.6589394063471826,0.6780992783202505,0.004224405165920072,-1.3459278222486566,-0.0013786798013257925
-0.07592095458810609,0.6589527770776338,0.6780577956119346,0.0040285630730365184,-1.3458989974903584,-0.0013450337935825816
-0.07480555575260055,0.6589656030288517,0.6780180969425968,0.00383272645331145,-1.3458714054894902,-0.0013113729784585534
-0.07369019078927896,0.6589779901572993,0.6779798427442162,0.00363690310455265,-1.3458448126637033,-0.0012777002418760774
-0.07257480964229437,0.6589900337890305,0.6779427276725543,0.003441084675598556,-1.345819008966149,-0.001244015429276163
-0.07145946066713263,0.6590018183772933,0.6779064811254206,0.0032452801144857587,-1.3457938082804373,-0.001210321133967917
-0.07034407942418981,0.659013421306702,0.6778708553326199,0.003049478605374822,-1.3457690401821405,-0.0011766163538720002
-0.06922873528943145,0.6590249115307704,0.6778356293750648,0.0028536928410188914,-1.3457445527520402,-0.0011429039610705352
-0.06811339563127185,0.6590363530661455,0.6778005983166705,0.0026579176417624775,-1.345720205052573,-0.001109183602334604
-0.06699810360995989,0.659047803998075,0.6777655761325713,0.002462161158126719,-1.3456958691746665,-0.0010754570868037872
-0.06588281905874654,0.6590593188371804,0.677730388393412,0.0022664169417057857,-1.3456714251756752,-0.0010417235907170567
-0.06476756972727127,0.6590709475745735,0.6776948750635319,0.0020706904944475025,-1.345646763031462,-0.0010079842425310757
-0.06365236104801189,0.6590827371281504,0.6776588860035402,0.0018749834295532012,-1.345621779527225,-0.000974239405037325
-0.06253721173322849,0.6590947314178678,0.6776222806727394,0.001679299714835092,-1.3455963780579914,-0.0009404897594426973
-0.061422100269901504,0.6591069723344181,0.677584925114975,0.001483636291972269,-1.3455704665465213,-0.0009067346953119678
-0.060306997724687186,0.6591194997587597,0.6775466918463022,0.0012879888284123297,-1.345543957371771,-0.0008729733072463954
-0.0591919659376061,0.6591323507384345,0.6775074623225185,0.001092368949255683,-1.345516769083113,-0.0008392073746041922
-0.0580769405133812,0.6591455622250932,0.6774671185469671,0.0008967661611240179,-1.345488820593713,-0.0008054347953928875
-0.056961991644792404,0.6591591683009308,0.6774255514968364,0.0007011936172723976,-1.3454600370154055,-0.0007716574886235016
-0.05584708337743343,0.6591732032347869,0.6773826517652044,0.0005056458774622489,-1.345430343188855,-0.0007378741058214106
-0.05473219692718479,0.6591877002647394,0.6773383132429917,0.0003101205466373087,-1.3453996662321377,-0.0007040837678118977
-0.053617403578997136,0.6592026907660756,0.6772924356420752,0.00011463106296801609,-1.3453679372883374,-0.0006702882789664334
-0.05250269498265389,0.6592182066258715,0.6772449172127633,-8.082307140567938e-05,-1.3453350864948566,-0.0006364869850576741
-0.05138803829687075,0.6592342797930798,0.6771956560872487,-0.00027624660712486043,-1.3453010439121118,-0.0006026784439169883
-0.050273455222277025,0.6592509413161899,0.6771445532084509,-0.00047163469426608496,-1.34526574155229,-0.0005688628244447149
-0.04915896806821808,0.6592682222180701,0.6770915096334974,-0.0006669823347044975,-1.3452291115179253,-0.0005350402723667378
-0.04804453039671461,0.6592861547949062,0.6770364225242731,-0.0008622965407774646,-1.345191083237494,-0.0005012088037854924
-0.04693016741057055,0.6593047706079332,0.6769791912897021,-0.0010575717172306139,-1.3451515877052018,-0.0004673685668436643
-0.04581593423479564,0.6593241011779035,0.6769197154454869,-0.0012527969793086804,-1.3451105560070005,-0.00043352057699941077
-0.044701823437701536,0.6593441797602411,0.6768578891352272,-0.0014479723568608868,-1.345067915544315,-0.00039966390650075914
-0.04358780590778241,0.6593650409701304,0.6767936022533763,-0.0016431016144516793,-1.3450235908111348,-0.00036579692422155984
-0.042473910657126274,0.6593867194951832,0.6767267443916496,-0.0018381782795837234,-1.344977506116827,-0.00033191971765818127
-0.04136013736234702,0.6594092519124547,0.6766571992233815,-0.002033200951632053,-1.3449295817203601,-0.00029803143498680236
-0.04024646335472204,0.6594326769025953,0.6765848438126714,-0.00222817206263551,-1.3448797333569182,-0.00026413049434509525
-0.03913292378417802,0.6594570338395945,0.676509552945457,-0.002423083850183064,-1.3448278752234732,-0.00023021701770851863
-0.038019539225388324,0.659482364537379,0.6764311937155951,-0.0026179310156106035,-1.344773916255289,-0.00019629062809805244
-0.03690635712268549,0.6595087126618541,0.6763496273139029,-0.0028127034675039936,-1.3447177613594896,-0.00016235170648119254
-0.03579334591972184,0.6595361266602704,0.6762646999297076,-0.0030074048374819935,-1.3446593051596873,-0.00012839815820579522
-0.03468050762456247,0.6595646576722974,0.6761762491722048,-0.00320203275916146,-1.3445984364182777,-9.44288379915196e-05
-0.03356788174181426,0.6595943598041882,0.6760841031901516,-0.0033965781830425086,-1.3445350374345928,-6.0443662459134854e-05
-0.03245548303476033,0.6596252923253118,0.6759880738267352,-0.0035910362387027413,-1.3444689793540738,-2.644170876998416e-05
-0.031343311024119865,0.6596575202665537,0.6758879546928366,-0.003785404549549215,-1.3444001208310512,7.578515934307529e-06
-0.030231389172967433,0.6596911142040187,0.6757835217881963,-0.003979676371847621,-1.344328308479051,4.161788559745349e-05
-0.029119712628478123,0.6597261528655692,0.6756745253312222,-0.0041738496883398195,-1.34425337125926,7.567826939779298e-05
-0.028008388736198153,0.659762719905336,0.675560699715563,-0.0043679026342677224,-1.3441751273322955,0.00010975824367739921
-0.02689738788386628,0.659800913427609,0.6754417337901054,-0.00456183698157092,-1.344093363651187,0.00014386075115543274
-0.02578675404458188,0.6598408412427198,0.6753172854932272,-0.00475564130873694,-1.3440078460272487,0.000177986676982367
-0.02467650507542314,0.6598826265940828,0.6751869638876736,-0.004949308352317123,-1.343918306811074,0.00021213794142845076
-0.023566709713593304,0.6599264083992861,0.6750503282411618,-0.005142821488514066,-1.3438244442800118,0.00024631517559740667
-0.02245739773789885,0.6599723485830804,0.6749068649516596,-0.00533617032066861,-1.3437259068200755,0.0002805205439897023
-0.021348691598361884,0.6600206318098788,0.6747559881278798,-0.005529327588951994,-1.3436222933545434,0.0003147537558892042
-0.02024061243519278,0.6600714804610359,0.6745969924892183,-0.005722282828288787,-1.3435131210531035,0.00034901814848899203
-0.019133280274098455,0.6601251552243965,0.6744290510851707,-0.005915007240800874,-1.3433978238161206,0.00038331463261637226
-0.018026813291088618,0.660181971976291,0.6742511619683356,-0.006107470963059421,-1.3432757157476876,0.0004176449780151781
-0.01692135369307904,0.6602423185155691,0.6740620950745064,-0.006299638124788692,-1.3431459547938145,0.00045201125862185705
-0.015817082923098108,0.6603066797626344,0.6738603122841312,-0.006491463581885381,-1.3430074880227862,0.000486415732718705
-0.01471426222739332,0.660375674397878,0.6736438511546485,-0.0066828849605700315,-1.3428589720400539,0.0005208601062287378
-0.01361328943693993,0.6604501119532773,0.6734101437703224,-0.006873811398263216,-1.3426986490047734,0.0005553445650209055
-0.012514667520174699,0.6605310953641744,0.6731556916214997,-0.007064126676625759,-1.3425241240458239,0.0005898700859056314
-0.011419230839529752,0.6606201817605756,0.672875555284987,-0.007253645993664317,-1.3423320159917163,0.0006244336543794966
-0.0103282883381033,0.6607197073605263,0.6725623239639271,-0.00744208359447329,-1.3421172520288327,0.00065902810182462
-0.009244248947561701,0.6608334520587362,0.6722040069530866,-0.007628928621552764,-1.3418716245365283,0.0006936315328295482
-0.008172143945692375,0.6609682931772027,0.6717787870240556,-0.00781314262084008,-1.3415802001902633,0.0007281817341569271
-0.007125609216490556,0.6611394145432506,0.6712384923268795,-0.007992001111719271,-1.3412100084409597,0.0007624581157504072
-0.006169151143819221,0.6613969416849534,0.6704240634196534,-0.008153143367062621,-1.3406521946741439,0.0007951113552697069
-0.006230506563000956,0.6618983052516533,0.6688344750949718,-0.008131551042220148,-1.339564133961846,0.000799345112020292
-0.007170079104398064,0.6621627067352258,0.667994329886453,-0.007962487602369159,-1.3389892652453228,0.0007733559032700283
-0.008192369759206524,0.6623542429137925,0.6673851711874295,-0.0077808273102398144,-1.3385726404289187,0.0007438065440112558
-0.009241003225305048,0.6625137955987569,0.6668774661820017,-0.00759543459725233,-1.338225517800514,0.0007129692142779175
-0.010302418732249482,0.6626547394219697,0.6664288291703458,-0.007408352400966366,-1.3379188643414142,0.0006814388903168444
-0.011371291592583821,0.6627833333975043,0.6660194240798561,-0.007220356035588442,-1.3376390956045856,0.0006494637728942857
-0.012445008296829534,0.6629030860328534,0.6656381316155513,-0.007031814010624904,-1.3373785974417773,0.0006171721535485703
-0.013522030431917078,0.6630161847859819,0.6652780194440128,-0.0068429393376488595,-1.3371326231121108,0.0005846415788019455
-0.014601496320475736,0.6631241134576961,0.66493438531479,-0.006653844481280919,-1.3368979531499097,0.0005519191256208842
-0.01568272123249944,0.663227915274947,0.664603923636719,-0.006464621785913804,-1.3366723244218632,0.0005190404953271628
-0.016765322020192798,0.6633283728942888,0.6642841546255757,-0.006275317765327302,-1.3364540393788684,0.0004860283791436074
-0.01784894313397245,0.6634260777709041,0.6639732047054607,-0.006085978833672622,-1.3362418155224856,0.00045290202035524427
-0.01893338930153389,0.6635215012545476,0.6636695809581861,-0.005896626710441432,-1.3360346310822808,0.00041967393253489194
-0.020018490373162764,0.6636150197227298,0.663372091589816,-0.005707281162581343,-1.3358316704685729,0.000386354514864463
-0.021104039769551632,0.6637069347935778,0.6630797818894143,-0.005517970118084448,-1.335632280387204,0.0003529542874113405
-0.02218998943575866,0.6637975072408506,0.6627918265460837,-0.005328695249962723,-1.3354358962602837,0.0003194781293881365
-0.023276208023673386,0.6638869487300444,0.6625075560424407,-0.005139473843566375,-1.3352420601118653,0.00028593287681370544
-0.024362658622331397,0.66397544572504,0.6622263807378185,-0.00495030759937328,-1.3350503687377857,0.0002523219722783806
-0.025449243977273196,0.6640631533769311,0.6619478103356833,-0.004761209437783845,-1.3348604869060663,0.00021865033487960888
-0.02653591854104601,0.6641502097662576,0.6616714086701515,-0.004572183839460456,-1.3346721164980835,0.00018492096388010552
-0.027622636360110503,0.6642367355133617,0.6613967949697497,-0.004383235840044373,-1.3344849973281943,0.00015113660591000548
-0.028709317198522648,0.6643228341565635,0.6611236426612163,-0.004194376833443657,-1.3342989062964914,0.00011730085383339916
-0.029796024019734073,0.6644086085952225,0.6608516272228484,-0.004005593661939092,-1.3341136218500895,8.341264953733934e-05
-0.03088263484786383,0.6644941370520505,0.660580502423608,-0.003816905593705482,-1.3339289758747008,4.947653418277577e-05
-0.03196914830890373,0.6645794988044631,0.6603100187257741,-0.0036283111945614385,-1.3337447981231694,1.549315346476297e-05
-0.033055512065905256,0.6646647619041433,0.660039962217235,-0.0034398180858965645,-1.3335609426977184,-1.8535378454900676e-05
-0.03414174087960441,0.6647499935136514,0.6597701218701862,-0.003251422434358196,-1.3333772657588674,-5.260915521445879e-05
-0.03522777241306312,0.6648352494644775,0.6595003226023566,-0.0030631339505075347,-1.3331936480102158,-8.67259474535134e-05
-0.0363136372473055,0.6649205883473589,0.6592303806796659,-0.0028749463723308833,-1.333009964349184,-0.0001208865288235163
-0.0373992617307256,0.665006056652163,0.6589601507265476,-0.002686871634786812,-1.3328261158351935,-0.0001550884719411511
-0.03848466756323898,0.6650917049943009,0.6586894744067127,-0.0024989052654286774,-1.3326419947812684,-0.00018933241714095718
-0.03956984486932222,0.6651775786069095,0.6584182104916358,-0.0023110483653206106,-1.332457505194475,-0.00022361807713972183
-0.04065471045446431,0.6652637143942879,0.6581462441441829,-0.002123314816758579,-1.3322725690828414,-0.00025794290112859903
-0.041739324423794306,0.6653501584717684,0.6578734315395054,-0.0019356937791168212,-1.3320870888049758,-0.00029230892289563315
-0.04282361364038445,0.6654369445201969,0.6575996681969549,-0.0017481975443890071,-1.3319009935092259,-0.00032671400851476087
-0.04390762924908445,0.6655241145959219,0.6573248233186225,-0.0015608169804801624,-1.3317141945139537,-0.00036116001019064164
-0.044991296872348145,0.6656116993790389,0.657048802080771,-0.0013735647194883232,-1.331526627624324,-0.0003956448392271241
-0.04607464079338884,0.6656997364128977,0.6567714881325193,-0.0011864363929239838,-1.3313382140704628,-0.00043016958371114365
-0.04715766471314227,0.6657882607597646,0.6564927730597534,-0.0009994312454810101,-1.3311488805169005,-0.0004647347220520822
-0.04824028329471065,0.665877299511064,0.6562125736479064,-0.0008125639481063874,-1.3309585707844762,-0.0004993379247938287
-0.049322506381090786,0.6659668870397674,0.6559307838727411,-0.0006258327676033923,-1.3307672132492172,-0.0005339799373269084
-0.05040434980854041,0.6660570579751005,0.6556472970357451,-0.0004392349874835961,-1.330574735870217,-0.0005686617382498629
-0.05148578255491598,0.6661478429529687,0.6553620191237357,-0.00025277601997606206,-1.3303810752603649,-0.0006033828418980983
-0.05256677294926788,0.6662392725741565,0.6550748563578358,-6.646141547943861e-05,-1.3301861682339378,-0.0006381427761533318
-0.053647357438748905,0.6663313834590745,0.6547856961961865,0.0001197149889940096,-1.3299899389170393,-0.0006729432996693834
-0.05472749853124886,0.6664242064033011,0.6544944445341531,0.0003057465711714438,-1.329792323986381,-0.0007077838306586394
-0.05580713386000512,0.6665177705784806,0.6542010124978762,0.0004916224033156418,-1.3295932637099674,-0.0007426630172012795
-0.056886267552648785,0.6666121116482215,0.6539052910031085,0.0006773429947498691,-1.3293926846919206,-0.0007775816935301375
-0.057964891328357075,0.6667072652352182,0.6536071712669742,0.0008629066845837192,-1.3291905137846993,-0.0008125403366079052
-0.05904299804594336,0.6668032683129758,0.6533065404570332,0.0010483119840421478,-1.3289866751438726,-0.0008475395069897743
-0.060120564156146854,0.6669001578721683,0.6530032858774171,0.0012335545609779214,-1.3287810930666275,-0.0008825792810441561
-0.061197597113829424,0.6669979754466229,0.6526972808190621,0.001418635392403968,-1.3285736824052279,-0.0009176607954184166
-0.06227405083189456,0.6670967597595171,0.6523884075822529,0.001603546227604294,-1.3283643641691318,-0.0009527834975679962
-0.06334989534131072,0.6671965532998199,0.6520765369151424,0.0017882815812033579,-1.328153051597192,-0.0009879474175299835
-0.06442510923606797,0.6672974020646532,0.6517615288488137,0.0019728374254887582,-1.3279396507261665,-0.0010231529291877632
-0.06549961545997465,0.6673993499104419,0.6514432503575885,0.0021572001615304246,-1.3277240723547357,-0.0010583986487598342
-0.06657344409712691,0.6675024544625272,0.6511215257212672,0.0023413745778447354,-1.327506198439378,-0.0010936867854597638
-0.06764659939090467,0.6676067753134803,0.6507961734267694,0.0025253609998659885,-1.3272859070874852,-0.001129018797318433
-0.06871899664742694,0.6677123683250206,0.6504670239474184,0.002709144497440967,-1.3270630845991755,-0.001164393313643844
-0.06979056936652343,0.6678192966260913,0.6501338854666224,0.0028927132679240717,-1.326837602271439,-0.0011998096644094956
-0.070861329112979,0.6679276377749992,0.6497965216435767,0.003076068883565456,-1.326609301363899,-0.001235269887124539
-0.0719312192115051,0.6680374703560845,0.6494546934335409,0.003259201220038986,-1.3263780214071177,-0.0012707739113464113
-0.07300013205080567,0.6681488767064869,0.6491081506286234,0.0034420914521124503,-1.3261435944907414,-0.0013063201371314283
-0.07406806736801912,0.6682619610978086,0.6487565753900406,0.003624739136575905,-1.3259058070893914,-0.0013419107249063164
-0.07513495812259027,0.6683768338853159,0.648399631668474,0.003807132427911942,-1.3256644335011447,-0.0013775458523965216
-0.07620072194671523,0.668493619291973,0.6480369411069881,0.003989256880276069,-1.325419219580049,-0.001413225454612192
-0.0772652392660206,0.6686124561777801,0.6476680807829549,0.004171091745879494,-1.3251698812308144,-0.001448948545362759
-0.07832844126947627,0.6687335120881358,0.6472925397860911,0.00435262500721304,-1.3249160750979825,-0.0014847162353173388
-0.0793902065303233,0.6688569773731924,0.6469097377104029,0.004533835741735878,-1.324657411102306,-0.0015205283601505578
-0.08045040873618593,0.6689830778390866,0.6465189856985426,0.004714702299131699,-1.3243934261758636,-0.0015563851984732883
-0.0815088497058367,0.6691120766337474,0.6461194809544972,0.004895190928667819,-1.324123580614852,-0.00159228536822049
-0.08256527790431693,0.6692442895687989,0.6457102597290449,0.005075259005141131,-1.3238472264063945,-0.0016282266540250643
-0.08361944525041459,0.6693801114795483,0.6452901163644726,0.005254864808557633,-1.3235635526745273,-0.0016642082512277692
-0.08467101527914762,0.6695200329651853,0.6448575524008112,0.0054339519978957845,-1.3232715514677018,-0.0017002280953225463
-0.08571957148622963,0.669664683679482,0.6444106439512628,0.005612451253346813,-1.3229699284445642,-0.001736283817872627
-0.08676444890156286,0.6698148751054521,0.6439469112809882,0.005790251950487027,-1.322657015130584,-0.0017723679958273528
-0.08780479964055377,0.6699717180619215,0.6434629586009462,0.005967213924601301,-1.3223305262969525,-0.0018084721043089538
-0.08883931628607113,0.6701367744737617,0.642954010048434,0.006143121475998071,-1.3219872475716934,-0.0018445799599672852
-0.08986597929972806,0.6703123849554257,0.6424129068561693,0.006317642528987667,-1.3216223601303294,-0.0018806646398094873
-0.09088122856446897,0.6705023193236674,0.6418281167377442,0.0064901924042233055,-1.3212281002924302,-0.0019166716726404093
-0.09187790357336245,0.6707133944639592,0.6411787823219377,0.006659595661125784,-1.320790425058594,-0.0019524769502693618
-0.09283769885475124,0.6709605338737027,0.6404192367630952,0.006822844139543422,-1.3202785844574474,-0.001987718109254893
-0.09368028337980183,0.6712919912708359,0.6394018228693945,0.006966679226919496,-1.319593143420832,-0.002020511876110246
-0.09344365431998837,0.6718036475854804,0.6378343859109322,0.0069298840886089785,-1.3185373102699576,-0.002020559837864492
-0.0924463986391139,0.6720120097359492,0.6371973128204226,0.006763705271334698,-1.3181079586269175,-0.001990762161120118
-0.09139307979908565,0.6721403939899491,0.6368053218897574,0.006587787556041907,-1.3178437349796175,-0.0019578295039940955
-0.09032443044065713,0.6722341389367383,0.6365194361080141,0.0064091819043808375,-1.3176509751908778,-0.0019238259013512626
-0.08924924726447414,0.67230783729069,0.6362949460284941,0.0062294259196712274,-1.3174995585339517,-0.001889275741186554
-0.08817065962379829,0.6723682704918919,0.6361110817313541,0.006049070239962131,-1.317375496162212,-0.0018543922656144157
-0.08709008739534779,0.6724192200950421,0.6359562642869928,0.005868365858981725,-1.317270990745907,-0.0018192842126327964
-0.08600830888624353,0.6724630414206223,0.6358232834577784,0.005687450473932587,-1.3171811874868837,-0.0017840160937582393
-0.08492568382410469,0.6725013207100795,0.635707284481608,0.005506388781837677,-1.3171028179129678,-0.001748626032370757
-0.08384248220845607,0.6725351809922038,0.6356048309013197,0.005325228847544206,-1.3170335686659416,-0.0017131415885507438
-0.08275888180798897,0.6725654529812874,0.6355133812138685,0.005144002366236304,-1.3169717290158434,-0.0016775824276231192
-0.08167500980469938,0.672592771431831,0.6354309937725711,0.004962732005995816,-1.3169159921160893,-0.0016419632646065105
-0.08059093721651428,0.672617634915641,0.6353561437791891,0.004781430681067107,-1.3168653317693164,-0.001606294656232278
-0.07950674849732839,0.6726404425218068,0.6352876108429425,0.004600113334159138,-1.3168189267160666,-0.0015705859188945913
-0.07842243577560197,0.6726615217730951,0.6352243936539639,0.004418779319494415,-1.3167761031602923,-0.0015348420681064
-0.07733804836488764,0.6726811431966666,0.6351656652062796,0.004237437467570773,-1.316736304650127,-0.001499069038245337
-0.07625359882624438,0.6726995349330099,0.6351107282004302,0.00405609039855507,-1.3166990620338994,-0.0014632707974566782
-0.07516911943928896,0.6727168908707741,0.6350589900791079,0.0038747440034539553,-1.3166639766631718,-0.0014274513673990716
-0.07408461874297897,0.6727333782282849,0.6350099398832252,0.0036934001823700937,-1.3166307048037107,-0.0013916135018744202
-0.07300010103346438,0.6727491423694931,0.6349631334932729,0.0035120601249932896,-1.3165989477035103,-0.0013557594192692044
-0.07191557143969189,0.6727643107228255,0.6349181816350692,0.003330725155070055,-1.316568443521953,-0.0013198910365760641
-0.07083107999152165,0.6727789953189613,0.6348747420541274,0.0031494041177434996,-1.316538962069157,-0.0012840114824735143
-0.06974654561528973,0.6727932976277549,0.6348325049652165,0.002968083942253406,-1.3165102949789655,-0.0012481193145790711
-0.06866202790576068,0.6728073068672293,0.634791197849586,0.0027867750989196763,-1.3164822589900023,-0.0012122175472641405
-0.06757752704937939,0.6728211043155139,0.6347505725448654,0.0026054781412338467,-1.3164546872208736,-0.0011763070591999595
-0.06649307107406797,0.6728347634588603,0.6347104046688922,0.002424198289909468,-1.316427428796474,-0.0011403895013194726
-0.06540863260819106,0.6728483521257399,0.6346704872190538,0.0022429315291948313,-1.3164003445266081,-0.0011044645615839025
-0.064324167875711,0.6728619328935033,0.6346306292768178,0.0020616711223928534,-1.3163733060412974,-0.0010685312688836388
-0.06323974758550167,0.6728755622206936,0.634590658456076,0.0018804294881538302,-1.316346197462552,-0.001032592343318497
-0.06215541549217727,0.6728892928475673,0.6345504137777302,0.00169921456406221,-1.3163189105855275,-0.0009966495241989653
-0.061071083684998105,0.6729031756875227,0.6345097400649151,0.0015180123002346997,-1.3162913410884292,-0.0009607001035967488
-0.059986772114888516,0.6729172572837376,0.6344684953354743,0.0013368267046417247,-1.3162633935467851,-0.0009247448758953301
-0.058902544804246705,0.6729315809808685,0.6344265473159058,0.0011556691686949428,-1.3162349790799428,-0.0008887860300834372
-0.05781826538619989,0.6729461905488823,0.6343837627865792,0.0009745176253455164,-1.3162060081440121,-0.0008528190476918234
-0.056734128168681605,0.6729611233971242,0.634340027407097,0.0007934052855523041,-1.3161764039480701,-0.000816850321958623
-0.05565000420658025,0.6729764196759668,0.6342952190388114,0.0006123113767425965,-1.3161460844167479,-0.0007808754715474652
-0.05456595139224344,0.6729921156054024,0.6342492272393286,0.0004312463709183255,-1.3161149753706247,-0.0007448962638592237
-0.053481934664595436,0.673008247590777,0.6342019411871802,0.00025020523686400544,-1.3160830023718186,-0.0007089113352004069
-0.05239794312108602,0.6730248508112529,0.6341532537856438,6.918701468288039e-05,-1.316050093497011,-0.0006729200802422936
-0.05131405722037406,0.6730419583012226,0.6341030643376063,-0.00011179397267865906,-1.3160161811471003,-0.0006369248851477641
-0.050230245702801206,0.6730596042733661,0.6340512687809499,-0.0002927420254896416,-1.315981195453962,-0.0006009243867138201
-0.048062808129770776,0.6730966517588137,0.633942450469466,-0.0006545539737262362,-1.3159077594038322,-0.0005289051296621955
