0.0,0.0,25.4,-0.0,-0.0,-1.0
2.059583577303421,0.0011993645894764532,25.399999985841774,-0.0,-2.3609539156342206e-05,-0.9999999997212948
4.119167185155403,0.004797458409894103,25.399999773468434,-0.0,-9.443815725395432e-05,-0.9999999955407173
6.178747398576979,0.010794269428587206,25.39999885318649,-0.0,-0.00021248561387609915,-0.9999999774249316
8.23831879060928,0.019189759832148684,25.39999637552281,-0.0,-0.00037775115084642336,-0.9999999286520316
10.297877936273208,0.02998387710973635,25.399991151251115,-0.0,-0.0005902336985611618,-0.9999998258120752
12.357423201491027,0.04317656343138777,25.399981651420966,-0.0,-0.0008499320440225453,-0.999999638807695
14.41695190226844,0.058767741882106345,25.399966007406633,-0.0,-0.0011568445385427859,-0.9999993308551329
16.47646099523209,0.07675731551739745,25.399942010969628,-0.0,-0.0015109690531066367,-0.9999988584856088
18.5359469705065,0.09714516265363822,25.39990711434422,-0.0,-0.0019123028548877143,-0.999998171547224
20.59540729454512,0.11993114923181357,25.399858430309482,-0.0,-0.002360842815127807,-0.9999972132067181
22.65484098649153,0.14511513993316316,25.39979273224569,-0.0,-0.002856585587722269,-0.9999959199510666
24.714243078785046,0.17269692762225763,25.399706454440846,-0.0,-0.0033995261753804883,-0.9999942215941965
26.77361430987932,0.2026763544690661,25.39959569188326,-0.0,-0.003989660264241282,-0.9999920412738172
28.832945721956627,0.23505309140832875,25.39945620122263,-0.0,-0.00462697982826422,-0.999989295471541
30.892238484130765,0.269826925101932,25.399283399906402,-0.0,-0.0053114787189494144,-0.9999858939974194
32.951491106436045,0.3069975755586353,25.399072367013787,-0.0,-0.00604314901152467,-0.9999817400082985
35.010701984626145,0.3465647277065863,25.398817843400685,-0.0,-0.006821981558068905,-0.9999767300130646
37.06986499276892,0.38852793479077585,25.39851423271542,-0.0,-0.007647964013035772,-0.9999707538955603
39.128973888241404,0.4328866857361627,25.398155601548343,-0.0,-0.008521082081709846,-0.9999636949210491
41.188030871272446,0.4796405998026838,25.3977356781006,-0.0,-0.009441323269371504,-0.9999554297142064
43.24703286965821,0.5287891361100935,25.397247854818225,-0.0,-0.010408671077009194,-0.9999458283159196
45.3059756607917,0.5803316640865595,25.39668518857932,-0.0,-0.011423106296824175,-0.999934754192758
47.36485705978757,0.6342675374643323,25.396040400501164,-0.0,-0.012484608372867937,-0.9999220642398966
49.423672435837965,0.6905959759407919,25.395305877933215,-0.0,-0.013593152971835627,-0.9999076088280777
51.48242383868178,0.7493163114350723,25.39447367190371,-0.0,-0.01474871672480981,-0.9998912317622209
53.541107821252844,0.8104276529964846,25.393535502158056,-0.0,-0.015951270523676973,-0.9998727703906536
55.599715414879995,0.8739288484912641,25.392482759525343,-0.0,-0.01720077865486712,-0.9998520556630697
57.65824735490269,0.9398189429186005,25.391306499552474,-0.0,-0.01849720770063576,-0.999828912018091
59.716702728862465,1.0080968456141086,25.38999744832542,-0.0,-0.01984051986856426,-0.9998031575121901
61.77507763442329,1.0787612675682339,25.388546005192858,-0.0,-0.02123067163334931,-0.9997746038892952
63.83336908904657,1.1518108386262853,25.386942242047468,-0.0,-0.02266761591368749,-0.9997430565844354
65.8915755586452,1.2272441258145979,25.385175904091078,-0.0,-0.024151302299514843,-0.9997083147584787
67.94969115704745,1.3050594121482335,25.38323641664137,-0.0,-0.025681672564950537,-0.9996701714536984
70.00771485246196,1.3852550283752705,25.381112878999616,-0.0,-0.02725866705321812,-0.9996284134969764
72.06564393682096,1.4678291079194714,25.37879407194827,-0.0,-0.028882219713157676,-0.9995828216733422
74.12347962036968,1.552779803799348,25.376268453552292,-0.0,-0.03055226221745735,-0.9995331706718872
76.18121540481326,1.6401048033554333,25.373524175531596,-0.0,-0.03226871427276062,-0.9994792294386027
78.23884814120433,1.729801764145952,25.37054907339328,-0.0,-0.03403149203798135,-0.9994207610159341
80.2963757827993,1.8218682232467842,25.367330671034683,-0.0,-0.035840506185323355,-0.99935752266963
82.35379322115807,1.9163014016728694,25.36385619033412,-0.0,-0.03769565790030551,-0.999289266116405
84.4111017461512,2.013098628665743,25.36011253849669,-0.0,-0.03959684705777986,-0.9992157373175639
86.46829907019932,2.1122568830962885,25.35608632736036,-0.0,-0.041543963050073116,-0.9991366769036628
88.52537710575194,2.213772652875817,25.351763884265544,-0.0,-0.04353688186787077,-0.9990518204363691
90.58233925534614,2.317642775454869,25.347131220131708,-0.0,-0.045575482437520465,-0.9989608978336375
92.63918074944992,2.4238634675786885,25.34217407372576,-0.0,-0.04765962740666613,-0.9988636342942202
94.69589625883681,2.5324306750044316,25.336877902325753,-0.0,-0.04978916984838759,-0.9987597501730877
96.75248875972207,2.6433405426377603,25.331227861965033,-0.0,-0.05196396231430652,-0.9986489606566451
98.80894941986685,2.7565883327373735,25.32520886578559,-0.0,-0.05418383545279454,-0.9985309769734859
100.86527974084937,2.8721696045606495,25.318805529159818,-0.0,-0.05644862097642848,-0.9984055053883967
102.9214802123522,2.9900796056626144,25.312002204250003,-0.0,-0.058758139557228105,-0.9982722479543211
104.97754294447576,3.110312820429004,25.30478301337672,-0.0,-0.061112191827268396,-0.9981309032436915
107.03346608511202,3.2328637793771935,25.29713180889755,-0.0,-0.06351057407307747,-0.9979811656443763
109.08925004648853,3.3577268510062876,25.289032188917634,-0.0,-0.06595307399228731,-0.9978227257539126
111.14488970033173,3.4848957561027762,25.280467535128903,-0.0,-0.06843946103726371,-0.9976552712099149
113.20038167541502,3.614363988952295,25.271420993655163,-0.0,-0.07096949450850566,-0.9974784864092093
115.25573006369956,3.7461251846871813,25.261875453746576,-0.0,-0.07354293057479219,-0.9972920521905664
117.31092763994404,3.880171913821027,25.251813640936952,-0.0,-0.07615949857914033,-0.9970956477571115
119.36597259522868,4.0164967265677936,25.241218051628643,-0.0,-0.0788189213077915,-0.9968889495043448
121.42086188234242,4.155091718435455,25.23007099223808,-0.0,-0.0815209063717841,-0.9966716318950403
123.47559550227125,4.295948807351544,25.21835456539975,-0.0,-0.08426515148357894,-0.99644336730466
125.53016962738718,4.439059255281391,25.206050717796263,-0.0,-0.08705133501396338,-0.9962038270716925
127.58457897712947,4.584413803987176,25.193141240883975,-0.0,-0.08987911853923729,-0.9959526816323203
129.63882856897905,4.7320035051255624,25.179607704994872,-0.0,-0.09274816287815144,-0.9956895993645449
131.69291388082462,4.881818305851743,25.165431594770183,-0.0,-0.09565810048013981,-0.9954142493517619
133.7468269308506,5.033847437182176,25.150594291133608,-0.0,-0.09860854292853734,-0.9951263011605667
135.8005707698878,5.18808047847898,25.13507697784277,-0.0,-0.10159910152365574,-0.9948254231620671
137.85414653548446,5.344506410512212,25.11886074043301,-0.0,-0.10462936881554794,-0.9945112845922163
139.90754997611904,5.50311332123843,25.10192661194496,-0.0,-0.10769891287301601,-0.9941835565759326
141.9607771058011,5.663888809268769,25.08425554681338,-0.0,-0.11080728508277382,-0.9938419117609122
144.01382788418545,5.826820265706482,25.065828401487718,-0.0,-0.11395402556787963,-0.9934860240873422
146.06669933499046,5.991894324175508,25.046626007951904,-0.0,-0.11713865254441046,-0.9931155703542663
148.11939213774022,6.159097371860288,25.026629129566373,-0.0,-0.12036067219603333,-0.9927302295127912
150.17190071667426,6.3284147317363075,25.005818572668726,-0.0,-0.12361956293430729,-0.9923296849635866
152.22422777218102,6.499831837306299,24.984175059908853,-0.0,-0.1269147980678053,-0.9919136222632534
154.2763723216253,6.673333243630526,24.96167936436472,-0.0,-0.13024582680381128,-0.9914817318539921
156.32833026180379,6.848902642439661,24.93831232868487,-0.0,-0.13361207465025823,-0.9910337095718055
158.38009896676414,7.026523232329902,24.91405483529063,-0.0,-0.13701295063052424,-0.9905692562155952
160.43168566153355,7.206178449250239,24.88888771808623,-0.0,-0.14044786134167167,-0.9900880760036204
162.48307860019364,7.387849433947366,24.862792133280745,-0.0,-0.1439161626554887,-0.9895898838036488
164.53428206936604,7.571518075170901,24.835749153911024,-0.0,-0.1474172180797346,-0.9890743975119527
166.5852924030917,7.75716489091097,24.807740087157658,-0.0,-0.15095035844114174,-0.9885413442474172
168.6361117610302,7.944770241973188,24.77874631695135,-0.0,-0.15451490523417497,-0.9879904574743998
170.68674235534186,8.134313808661522,24.74874939825018,-0.0,-0.158110160845817,-0.9874214789224053
172.73717676086278,8.325773666480593,24.71773122888325,-0.0,-0.16173539131431497,-0.9868341619524555
174.7874167637014,8.519128012467688,24.685673798299096,-0.0,-0.16538985935419329,-0.986228266895043
176.83746201971914,8.714354107905944,24.65255937482306,-0.0,-0.1690728045829735,-0.9856035647005584
178.88731730122652,8.911428953386968,24.618370413471812,-0.0,-0.17278345657718214,-0.9849598352893588
180.9369748129414,9.11032757267383,24.583089877151366,-0.0,-0.17652100291256292,-0.9842968736772167
182.98643697011852,9.311025182276072,24.546700886368317,-0.0,-0.18028463041298887,-0.9836144834419895
185.0357045937529,9.513496050212844,24.509186938017564,-0.0,-0.1840735040309102,-0.9829124809024365
187.08477909371052,9.717713692332719,24.47053189560875,-0.0,-0.1878867709654303,-0.9821906949753616
189.13366197093907,9.923650809396829,24.430720025720056,-0.0,-0.19172355993220203,-0.9814489678872372
191.18234484996117,10.131278257959792,24.38973622893495,-0.0,-0.19558296253323923,-0.9806871594788633
193.23083649484153,10.340567766118639,24.347565534195944,-0.0,-0.19946408428644555,-0.9799051377963939
195.279136866184,10.551489306503093,24.304193635971956,-0.0,-0.2033659962380019,-0.979102789074837
197.32724565173302,10.764011934138775,24.259606762615334,-0.0,-0.20728775116095377,-0.9782800152403371
199.37516668105644,10.978104233828144,24.213791608574848,-0.0,-0.21122839237333366,-0.9774367326100328
201.42289629364473,11.19373309186565,24.166735624685746,-0.0,-0.21518693172711972,-0.9765728771647654
203.47043757156706,11.410865167783891,24.11842673349071,-0.0,-0.21916237734595143,-0.9756883992115879
205.51779315981108,11.629466135539758,24.06885351773951,-0.0,-0.2231537202776184,-0.974783266745105
207.56496657391656,11.849500808085896,24.01800522243279,-0.0,-0.2271599374530618,-0.9738574653491757
209.61195100874167,12.070931911219008,23.96587207475113,-0.0,-0.23117997013995745,-0.9729110038467488
211.65875870446055,12.293723240677384,23.91244457560658,-0.0,-0.2352127820348574,-0.9719439012450372
213.7053883022775,12.517836125807444,23.857714357553444,-0.0,-0.23925729573780652,-0.9709562021204827
215.75183991760088,12.74323103569343,23.801673846170665,-0.0,-0.2433124227764098,-0.9699479702142139
217.79811515841024,12.969867572309035,23.74431629091306,-0.0,-0.24737706423615644,-0.968919288738696
219.84422103420945,13.197704897851482,23.68563568335853,-0.0,-0.2514501191546372,-0.9678702586489155
221.89015892218862,13.426700498370101,23.625627103612874,-0.0,-0.2555304631798113,-0.9668010045439087
223.9359305628558,13.656810829986908,23.56428659403496,-0.0,-0.259616961053088,-0.9657116720499754
225.9815457393295,13.887992176609211,23.501610957701192,-0.0,-0.2637084826121075,-0.9646024239024178
228.02700086163858,14.12019822058491,23.437598446962504,-0.0,-0.26780386061192624,-0.9634734517574151
230.07229984271848,14.353382381384124,23.37224817139539,-0.0,-0.271901933102772,-0.9623249652663988
232.11745418341602,14.587497831115073,23.30556010853556,-0.0,-0.2760015443324443,-0.9611571918922033
234.16246233205965,14.822495121869022,23.23753581065127,-0.0,-0.280101504046732,-0.9599703888301755
236.20732521618467,15.05832393953016,23.16817795405682,-0.0,-0.28420061930360974,-0.9587648345592596
238.2520542307632,15.294934023579135,23.09749009069253,-0.0,-0.2882977111950244,-0.9575408240486201
240.296659574103,15.532273818450262,23.025477067211458,-0.0,-0.29239159214085664,-0.9562986755430204
242.3411323984297,15.770288377306748,22.952145713549054,-0.0,-0.2964810308960646,-0.9550387417894662
244.38548601310904,16.00892413655392,22.87750342509903,-0.0,-0.3005648357622605,-0.9537613849927064
246.42972285702993,16.248125069389648,22.801559367416058,-0.0,-0.3046417891910531,-0.9524669969497495
248.4738583633642,16.487835461062893,22.72432363985154,-0.0,-0.30871069613519103,-0.951155984101307
250.5178858119126,16.727995779778084,22.645808633776838,-0.0,-0.3127703147577496,-0.9498287899439236
252.56182360307375,16.968548211405764,22.56602727949998,-0.0,-0.316819451205315,-0.9484858645957581
254.60566663547513,17.209430938452392,22.484994948569266,-0.0,-0.32085686374707545,-0.9471276962407924
256.6494359714192,17.450583975766946,22.40272754827466,-0.0,-0.32488136180851845,-0.9457547783381497
258.6931299099674,17.691943396450892,22.319243492684816,-0.0,-0.32889170996793543,-0.944367641924673
260.7367587043671,17.933445415600076,22.234562357536344,-0.0,-0.3328866971667876,-0.9429668323166978
262.7803251604988,18.175024092511517,22.14870570114789,-0.0,-0.33686509924366326,-0.9415529219919381
264.82384245999515,18.416613429039412,22.061696356351625,-0.0,-0.3408257143674511,-0.9401264980979509
266.8673177597761,18.65814542337162,21.973559147247208,-0.0,-0.34476733165219237,-0.9386881734769152
268.91075857563175,18.899550817296674,21.884320658508077,-0.0,-0.3486887442670078,-0.9372385820171389
270.9541718759407,19.14075898274582,21.794009306736566,-0.0,-0.3525887482955199,-0.9357783789847884
272.99757294155614,19.381698960310565,21.70265497452654,-0.0,-0.35646616010856025,-0.9343082343089235
275.0409722618479,19.6222979047909,21.610289615508254,-0.0,-0.36031979179549495,-0.9328288415569338
277.084373092533,19.86248079618285,21.51694740768964,-0.0,-0.36414844739157026,-0.9313409194609182
279.1277862122042,20.102172172844448,21.422664113516912,-0.0,-0.3679509512045221,-0.929845200830594
281.17122691214325,20.34129576666083,21.327477229657738,-0.0,-0.3717261422644158,-0.928342434211221
283.21470262537025,20.57977304982655,21.231426586787723,-0.0,-0.37547285184077195,-0.9268333925418083
285.25822735344633,20.817524920243354,21.134553702707155,-0.0,-0.3791899305352816,-0.9253188621122173
287.30180980017326,21.054470313123648,21.036902360568845,-0.0,-0.3828762268524207,-0.9237996508503635
289.34546192695944,21.29052719609635,20.938518225514585,-0.0,-0.3865306031709284,-0.9222765815157178
291.3891931953968,21.5256118998832,20.839449137161484,-0.0,-0.390151925635506,-0.9207504954779588
293.4330099361648,21.759639052048577,20.739745160674826,-0.0,-0.39373906352900573,-0.9192222526958872
295.4769337529708,21.99252367856089,20.639457699290734,-0.0,-0.3972909216053765,-0.9176927174223137
297.520964810651,22.224177009848447,20.53864130152484,-0.0,-0.4008063761154094,-0.9161627851344066
299.5651224394545,22.454511111756233,20.437351680433224,-0.0,-0.40428434561221643,-0.9146333516185062
301.60942007119854,22.683436026604628,20.335646949084005,-0.0,-0.4077237473534627,-0.9131053311880563
303.6538644408935,22.910859707152476,20.233587672039143,-0.0,-0.4111234965950344,-0.9115796567209433
305.69846691624014,23.136689293932328,20.131236304291708,-0.0,-0.41448252578948835,-0.9100572706237593
307.74324958708627,23.36083176774409,20.02865688109408,-0.0,-0.41779979393367905,-0.9085391197901032
309.7882150239131,23.5831906329472,19.92591653120149,-0.0,-0.42107423727362525,-0.9070261775188381
311.83338264174483,23.80366991546618,19.8230836472001,-0.0,-0.42430482833111427,-0.9055194159458446
313.87876603188573,24.02217168082787,19.720229013157788,-0.0,-0.42749053887698,-0.9040198223328231
315.9243659879489,24.23859533611117,19.617426143033953,-0.0,-0.43063032975239296,-0.90252840348509
317.9702068420569,24.452841494881515,19.514749437265753,-0.0,-0.4337232066365242,-0.9010461586538898
320.0162926999325,24.66480735004833,19.412276362057103,-0.0,-0.4367681524186632,-0.8995741109173759
322.0626367929211,24.87438979014785,19.31008595047036,-0.0,-0.43976417190144557,-0.8981132852329019
324.10925623429614,25.081484832467986,19.208259041325572,-0.0,-0.44271028286647457,-0.8966647118317338
326.15615860860555,25.285986280889126,19.106878915380776,-0.0,-0.44560549637793007,-0.8952294351716651
328.2033570258216,25.487787277727605,19.00603050871365,-0.0,-0.44844883825570375,-0.8938085026822633
330.2508593008923,25.686779240473086,18.90580090798426,-0.0,-0.451239333278176,-0.8924029718141167
332.2986786884415,25.8828529386131,18.806278777146918,-0.0,-0.45397601955429157,-0.8910139020630605
334.3468256480498,26.075897704698004,18.707554713524857,-0.0,-0.45665793655751963,-0.8896423601532406
336.39530900742807,26.265801584006407,18.609721133362267,-0.0,-0.45928412636264826,-0.8882894186419756
338.44413108552766,26.452450931239316,18.512872438291105,-0.0,-0.4618536271728042,-0.8869561584809726
340.4933158335572,26.6357329845686,18.417103625735866,-0.0,-0.46436550765112317,-0.8856436502927769
342.54285380777674,26.81553092916212,18.322512804991632,-0.0,-0.46681879801147147,-0.8843529893787463
344.59276952862,26.99172994715923,18.229197976964837,-0.0,-0.4692125717598346,-0.8830852521147219
346.64306440811833,27.16421219531013,18.137259604411067,-0.0,-0.4715458757826287,-0.8818415317007889
348.6937445843635,27.332859311782094,18.046799230731562,-0.0,-0.47381776334132014,-0.8806229199505476
350.74480764003346,27.497551354398208,17.957919975514105,-0.0,-0.47602727837553616,-0.8794305147323352
352.7962707838111,27.658169102303496,17.8707252156337,-0.0,-0.47817348495477213,-0.878265403102165
354.8481354923751,27.81459123637704,17.785320023161983,-0.0,-0.4802554279196631,-0.8771286815249524
356.9003970874742,27.966695241750617,17.70181060290397,-0.0,-0.482272143613825,-0.8760214492203524
358.9530606888392,28.114358650737625,17.620303520252897,-0.0,-0.48422267476135983,-0.8749447989713148
361.00614314729836,28.257459114865416,17.54090555483966,-0.0,-0.48610606954942404,-0.8738998164247492
363.0596203843371,28.395870827003066,17.463725590316496,-0.0,-0.48792133287423106,-0.8728876061247713
365.1135082264197,28.529470212326366,17.388871352401402,-0.0,-0.48966749944288773,-0.8719092498588081
367.1677930333291,28.658131248412,17.316451903039287,-0.0,-0.4913435704295923,-0.8709658407753431
369.2224886479887,28.78172923444457,17.246575416093687,-0.0,-0.49294856083899014,-0.8700584557182168
371.27757478138807,28.90013703323246,17.179351175791197,-0.0,-0.4944814485935509,-0.8691881827296225
373.3330483830217,29.013228329093074,17.11488761736133,-0.0,-0.4959412148863677,-0.8683560971036213
375.3888989990582,29.120876212542186,17.05329299816727,-0.0,-0.4973268236732489,-0.867563271730124
377.4451198986819,29.222953884035725,16.994674865074025,-0.0,-0.498637228601052,-0.8668107718833806
379.50169646506583,29.319334145458367,16.939140209320463,-0.0,-0.49987136424419637,-0.8660996589357636
381.55862881834474,29.40989054788958,16.886794664971998,-0.0,-0.5010281585282027,-0.8654309818592343
383.6158968559104,29.4944958673479,16.83774324341533,-0.0,-0.5021065108904923,-0.8648057884411828
385.6734783276777,29.573023140957595,16.792089589610104,-0.0,-0.5031053031888831,-0.864225117607225
387.73136929681095,29.64534647272718,16.749935359369704,-0.0,-0.5040234074742561,-0.8636899934108534
389.78954011421246,29.71133949428301,16.711380959207265,-0.0,-0.5048596639306463,-0.8632014363610818
391.84797446880316,29.770876919278557,16.676524482846133,-0.0,-0.5056128980903538,-0.8627604518547854
393.90664793316796,29.823833907609725,16.64546191979634,-0.0,-0.5062819101743137,-0.8623680347915548
395.96554319393874,29.87008660656714,16.618286674371834,-0.0,-0.5068654793149634,-0.8620251654556336
398.02462113062313,29.90951162386631,16.595089708876042,-0.0,-0.5073623542452761,-0.8617328132865146
400.08386557543184,29.941987123350327,16.575958731349637,-0.0,-0.5077712644234847,-0.8614919285900335
402.14324237415735,29.967392102916236,16.560978450296,-0.0,-0.5080909081998755,-0.8613034476911292
404.20272435623775,29.98560698560883,16.550230056147708,-0.0,-0.5083199575148768,-0.861168288310754
406.2622706566494,29.996513531927455,16.543791101662332,-0.0,-0.5084570540239004,-0.861087349932245
408.3218479828793,29.999995192994316,16.54173512224722,-0.0,-0.5085008107538,-0.861061510847354
410.3814253396577,29.99593710728974,16.544131467081876,-0.0,-0.5084498092691756,-0.8610916277923847
412.44097058559913,29.984226197021002,16.551045072498813,-0.0,-0.5083025980907234,-0.8611785347848729
414.50043171484936,29.964751515833264,16.562536088527246,-0.0,-0.5080576942781585,-0.8613230400289785
416.5597741968292,29.937404178423076,16.578659754505278,-0.0,-0.5077135797720452,-0.8615259258519473
418.61895607362015,29.902077622089564,16.59946608152097,-0.0,-0.507268701930028,-0.8617879460994011
420.6779308709928,29.85866780467135,16.624999576085457,-0.0,-0.5067214732983072,-0.8621098239194314
422.7366531609146,29.807073267231633,16.65529904765635,-0.0,-0.5060702697220322,-0.8624922504599503
424.79507633141424,29.74719530792014,16.69039735543754,-0.0,-0.5053134299065004,-0.8629358826448974
426.85314450687946,29.67893841634148,16.730321008651668,-0.0,-0.504449258344863,-0.8634413389196267
428.91081551451475,29.602209687878496,16.775090370028273,-0.0,-0.5034760154123219,-0.8640092024420407
430.9680399635391,29.516919578419696,16.824719080719525,-0.0,-0.502391924493111,-0.8646400142279492
433.0247668251019,29.422981914913116,16.879213929475352,-0.0,-0.5011951698086002,-0.8653342716895757
435.08094161180526,29.320314152599426,16.938574586544075,-0.0,-0.49988389749382894,-0.8660924252216844
437.1365122170166,29.208837248078943,17.0027935690476,-0.0,-0.4984562119015472,-0.8669148774918792
439.19142469757975,29.088475992066176,17.071855949399506,-0.0,-0.49691017790650616,-0.8678019791939429
441.2456254012074,28.959159037826144,17.145739250215478,-0.0,-0.49524381948539675,-0.8687540269037696
443.2990580155674,28.820819226441913,17.22441318028303,-0.0,-0.49345512229177363,-0.8697712585984955
445.3516723624788,28.67339312002641,17.307839832523836,-0.0,-0.49154202618186227,-0.8708538548442153
447.4034152534064,28.51682170661095,17.39597322591892,-0.0,-0.48950243306892033,-0.8720019312017647
449.45422481425203,28.351051061061135,17.488758895010868,-0.0,-0.4873342146022826,-0.8732155308272848
451.50405564791305,28.17603045771998,17.586134917772007,-0.0,-0.4850351867441159,-0.8744946355582182
453.55284695997597,27.99171505360624,17.688030397221592,-0.0,-0.4826031443665786,-0.8758391433633755
455.60055365328816,27.798063345748037,17.79436687230098,-0.0,-0.4800358276187451,-0.8772488838422005
457.64711776003094,27.595039823022454,17.905056861868157,-0.0,-0.47733095698188616,-0.8787235956242195
459.69249014714904,27.382613071211093,18.02000493496397,-0.0,-0.474486208624119,-0.8802629367555521
461.73662381695635,27.16075641883097,18.139107389339884,-0.0,-0.4714992235958426,-0.8818664763718586
463.7794761070203,26.92944773807375,18.262252406716087,-0.0,-0.46836760615645523,-0.8835336923418775
465.8209918699065,26.68867146827737,18.38931904781848,-0.0,-0.46508895271641604,-0.8852639527627606
467.86112487692174,26.438416333962913,18.520178560551603,-0.0,-0.4616608230023914,-0.8870565283592443
469.89983650485544,26.17867540101835,18.65469443157595,-0.0,-0.45808074286073924,-0.8889105877534327
471.93707858185104,25.90944829659804,18.792721348089692,-0.0,-0.45434623760859405,-0.8908251772210499
473.97281340615433,25.630738736939037,18.934106612192647,-0.0,-0.45045480132563137,-0.8927992338497418
476.0070178428009,25.34255377406901,19.07869063197264,-0.0,-0.44640388953572097,-0.8948315860581698
478.0396306212908,25.04491137393503,19.226303290076178,-0.0,-0.4421910302543634,-0.8969208954877708
480.0706268032394,24.73782996683794,19.37676937531314,-0.0,-0.43781368225068107,-0.8990657259811986
482.09998142830136,24.421333413648,19.52990624310472,-0.0,-0.43326930971822597,-0.9012645034928936
484.12766620346633,24.095451618118528,19.68552373345383,-0.0,-0.42855539734884135,-0.9035155070075869
486.15364111869803,23.76022208172621,19.843423687274115,-0.0,-0.42366948025362217,-0.9058168531781827
488.1778890642183,23.41568427180728,20.003402855148003,-0.0,-0.41860906968486095,-0.9081665303112505
490.20039682240565,23.061882510522636,20.165251723138287,-0.0,-0.41337170222764336,-0.910562373370117
492.2211369433133,22.69886924062665,20.328753299182416,-0.0,-0.4079549972844787,-0.9130020373419881
494.2400994056769,22.326699504474167,20.49368591768615,-0.0,-0.40235658496339827,-0.9154830301740123
496.2572620867472,21.945436237765808,20.659821145021212,-0.0,-0.3965741953833578,-0.918002672956916
498.272614974163,21.555145855004497,20.826926054817736,-0.0,-0.3906056036070886,-0.9205581255036218
500.2861530639122,21.155899438157167,20.99476298191517,-0.0,-0.3844486587751228,-0.9231463745073201
502.297868209427,20.747774337023536,21.16308917381838,-0.0,-0.37810132132628643,-0.9257642198806973
504.3077632737471,20.330851313761226,21.331658315528873,-0.0,-0.37156163207382664,-0.928408290339242
506.3158287615229,19.90521933687533,21.500218928650433,-0.0,-0.36482780128990955,-0.9310750106226514
508.32206491289367,19.47097106294253,21.668516593169826,-0.0,-0.3578981532159114,-0.9337606288148157
510.3264816508433,19.02820266174774,21.836294325427716,-0.0,-0.35077113781360375,-0.9364612158957517
512.3290898128523,18.577015628240357,22.003292227835765,-0.0,-0.34344537542765996,-0.9391726540404345
514.3298902861089,18.117519312015812,22.169246987979665,-0.0,-0.3359197154197666,-0.9418906225206317
516.3289008175847,17.64982482865523,22.333894522812844,-0.0,-0.3281931545919571,-0.9446106358066163
518.3261341499748,17.17404997781108,22.496968576374478,-0.0,-0.32026493513886445,-0.9473280167505335
520.3216138983609,16.690315491708766,22.65820244869317,-0.0,-0.31213450094463374,-0.9500379220431384
522.3153359646615,16.19875442458158,22.81732632964664,-0.0,-0.3038016747271185,-0.9527352950494687
524.3073347622571,15.699496005763828,22.974073082332733,-0.0,-0.2952664051722453,-0.9554149621900735
526.2976349014624,15.192677275687604,23.12817477555911,-0.0,-0.2865289812342046,-0.9580715750469214
528.286259587023,14.67844111551979,23.279363842699,-0.0,-0.27759001901442465,-0.9606996311769727
530.273229211046,14.156936662979772,23.42737346772027,-0.0,-0.26845048881088357,-0.9632934833461699
532.2585721456417,13.628316484563934,23.57193887595042,-0.0,-0.2591116846998969,-0.965847366229251
534.2423108774253,13.092740205800053,23.712796790388058,-0.0,-0.24957530672244693,-0.9683553925467636
536.224483162927,12.550368802466231,23.849687430335457,-0.0,-0.23984337724496163,-0.9708115957237692
538.2051173279015,12.001371226367002,23.98235323510758,-0.0,-0.22991837564428635,-0.973209915969362
540.1842416869039,11.445921922021299,24.110540072391654,-0.0,-0.21980321083597587,-0.9755442319578316
542.1618939733336,10.884198136831666,24.233998335808955,-0.0,-0.20950118672430917,-0.9778083926624409
544.1381148033946,10.316381658298258,24.35248296732605,-0.0,-0.19901604617705648,-0.979996231300943
546.1129352989377,9.742662391562481,24.46575324334679,-0.0,-0.1883520490050562,-0.9821015760274477
548.0863951356043,9.163233185754947,24.573574385664166,-0.0,-0.17751388635605875,-0.9841182958114174
550.058522792125,8.57829559152967,24.67571697583014,-0.0,-0.166506795639939,-0.9860403069883703
552.0293723223791,7.988048957650143,24.77195938828921,-0.0,-0.15533636071890777,-0.9878616375984065
553.9989813258451,7.392702831646935,24.86208607128897,-0.0,-0.14400874731698038,-0.9895764147837166
555.9673789349749,6.792474742145033,24.94588865036734,-0.0,-0.13253066304652128,-0.9911789058250027
557.9346273428815,6.187577476771999,25.02316815914315,-0.0,-0.12090911066484737,-0.9926635819643208
559.9007541977196,5.578239701442461,25.093732695209166,-0.0,-0.10915177656831511,-0.9940250950916584
561.865800785025,4.964691268528057,25.15740000598623,-0.0,-0.09726674084427202,-0.9952583489353571
563.8298118816981,4.347166244937936,25.21399749644559,-0.0,-0.0852625222479549,-0.9963585209651781
565.7928487729943,3.7258987308709166,25.26336297881195,-0.0,-0.0731479805923678,-0.9973210982102297
567.7549416071054,3.1011379085618644,25.30534393378032,-0.0,-0.060932591193527896,-0.9981418833665094
569.716141399649,2.4731316221334767,25.339799409248062,-0.0,-0.04862610304062684,-0.998817051367808
571.6765095441727,1.8421295583516997,25.366599987108728,-0.0,-0.03623857454980674,-0.9993431671425977
573.6360845608727,1.208393936551025,25.385627796201838,-0.0,-0.023780555234226425,-0.9997172026091938
575.5949157168526,0.5721887176791368,25.39677755975749,-0.0,-0.011262843011646205,-0.9999365721721029
577.5530531545446,-0.06621726981271696,25.399956843239945,0.0,0.0013034884558740616,-0.9999991504585618
579.5105640202933,-0.7065556415586528,25.395086408714384,0.0,0.013907230520008695,-0.9999032897931995
581.4674946862776,-1.3485461465245778,25.382100622939895,0.0,0.026536835380993815,-0.999647836174301
583.4239086024147,-1.9919090556804895,25.360947818050178,0.0,0.039180699833351304,-0.9992321415770055
585.3798574385362,-2.6363557306781416,25.33159083131221,0.0,0.05182702108766986,-0.99865607687791
587.335399303868,-3.2815946291211917,25.294007250887034,0.0,0.06446395729064112,-0.9979200359800531
589.2905990127917,-3.927331435409611,25.248189643665782,0.0,0.07707967273814505,-0.997024936523947
591.2455211961607,-4.573266815374559,25.194145970820806,0.0,0.0896623367748354,-0.9959722211809302
593.2002419642508,-5.219100289979919,25.13189952916468,0.0,0.10220024174165239,-0.9947638466429849
595.154820292939,-5.864520800057626,25.0614901160009,0.0,0.11468166165967743,-0.9934022933731205
597.1093284846676,-6.509216793142351,24.982973393108995,0.0,0.12709508943296424,-0.9918905374294217
599.0638402901671,-7.1528723157639345,24.89642143340923,0.0,0.1394292000710325,-0.9902320425877724
601.0184317231327,-7.795167297068833,24.8019229016802,0.0,0.15167289373365236,-0.9884307427971168
602.9731807524682,-8.435777460221773,24.699583254346596,0.0,0.16381532940811105,-0.9864910226914951
604.9281619506792,-9.074372589094768,24.589525217660288,0.0,0.17584592528664109,-0.9844177012630793
606.8834838015737,-9.710628688635873,24.4718867172386,0.0,0.18775461688470746,-0.9822159659863388
608.839204097734,-10.344200417402705,24.34682596185635,0.0,0.19953136692210732,-0.9798914397086014
610.7954327680394,-10.974754552706969,24.214515379014145,0.0,0.21116681593158373,-0.9774500375207505
612.7522510829061,-11.601943749411511,24.07514666570365,0.0,0.2226518132362711,-0.9748980305973547
614.7097500046137,-12.225418995317636,23.928928448709907,0.0,0.23397766670363135,-0.9722419716736798
616.668034984528,-12.844831051253799,23.776085780164824,0.0,0.2451361807908807,-0.9694886553576895
618.6272019189893,-13.459822779200803,23.616861916855385,0.0,0.25611952760829276,-0.9666451197713177
620.5873515025378,-14.070033722617579,23.451517234689017,0.0,0.26692033765079515,-0.9637185965562693
622.5486017704853,-14.675103915398829,23.280328002679582,0.0,0.2775317694312145,-0.9607164602297492
624.5110528818574,-15.274662932622128,23.103589294239953,0.0,0.28794731688671865,-0.9576462513359199
626.4748078017757,-15.868336398301073,22.921613188487726,0.0,0.2981609234853179,-0.9545156173192676
628.4399772069503,-16.455747431132494,22.734728114987952,0.0,0.308167001130247,-0.9513322760289333
630.4066858206277,-17.036518398826065,22.543277961087217,0.0,0.31796044995466405,-0.9481039775597545
632.3750476818408,-17.61026351314608,22.347624202731847,0.0,0.32753652159963886,-0.9448385190170907
634.3451654262341,-18.176588853901286,22.148145842876293,0.0,0.3368908098459888,-0.941543722957842
636.317171077813,-18.735104119348456,21.94523497674382,0.0,0.3460194297177692,-0.9382273467863691
638.2911707761621,-19.285406747264744,21.739302033391294,0.0,0.354918738003648,-0.9348971544581242
640.2672718176544,-19.827089898259334,21.530772698487624,0.0,0.3635854481844404,-0.9315608524774535
642.2455954504522,-20.359745923827344,21.32008608186216,0.0,0.37201666444951,-0.9282260507935881
644.2262578897383,-20.882961130879792,21.10769620478508,0.0,0.3802097752771625,-0.9249002793726953
646.2093637791156,-21.39631431643062,20.894072181816007,0.0,0.38816240926891155,-0.9215909852155424
648.1950344248396,-21.899384262138454,20.67969457617325,0.0,0.39587252798111155,-0.9183054729172879
650.1833617730322,-22.3917381203688,20.465059684535657,0.0,0.40333822235223876,-0.9150509703780091
652.1744416823889,-22.872940353311982,20.25067519285268,0.0,0.4105578264287924,-0.9118345634807148
654.168365904946,-23.34255093483098,20.037060195421468,0.0,0.41752986332374914,-0.9086632012098055
656.1652226106426,-23.800125796033146,19.824744213513753,0.0,0.4242530252729937,-0.9055436878178283
658.1650925851746,-24.24521632980008,19.61426658583854,0.0,0.43072613936774906,-0.9024826828617569
660.1680560876173,-24.677371343168005,19.406174641647542,0.0,0.43694816858715946,-0.899486685820489
662.1741641331593,-25.09613145797314,19.20102545122176,0.0,0.4429181039165879,-0.8965620743835502
664.183459759939,-25.501034682089156,18.99938218644573,0.0,0.44863501799929983,-0.8937150667996865
666.1960027644712,-25.89162178792871,18.801810247941486,0.0,0.45409811145303935,-0.8909516850956527
668.2118045891243,-26.267424182124294,18.6088821539011,0.0,0.4593065136891358,-0.8882778430664203
670.2308831523819,-26.62797578916937,18.42117032845876,0.0,0.46425942143295645,-0.8856992658971422
672.2532365131539,-26.972808909022447,18.239247830288967,0.0,0.4689560113308815,-0.8832215234224254
674.2788457064498,-27.301456003867937,18.063686024299834,0.0,0.4733954355655033,-0.8808500221863806
676.3076654116235,-27.613449596455958,17.895053163228212,0.0,0.47757679133190467,-0.8785900115418581
678.3396593344668,-27.908329016845954,17.7339091681838,0.0,0.4814991814323775,-0.8764465404575172
680.3747378281189,-28.185632456841414,17.580808297321333,0.0,0.4851615780405622,-0.8744245211527358
682.4128251963286,-28.444908334877674,17.436291238389828,0.0,0.4885629438482976,-0.8725286527663635
684.4538077763204,-28.685709546289136,17.300886494349765,0.0,0.49170212540430003,-0.8707634695328542
686.497543371284,-28.90759701104455,17.175106644163858,0.0,0.49457787015174165,-0.8691333213933102
688.5438706411036,-29.11014277541926,17.059444759790413,0.0,0.49718883673991005,-0.8676423575536265
690.5926449241773,-29.292934859981735,16.954369756780185,0.0,0.4995336272654497,-0.8662944968260059
692.6436407867471,-29.45557010038484,16.860328642335773,0.0,0.5016106658742907,-0.8650934862089477
694.696655112514,-29.597665740642107,16.77773801875217,0.0,0.5034183188391629,-0.864042820846948
696.7514572271788,-29.7188565903923,16.706983887398582,0.0,0.5049548297176214,-0.8631457698122885
698.8077907206826,-29.818797481736397,16.6484184718818,0.0,0.506218323679926,-0.8624053622112317
700.8653686288086,-29.89716542592634,16.60235727849207,0.0,0.5072068090385533,-0.861824374721978
702.9239126247821,-29.95366307050743,16.569075478922432,0.0,0.5079181964766565,-0.8614053086021124
704.9831089624978,-29.988018691105104,16.548806446672547,0.0,0.508350276252135,-0.8611503914150989
707.0426447576178,-29.999989039417365,16.541738756248403,0.0,0.5085007334205097,-0.8610615565166079
709.1022004172062,-29.98936026437764,16.54801447769062,0.0,0.5083671410120828,-0.8611404356661004
711.1614317647591,-29.95594950344917,16.567727257350427,0.0,0.5079469641381277,-0.8613883454185224
713.2199792352251,-29.89960672715992,16.600920448436742,0.0,0.5072375700274018,-0.8618062703140983
715.2775192393801,-29.820214056348274,16.647586945212293,0.0,0.5062362092239967,-0.8623948634300402
717.3336811654149,-29.71768899316479,16.70766693804658,0.0,0.5049400492454524,-0.8631544164678764
719.3881210634295,-29.591982720258397,16.781048805944177,0.0,0.5033461494550907,-0.8640848649459921
721.4404983619521,-29.443080901939325,16.867568769703304,0.0,0.5014514708551261,-0.8651857733326587
723.4904711255449,-29.271004316418534,16.96701088886031,0.0,0.49925288742992613,-0.866456319956685
725.537720709948,-29.075806753794236,17.079108874173357,0.0,0.4967471662142734,-0.867895300631412
727.5819325145993,-28.857576074435926,17.203546290434478,0.0,0.4939309912496485,-0.86950110746516
729.6227998205628,-28.616433636972335,17.339957932094077,0.0,0.4908009706368229,-0.8712717183645713
731.6600442121439,-28.352531135498865,17.48793285640322,0.0,0.48735361345844763,-0.8732047042068624
733.6933949915709,-28.06605197395687,17.647015025542828,0.0,0.48358536905613897,-0.8752972014320837
735.7226068216441,-27.757207933282228,17.816706769178484,0.0,0.4794926086245992,-0.8775459180432538
737.7474671055185,-27.42623631072037,17.99647206524137,0.0,0.47507161541127346,-0.8799471349067074
739.767773979093,-27.073401808154436,18.185737347777756,0.0,0.47031864146164326,-0.8824966716615278
741.7833208550609,-26.69899859498373,18.38389246087654,0.0,0.46522997235789254,-0.8851898512860813
743.79397681609,-26.30333395005049,18.59030140858387,0.0,0.45980174427615245,-0.8880215965620474
745.7996101413794,-25.886740021300284,18.804298140448918,0.0,0.45403014398533587,-0.8909863233252546
747.8001111868195,-25.44956834269365,19.02519164537958,0.0,0.447911380024654,-0.8940779583707508
749.7953955727163,-24.99218746049033,19.25226934980029,0.0,0.4414416980150381,-0.8972899348892753
751.7853945159294,-24.514983506461125,19.48479905194822,0.0,0.43461744059729623,-0.9006151677207395
753.7700737836802,-24.01835407514148,19.722034129145026,0.0,0.4274350149549859,-0.9040460762540983
755.7494317364221,-23.502706495240062,19.96321641140355,0.0,0.4198909232744397,-0.9075745768540118
757.723460747507,-22.968466367054408,20.207574338046165,0.0,0.4119819483214781,-0.9111920073492956
759.692187884994,-22.416065814058076,20.454330643895833,0.0,0.4037050465032281,-0.9148891929779401
761.6556495504991,-21.84594883222297,20.702701964762753,0.0,0.3950574932724603,-0.9186563976859247
763.6138994667186,-21.258568004511567,20.951902425172808,0.0,0.38603690482278563,-0.9224833375811422
765.5670331677403,-20.65437560536587,21.201149294807745,0.0,0.3766411719159144,-0.9263592324891066
767.5151361813273,-20.033838067590246,21.449658782298933,0.0,0.36686875660871837,-0.9302727102438151
769.4582893871907,-19.39743435814187,21.696649018913163,0.0,0.3567187507920974,-0.9342118243917304
771.3966389371365,-18.745632056021243,21.941351169490833,0.0,0.346190573048111,-0.9381642111766044
773.3302896871324,-18.07892147685637,22.18299801411084,0.0,0.335284593379472,-0.9421168937251694
775.2593726651066,-17.39779309932008,22.42083459914617,0.0,0.3240018561280255,-0.9460564450526165
777.1840492121509,-16.702734759773783,22.654120586069332,0.0,0.3123441089554981,-0.9499690298113913
779.1044538428579,-15.99425160188099,22.882125154485507,0.0,0.3003142164330572,-0.9538403280466804
781.0207416220067,-15.272848960233572,23.104134691317835,0.0,0.2879159559726067,-0.9576556804490746
782.9330799522477,-14.539034647405778,23.31945345985762,0.0,0.2751541292107039,-0.9614001275110686
784.8416303762285,-13.79332560726634,23.527403235156793,0.0,0.26203474950110667,-0.9650584386729606
786.7465558179347,-13.036245155009778,23.727325908055946,0.0,0.2485650636120144,-0.968615201796645
788.6480257813937,-12.268320761521208,23.91858568594909,0.0,0.23475357300820462,-0.9720549161235086
790.5462099556946,-11.490086455258538,24.100570012309884,0.0,0.22061012855495918,-0.9753620718374097
792.4412917001151,-10.702077159550582,24.272692366840804,0.0,0.2061458692852455,-0.9785212724190672
794.3334265684169,-9.904845910242063,24.434390034393317,0.0,0.19137356978805753,-0.9815172727907419
796.2227912069748,-9.098943630098928,24.585130165514585,0.0,0.1763072890684938,-0.984335176564019
798.1095573876411,-8.284929867445713,24.7244088296408,0.0,0.1609625712055481,-0.9869605112013848
799.9938976845616,-7.4633704655914705,24.8517529654856,0.0,0.14535639173087853,-0.9893793607019399
801.8759784994398,-6.6348406732277105,24.966721350796096,0.0,0.12950718994198043,-0.9915784829015462
803.7559702677918,-5.799920760542106,25.068906684758193,0.0,0.11343474166630212,-0.9935454490777457
805.6340490967885,-4.959195253809881,25.157936834986113,0.0,0.09716008160460682,-0.9952687669883881
807.5103715828461,-4.113264298850919,25.233474968580694,0.0,0.08070564457958906,-0.996737979076243
809.385120131327,-3.2627233848003074,25.295222796400367,0.0,0.0640947760793575,-0.9979438158931279
811.2584585689211,-2.408183363827718,25.342919811871884,0.0,0.047352008249747155,-0.9988782645121056
813.1305557187786,-1.5502599201827212,25.376345415156248,0.0,0.0305027275341556,-0.9995346835467877
815.001586752508,-0.6895729591210802,25.395319774941427,0.0,0.013573020418441146,-0.9999078823155263
816.871730238629,0.1732519959979895,25.39970456442798,-0.0,-0.0034104525281875163,-0.9999941843898659
818.7411581758063,1.0375791091749151,25.38940383456893,-0.0,-0.020420526623203882,-0.9997914793057755
820.6100409932698,1.9027644244702226,25.36436503489144,-0.0,-0.037429745753449505,-0.9992992615492279
822.4785730215834,2.768167577990201,25.324579215159094,-0.0,-0.05441076608460355,-0.998518637048947
824.3469276500268,3.633130925630214,25.27008228028769,-0.0,-0.07133612047729598,-0.9974523336557235
826.2153058221471,4.497001859249076,25.200954471239278,-0.0,-0.088178828918463,-0.9961046602293198
828.0839045496109,5.359118053760281,25.11732139454587,-0.0,-0.10491227665329539,-0.9944814800726167
829.9529320556168,6.2188142630832495,25.019353830327482,-0.0,-0.1215105069579553,-0.9925901453766407
831.8225803226604,7.075409490680078,24.907269493496006,-0.0,-0.13794812447218105,-0.9904394554714628
833.6930693298443,7.928227093427233,24.781330857825257,-0.0,-0.15420082177043234,-0.988039526823357
835.5646340163013,8.776588359746656,24.641845440586213,-0.0,-0.17024537592669983,-0.985401700818289
837.4374867872567,9.619795206214729,24.489168702662283,-0.0,-0.1860594306170362,-0.9825384920085647
839.3118784962827,10.45715742873645,24.323699394789585,-0.0,-0.20162210313330778,-0.979463387538351
841.1880592347989,11.287974441652947,24.145882214612104,-0.0,-0.2169137123787048,-0.9761907812421139
843.0662801445739,12.111535748431873,23.95620769502418,-0.0,-0.23191584757792638,-0.9727358529643141
844.9467992125882,12.927123094876613,23.75521150088492,-0.0,-0.24661144935237583,-0.9691144375399225
846.8298894149723,13.734013444113701,23.543473176347483,-0.0,-0.26098488559644734,-0.9653428870045137
848.7158167147434,14.53146898213841,23.321618200995562,-0.0,-0.27502177992618115,-0.9614379962151668
850.6048880394334,15.318756820888753,23.09031190415821,-0.0,-0.2887093502496486,-0.9574167906812716
852.4973840471746,16.095119959406656,22.850266865081785,-0.0,-0.3020358755518332,-0.9532965592509173
854.3936037195849,16.85979559118749,22.602237132119832,-0.0,-0.3149909845951066,-0.9490946631521038
856.2938546546534,17.612010288749484,22.347018637686833,-0.0,-0.3275655243539578,-0.9448284644604632
858.1984308106684,18.35097075341886,22.08545150007053,-0.0,-0.3397513516040599,-0.9405152944440692
860.1076516459274,19.07587873171188,21.818413883986437,-0.0,-0.35154151813924633,-0.9361722923823126
862.0218028848245,19.785907912580445,21.546829213335496,-0.0,-0.3629298223614156,-0.9318164755147397
863.9412103894064,20.480231566793464,21.27165467490666,-0.0,-0.37391118211757773,-0.9274645157025877
865.8661584343986,21.157992078924334,20.99389144870251,-0.0,-0.3844810653513879,-0.9231328779684222
867.796928951792,21.818316068847896,20.714577597636353,-0.0,-0.3946356525626937,-0.9188376906322557
869.7337972748027,22.460313136573472,20.434786750069538,-0.0,-0.40437172911656116,-0.9145947215522745
871.6770260809164,23.08307440909087,20.155626730554864,-0.0,-0.41368657343447646,-0.9104193643371397
873.6268513274359,23.685669199220815,19.878238923081522,-0.0,-0.42257781718173737,-0.9063266455455882
875.5834918616507,24.267149737977363,19.603793736167177,-0.0,-0.431043424476378,-0.9023311843307186
877.5471376457145,24.826549485481102,19.333488589025176,-0.0,-0.439081572637593,-0.8984472007692484
879.5179320861002,25.362880989278526,19.068545944130843,-0.0,-0.4466905276585805,-0.8946885337926819
881.4959998194063,25.875146903919784,18.810204455714274,-0.0,-0.4538687044977194,-0.8910685714789641
883.4814039940042,26.362332285199432,18.559718863038697,-0.0,-0.4606144580340156,-0.8876003160488566
885.4741471697972,26.823410516514564,18.318352837229682,-0.0,-0.46692606719879726,-0.884296357433561
887.4742018700856,27.257355838134472,18.08736764481611,-0.0,-0.47280180235682157,-0.8811688009048783
889.4814721599729,27.663140145024986,17.868018477526643,-0.0,-0.4782397728663963,-0.8782293092630749
891.4957793500994,28.03973790247825,17.66154624370398,-0.0,-0.4832378858863345,-0.875489089391813
893.5168831391331,28.386138652107874,17.46916468920578,-0.0,-0.4877939020989941,-0.8729588243869448
895.5444926551363,28.701356471610026,17.29204858946426,-0.0,-0.4919054453503393,-0.870648627653363
897.5782034362373,28.9844289760865,17.131327528840522,-0.0,-0.4955698749814789,-0.8685680739071876
899.6175399930248,29.234434942356952,16.98806903150688,-0.0,-0.4987844013734881,-0.8667260933804238
901.6619560193191,29.45050393191452,16.86326592673511,-0.0,-0.5015460955106001,-0.865130923085097
903.7108268413676,29.631825467631746,16.75782401039184,-0.0,-0.5038518955165621,-0.8637900597855751
905.7634774415698,29.777661341396055,16.67254808107408,-0.0,-0.5056986575199903,-0.8627101875963211
907.8191320657503,29.88735150926534,16.60813208426786,-0.0,-0.507083131742269,-0.8618971501881489
909.8769651212759,29.96032799534825,16.565145141842045,-0.0,-0.5080020491243565,-0.8613558603071408
911.936135239399,29.996123053218593,16.544021671025273,-0.0,-0.5084521463300139,-0.8610902478209832
913.9956908989874,29.994374583546026,16.545054068326063,-0.0,-0.508430170250369,-0.8611032237654095
916.0547669572131,29.95483328599953,16.56838546070841,-0.0,-0.5079329202185925,-0.8613966267395137
918.1123852565795,29.877366228965748,16.614005779726938,-0.0,-0.5069572627241253,-0.8619711908012136
920.1676175603524,29.761958248778658,16.68175040549169,-0.0,-0.5055001375926951,-0.8628265242177979
922.2195452241949,29.6087117762689,16.771301052655858,-0.0,-0.5035585636848172,-0.8639610945752615
924.2672773209091,29.417844546224593,16.882189195415,-0.0,-0.5011296372224864,-0.8653722243620136
926.3099524046964,29.18968668470245,17.01380109496953,-0.0,-0.4982105412241443,-0.8670560861980875
928.3467852985459,28.924670766490735,17.165388002461775,-0.0,-0.4947984828081673,-0.869007745311131
930.3770458867169,28.623326930660255,17.33607436437539,-0.0,-0.4908907106479592,-0.8712211603258623
932.4000834515697,28.286271910393868,17.524870289480933,-0.0,-0.48648446826215186,-0.8736892251479879
934.4153059624322,27.914203807984606,17.730681355967494,-0.0,-0.4815770340499037,-0.8764037655531257
936.4222149537436,27.507887110948488,17.952324278457816,-0.0,-0.4761656438263373,-0.8793556047694526
938.4203961485058,27.068143976686166,18.188539189541224,-0.0,-0.47024750206759663,-0.8825345810783766
940.4095245932414,26.59584292459368,18.438003337897047,-0.0,-0.46381976443029155,-0.8859295830503848
942.3893284960974,26.091897933511433,18.69933919514982,-0.0,-0.4568796670783391,-0.8895285098356241
944.3596453754732,25.557245512525142,18.971133876107416,-0.0,-0.44942435855265395,-0.8933183900153044
946.3203889261542,24.992842779520508,19.251946946832376,-0.0,-0.4414510173329566,-0.897285349983882
948.2715135801093,24.39966986298335,19.540316048990373,-0.0,-0.4329570390506435,-0.9014145563149619
950.2130526616819,23.77871184737383,19.834772272436645,-0.0,-0.4239399370372118,-0.9056903056701473
952.1451126354578,23.130952468806,20.13384879808895,-0.0,-0.4143974037895356,-0.9100960343460972
954.0678319536593,22.45738143255168,20.436082866071683,-0.0,-0.4043275765060733,-0.9146142415667523
955.981399297005,21.75898365273123,20.740025889765505,-0.0,-0.3937290426249933,-0.9192265449787697
957.8860491494211,21.03673595044938,21.044249414872738,-0.0,-0.3826009525443423,-0.9239136924584254
959.7820476580904,20.291608373260786,21.34734871679343,-0.0,-0.3709432051519746,-0.9286555543104129
961.6696897790833,19.524562339988442,21.647947494408513,-0.0,-0.35875658791533693,-0.9334311493770417
963.5492893016408,18.7365523253114,21.94470085591405,-0.0,-0.3460429739672923,-0.9382186633018295
965.4211697627669,17.92852816762065,22.23629800927985,-0.0,-0.33280553241919575,-0.942995481214611
967.2856959602257,17.101419988937636,22.52147081064925,-0.0,-0.3190486491575813,-0.9477383391372972
969.1432285702737,16.256156573129893,22.798989896357142,-0.0,-0.3047783899380149,-0.9524232950882666
970.9941305336337,15.393662653151527,23.067668800403226,-0.0,-0.29000262021571954,-0.9570258514105129
972.8387700269526,14.514857507830062,23.326367239442806,-0.0,-0.274731133745679,-0.9615210887707111
974.6775248880595,13.620652773412598,23.573994271910706,-0.0,-0.2589757515107129,-0.9658838233087153
976.5107470404522,12.71197014257923,23.809506054076515,-0.0,-0.24275075756188783,-0.9700886916685143
978.3388285425129,11.78970934418282,24.031916865941813,-0.0,-0.22607243300194588,-0.9741104942646809
980.1621158450131,10.85479124732279,24.240290423002403,-0.0,-0.2089599043961463,-0.9779242089010547
981.9809843924198,9.908121148242683,24.433751331808523,-0.0,-0.191434532615619,-0.9815053844591172
983.7957833086617,8.950617650682279,24.611480744796207,-0.0,-0.17352045581403847,-0.9848302652813267
985.6068722369513,7.983194426263522,24.77272250740625,-0.0,-0.15524423486774705,-0.9878761195313549
987.414565276238,7.006790984953308,24.916780315877723,-0.0,-0.13663537697376887,-0.9906214078845844
989.2192266853941,6.022322128386685,25.043027915176612,-0.0,-0.11772527786881368,-0.9930462018207967
991.0211659099353,5.030735338944003,25.15090257824311,-0.0,-0.09854817196392232,-0.9951322815598784
992.820731109784,4.032960664771416,25.239913664137855,-0.0,-0.07913998688778945,-0.9968635124606581
994.6182404258413,3.02994911534049,25.309639846047705,-0.0,-0.05953885730909437,-0.9982259886770766
996.4140035461261,2.0226617624732666,25.359732671206974,-0.0,-0.039784653055067336,-0.9992082772782098
998.2083386851739,1.0120609188437029,25.38991862890304,-0.0,-0.01991850655332026,-0.9998016068684255
1000.0015725023724,-0.0008892298411398032,25.399999992217225,0.0,1.750452442920412e-05,-0.9999999998467958
