439.34317032659055,-464.4701064157979,428.2211352671657,-0.14349839233413517,-0.003944687479937373,-0.9896426884680168
439.32503016552164,-462.41060993312834,428.2155564857907,-0.14347502790894778,-0.003944504612210125,-0.9896460767617334
439.3045161541699,-460.3511319999431,428.2103217868406,-0.14340493415283864,-0.003943955995830656,-0.9896562383331512
439.2816282594953,-458.29167604300915,428.20543067373745,-0.14328810986396068,-0.003943041593082728,-0.9896731632183469
439.25636644169197,-456.2322474921383,428.2008823155327,-0.1431245533930506,-0.003941761343876068,-0.9896968347597904
439.2287306102658,-454.17284977646466,428.19667553734394,-0.14291426243931699,-0.003940115164150339,-0.9897272296364887
439.19872061649505,-452.11348453558765,428.1928088223195,-0.14265723388423823,-0.0039381029445760525,-0.9897643178887061
439.1663362904443,-450.0541544601755,428.18928031764256,-0.1423534640809726,-0.003935724552822616,-0.9898080628770364
439.131577436224,-447.99486260144647,428.18608783252995,-0.14200294889872817,-0.003932979833909468,-0.9898584212773518
439.0944438375451,-445.9356124782512,428.1832288379399,-0.14160568384523778,-0.003929868611170028,-0.9899153430649621
439.05493523361764,-443.87640663439134,428.1807004643887,-0.14116166386129003,-0.0039263906846484994,-0.9899787715461901
439.0130513034144,-441.8172460623661,428.17849950199286,-0.14067088314422796,-0.0039225458297229565,-0.9900486433855847
438.9687917811359,-439.75813574200987,428.1766224061131,-0.14013333656786303,-0.003918333808237562,-0.9901248884067732
438.922156256532,-437.6990749490784,428.17506528746867,-0.1395490173716476,-0.003913754350407424,-0.9902074299244034
438.87314452007246,-435.640072655241,428.1738239244422,-0.13891792151352786,-0.003908807188943936,-0.9902961841331719
438.82175611566765,-433.58112770785226,428.17289374806023,-0.13824004213604707,-0.0039034920156988716,-0.9903910608947899
438.7679906265219,-431.52224161406457,428.1722698523441,-0.1375153731848522,-0.00389780851003722,-0.9904919632317314
438.7118476229619,-429.46341599636884,428.1719469918787,-0.13674390886206675,-0.003891756334573694,-0.9905987874118135
438.6533267944612,-427.40465699908134,428.1719195812602,-0.13592564558355338,-0.0038853351505563436,-0.9907114226874859
438.5924278467387,-425.3459708840362,428.17218169261196,-0.1350605807443485,-0.0038785446082221908,-0.9908297514814145
438.529150238477,-423.28735547287897,428.17272705830453,-0.13414870900526993,-0.0038713843176714294,-0.9909536499028015
438.4634935820551,-421.22881385957277,428.1735490701687,-0.13319002804508512,-0.0038638538940483315,-0.9910829869705335
438.39545753992843,-419.17035028906946,428.1746407782823,-0.13218453727981708,-0.003855952947544325,-0.9912176248084912
438.32504172513075,-417.1119669698792,428.1759948924972,-0.13113223651665562,-0.0038476810728707766,-0.9913574188437292
438.2522458555771,-415.0536685566205,428.17760377994654,-0.1300331283646784,-0.0038390378682595506,-0.9915022175042982
438.1770694348744,-412.9954530258136,428.17945947237854,-0.12888721353640448,-0.003830022898572772,-0.991651862858845
438.0995121848929,-410.9373238501566,428.1815536570508,-0.12769449749744455,-0.003820635747656014,-0.9918061897625761
438.01957408422544,-408.8792900230186,428.18387767364277,-0.1264549913320828,-0.0038108760252765043,-0.9919650257902859
437.937254788389,-406.8213508369741,428.18642253122164,-0.12516870291828924,-0.003800743297735119,-0.9921281924026439
437.8525540534418,-404.76350723258196,428.18917889793585,-0.12383564354745416,-0.003790237140040986,-0.9922955041163947
437.7654718094524,-402.70576313991853,428.19213709846184,-0.1224558292784843,-0.003779357146706024,-0.9924667683783052
437.67600801223125,-400.6481215699605,428.1952871191966,-0.12102927878404539,-0.0037681029148983556,-0.9926417858812093
437.5841626209532,-398.59058408609,428.19861861016966,-0.11955601313066645,-0.0037564740428192613,-0.9928203506310019
437.48993586577586,-396.5331566026713,428.2021208762287,-0.11803606024152838,-0.00374447016507114,-0.9930022494565867
437.39332784287865,-394.47584018152753,428.2057828928778,-0.11646944856395078,-0.0037320909028215514,-0.9931872628304808
437.2943388118074,-392.418637560423,428.2095932967608,-0.11485621200624355,-0.003719335902932247,-0.9933751643281695
437.1929689341539,-390.36154756038195,428.21354039701794,-0.11319638585447608,-0.003706204805848237,-0.9935657211656519
437.08921885184463,-388.30457670827866,428.217612154305,-0.11149001641238548,-0.003692697322042264,-0.9937586931578782
436.9830891633332,-386.24772818278353,428.22179620271316,-0.10973715264745053,-0.003678813166178205,-0.993953833768208
436.8745805325166,-384.1910040607007,428.22607984758145,-0.10793784812794105,-0.003664552072629741,-0.9941508899556529
436.76369391793315,-382.1344094791585,428.2304500585443,-0.10609216501402761,-0.0036499138273600414,-0.9943496018260828
436.65043007319673,-380.07794317929574,428.2348934914894,-0.10420016593704617,-0.0036348982037806947,-0.9945497036014542
436.5347900857163,-378.0216074780175,428.23939646969876,-0.10226192313705665,-0.0036195050354670792,-0.9947509227236782
436.4167755356792,-375.96541048930044,428.2439449806334,-0.10027752138922479,-0.003603734239801208,-0.9949529796948008
436.2963875173778,-373.9093488414232,428.24852471669493,-0.09824704175367308,-0.0035875856891643657,-0.995155589852951
436.17362776757864,-371.8534273306906,428.25312103468264,-0.09617058072299706,-0.0035710593634080317,-0.9953584615295258
436.04849825543636,-369.79765131209234,428.25771897549185,-0.09404824356986238,-0.0035541552974358392,-0.995561296888115
435.92100064143153,-367.74201783822093,428.26230328728496,-0.09188013534129703,-0.003536873509801974,-0.9957637929024338
435.79113752187186,-365.68653576379864,428.2668583841388,-0.08966638219220337,-0.003519214173098935,-0.9959656394857032
435.6589110713594,-363.6312036135959,428.2713683992167,-0.08740710851203046,-0.0035011774320958004,-0.9961665217914902
435.52432374352094,-361.5760209228646,428.27581716328666,-0.08510244901174993,-0.003482763500461384,-0.9963661192205417
435.3873787832217,-359.5209956011177,428.2801881935187,-0.08275255773474248,-0.0034639727333534666,-0.9965641048528996
435.2480793012357,-357.4661295217272,428.28446472967846,-0.08035759242433409,-0.0034448055030812676,-0.9967601470036865
435.1064285135493,-355.41142229356285,428.28862973033586,-0.07791771877965642,-0.0034252622335272463,-0.9969539090042258
434.9624302916871,-353.3568790616232,428.29266586239646,-0.07543312013091015,-0.003405343478215784,-0.9971450486379155
434.81608868305597,-351.30250321310103,428.29655552222266,-0.072903989389701,-0.003385049856518195,-0.9973332190238802
434.66740749738506,-349.2482906743875,428.30028085133983,-0.07033052205626053,-0.0033643819980269715,-0.9975180693105591
434.516391667631,-347.1942486810486,428.30382370805324,-0.0677129399433196,-0.003343340733660233,-0.9976992431775074
434.3630460693756,-345.14037905327996,428.30716570587253,-0.06505147094941173,-0.00332192693404611,-0.9978763805846708
434.20737601111506,-343.0866848467494,428.3102882084852,-0.06234635771335579,-0.003300141579727587,-0.998049117401259
434.0493869227489,-341.0331660684711,428.3131723439083,-0.05959785237023855,-0.0032779857196828417,-0.9982170860100907
433.8890848924635,-338.97982654946304,428.3157990023659,-0.05680622604717846,-0.0032554605486095835,-0.9983799149917295
433.7264765129317,-336.92667157020423,428.31814884985795,-0.05397176636191334,-0.003232567387727157,-0.9985372296233422
433.56156795365143,-334.8736961167938,428.3202023492732,-0.051094761386518216,-0.0032093075560035832,-0.9986886530365034
433.3943665433811,-332.8209047063453,428.32193974681013,-0.048175527369030094,-0.0031856825949227244,-0.9988338049891586
433.22488033317654,-330.7683053104088,428.32334109290025,-0.045214401276256276,-0.003161694209491941,-0.9989723027226308
433.05311691025787,-328.7158948717802,428.32438626204146,-0.0422117201835379,-0.0031373441021949186,-0.9991037622545175
432.87908445587595,-326.6636722422171,428.3250549509561,-0.03916783984588214,-0.0031126341241561727,-0.9992277977671642
432.7027920716511,-324.61164165563486,428.3253266913213,-0.03608314051640488,-0.003087566323570029,-0.9993440217986351
432.5242493300025,-322.5598070769477,428.325180866048,-0.03295801917560502,-0.003062142883848066,-0.9994520459996964
432.3434659621633,-320.50816852435304,428.3245967202765,-0.02979288413614905,-0.0030363660807424695,-0.9995514816835969
432.16045246963694,-318.4567289461031,428.3235533744153,-0.02658816580045101,-0.003010238370962268,-0.9996419398486229
431.97521955786743,-316.4054876331448,428.3220298353821,-0.023344306787211576,-0.0029837623129021925,-0.9997230318958771
431.7877790431144,-314.35445012306053,428.3200050173518,-0.020061777837368143,-0.0029569406976167347,-0.9997943696439359
431.5981425521246,-312.3036136787829,428.31745774443255,-0.01674105505122855,-0.0029297763641898044,-0.9998555663125688
431.4063226185183,-310.2529792391261,428.3143667748435,-0.013382639081205941,-0.0029022723576529364,-0.9999062364973947
431.212332665951,-308.20255085639315,428.3107108204577,-0.009987054806979008,-0.002874431927876785,-0.9999459967305107
431.0161865996394,-306.1523311017157,428.3064685576064,-0.006554844133779557,-0.002846258471989473,-0.999974466089556
430.81789800186283,-304.10231269764745,428.3016186211664,-0.0030865518586331467,-0.0028177554194003408,-0.9999912666878749
430.61748292867753,-302.0525073179227,428.2961396885327,0.000417225494688507,-0.0027889266344180486,-0.9999960238976526
430.4149565519989,-300.0029106104625,428.29001041737996,0.003955898524509253,-0.0027597759341536914,-0.9999883671841675
430.2103354993281,-297.9535261639279,428.28320952256854,0.007528844164045755,-0.0027303074252281166,-0.9999679304492305
430.00363651677935,-295.90435174006086,428.275715756087,0.011135429200585188,-0.0027005253115757384,-0.9999343525349853
429.79487704801244,-293.85538504215947,428.26750794136433,0.014775000326303455,-0.002670433977730539,-0.999887277720708
429.5840762533528,-291.8066333966991,428.2585650377295,0.018446866592970197,-0.0026400381356467095,-0.9998263565797529
429.37125311018065,-289.7580949198111,428.2488660869049,0.02215033276303746,-0.002609342550514561,-0.9997512461057204
429.1564275794672,-287.7097698494452,428.2383902782448,0.02588467921784795,-0.002578352208313391,-0.9996616104871083
428.93961986484265,-285.6616533045397,428.22711693415897,0.029649175114835804,-0.002547072208178288,-0.999557121348338
428.7208523025691,-283.61375295383596,428.215025631053,0.033443045880607605,-0.002515508034106216,-0.999437459224717
428.50014697673186,-281.56606625679535,428.2020961004541,0.03726551496906089,-0.00248366520969247,-0.9993023130170454
428.2775269771922,-279.5185922582476,428.18830831469876,0.04111578236147756,-0.0024515494781953457,-0.9991513810959576
428.05301618593296,-277.4713294069017,428.17364249934093,0.044993028662338265,-0.0024191667700762436,-0.9989843717515947
427.82663934865064,-275.42427605248486,428.1580791615884,0.04889641427468366,-0.0023865232114617814,-0.9988010037930677
427.5984232083743,-273.3774404039914,428.14159919897475,0.052825060345664,-0.002353625285423623,-0.9986010081346266
427.3683935229772,-271.33081353776504,428.12418371329335,0.05677810061636579,-0.0023204793996160914,-0.998384125808175
427.13657795553854,-269.28439531705567,428.10581423759845,0.060754632104025263,-0.0022870923004420333,-0.9981501108985129
426.90300515607095,-267.23818586874904,428.08647270236037,0.06475373149083236,-0.002253470937734683,-0.9978987303963994
426.66770427271854,-265.1921811725831,428.0661414202644,0.06877446403705796,-0.0022196223913286215,-0.9976297641775004
426.4307063046908,-263.14638468195096,428.0448032296832,0.07281586104194183,-0.002185554062344512,-0.9973430070613425
426.1920424877929,-261.1007931043046,428.02244138443837,0.07687694805931085,-0.002151273437293125,-0.9970382675101715
425.9517451315083,-259.0554035739229,427.9990396514855,0.08095673120631709,-0.0021167882047173204,-0.9967153690397698
425.70984748525007,-257.0102123452843,427.9745823271653,0.08505420010581916,-0.0020821062318854924,-0.9963741505468707
425.4663850898101,-254.96522597311863,427.94905440908383,0.08916830575295434,-0.002047235753965202,-0.9960144688080166
425.221392309659,-252.92043197476664,427.92244126612763,0.09329801987741655,-0.0020121848725758937,-0.9956361938976463
424.97490622437624,-250.8758314424577,427.8947290710868,0.09744226986998192,-0.0019769621085107864,-0.9952392152962056
424.726964866534,-248.83142398448175,427.86590465397643,0.10159996941385814,-0.001941576143922883,-0.9948234398611547
424.47760723274985,-246.7872077066475,427.83595553153435,0.10577001906445883,-0.0019060358186524671,-0.994388792220911
424.2268728168829,-244.7431753071101,427.8048698767336,0.10995131480454094,-0.0018703500583904277,-0.9939352142687228
423.9748029740995,-242.69932509884882,427.7726367149577,0.11414272607721698,-0.0018345280632593853,-0.9934626679399919
423.72144021388965,-240.65565501976593,427.73924587504183,0.1183431085149213,-0.0017985792008041366,-0.9929711344142306
423.46682725913,-238.61215496112226,427.7046878914853,0.12255132033828715,-0.0017625128665865193,-0.9924606125341889
423.21100972529047,-236.5688281608961,427.6689543970027,0.12676617892031847,-0.0017263388574736815,-0.9919311244416575
422.9540335492403,-234.52567034902467,427.63203781397584,0.1309865042919175,-0.0016900670003049056,-0.9913827108472882
422.6959449747336,-232.48266966248107,427.5939313670658,0.1352111200612967,-0.0016537071441768791,-0.9908154309781668
422.4367931717482,-230.43982726375836,427.5546294997633,0.13943881142634817,-0.0016172695227055383,-0.9902293685340272
422.17662830836593,-228.3971418250933,427.51412763671743,0.1436683578708972,-0.0015807644742823,-0.9896246278919884
421.9155005391181,-226.3546015486425,427.47242204759914,0.14789855040069702,-0.0015442022936478445,-0.9890013317628287
421.6534614957743,-224.3121958180435,427.42951010085125,0.15212816809947127,-0.001507593434526921,-0.9883596246471904
421.3905666075352,-222.26993302820608,427.385390694106,0.1563559418884079,-0.0014709488249495355,-0.98769967892358
421.1268698334805,-220.2277994262206,427.3400634212586,0.16058064046753776,-0.0014342791239467024,-0.9870216820062414
420.8624279138147,-218.18579210318177,427.2935293048518,0.16480100270886483,-0.0013975953075016962,-0.9863258468850492
420.59729730696864,-216.14389515512593,427.2457903000571,0.16901578765054062,-0.0013609082350810491,-0.9856124042713966
420.3315387600371,-214.1021147920176,427.1968501443418,0.17322370270943985,-0.0013242292747322958,-0.9848816148332039
420.0652111908436,-212.06043211535038,427.14671328491346,0.17742350183751154,-0.0012875694489690342,-0.9841337526782771
419.79837802277206,-210.01885168686346,427.09538607597386,0.18161388614406587,-0.0012509403012948815,-0.9833691227143615
419.5311007274053,-207.97735191768862,427.0428755918493,0.18579360660654778,-0.0012143529997934092,-0.9825880424119373
419.2634452242355,-205.93593394091943,426.9891908855012,0.18996136442854214,-0.0011778192081425038,-0.9817908599932877
418.99547736053273,-203.89458693243256,426.9343421465281,0.19411588287474046,-0.0011413504576443417,-0.9809779413090248
418.72726546278057,-201.85330749067185,426.87834123795886,0.19825586834540296,-0.001104958488231968,-0.9801496772092255
418.4588780117923,-199.8120818332486,426.8212012469194,0.20238004723412084,-0.0010686549247480304,-0.9793064762668358
418.1903858065779,-197.77090217888508,426.76293696042416,0.20648713328652324,-0.0010324515635263482,-0.978448771183695
417.9218611391859,-195.72976037077024,426.7035647264995,0.210575841241127,-0.0009963602525126993,-0.9775770160717971
417.653377924683,-193.68864878164777,426.6431025110457,0.21464488565299858,-0.0009603929014076973,-0.9766916866178835
417.38501054797905,-191.64755146375114,426.58156966000473,0.21869299904965622,-0.0009245613206188138,-0.9757932759314504
417.116835596825,-189.60645723784063,426.5189873116244,0.22271890632954788,-0.000888877446961243,-0.9748822999009954
416.8489321899311,-187.56536213243658,426.45537851355044,0.22672132080953739,-0.0008533533788999195,-0.9739592981631159
416.58138004850014,-185.52425464379672,426.390767797064,0.23069897384835997,-0.0008180011134119211,-0.973024827195839
416.31425990354603,-183.48311874257342,426.3251812813559,0.23465060911618274,-0.0007828325955149811,-0.9720794611627857
416.0476551219203,-181.44194623067403,426.25864709307007,0.2385749591027476,-0.0007478599265615027,-0.9711237972548364
415.7816498268351,-179.40072233060977,426.1911949277344,0.24247077351340207,-0.0007130951108323631,-0.9701584486501036
415.5163304524948,-177.35943753831327,426.12285645586303,0.24633679687302895,-0.0006785502542076957,-0.9691840496396382
415.25178463388767,-175.31807907731513,426.0536650624981,0.2501717853084045,-0.0006442374136109916,-0.9682012511837406
414.9881019585227,-173.2766366496121,425.98365605667726,0.25397449600262717,-0.0006101686902081104,-0.9672107232006794
414.72537404451566,-171.23510306602367,425.91286671423205,0.2577436865768519,-0.0005763562341867781,-0.9662131544557157
414.46369218200783,-169.19345586272664,425.8413356497404,0.2614781491388264,-0.0005428119379334587,-0.9652092430546516
414.2031520450833,-167.1516939721534,425.7691041055897,0.2651766431084626,-0.0005095480377748818,-0.9641997139133179
413.9438484904358,-165.10979716392433,425.69621454303496,0.26883796972437424,-0.0004765764436066318,-0.9631852983249743
413.6858787702222,-163.06775108072867,425.62271152452826,0.27246092628457,-0.0004439091484417507,-0.9621667457321639
413.429342611373,-161.0255480359544,425.5486417574186,0.27604430544209785,-0.0004115582340288948,-0.9611448236622875
413.1743407777514,-158.98317569672582,425.47405369039546,0.2795869155007574,-0.000379535686508446,-0.9601203115409208
412.9209743298013,-156.94061100095462,425.3989972831756,0.28308759038914055,-0.00034785330412295557,-0.9590939970439545
412.6693483728928,-154.8978503660519,425.3235251124841,0.2865451377321276,-0.0003165231654910681,-0.9580666907137318
412.41956753895045,-152.85487336457686,425.2476910336102,0.28995840122057753,-0.0002855570636714885,-0.9570392071481554
412.1717387910515,-150.81166536797048,425.17155100344996,0.29332622163166305,-0.000254966857206026,-0.9560123758065029
411.9259722201945,-148.76822451352194,425.0951633346966,0.2966474261219056,-0.00022476456638516825,-0.9549870439205645
411.6823766568727,-146.72452540674846,425.01858732477496,0.29992088730424127,-0.0001949618344102232,-0.9539640576816926
411.4410649231402,-144.68056284021452,424.94188487065,0.30314545181924407,-0.00016557057499021723,-0.9529442835904369
411.202150291989,-142.63632247266855,424.8651193507501,0.3063199877236308,-0.00013660253951819197,-0.9519285931522075
410.96574712578246,-140.5917860672065,424.7883557946732,0.3094433751615185,-0.00010806939966311232,-0.9509178649545147
410.73197240615673,-138.546944888513,424.7116613575894,0.3125144855878685,-7.998293524265165e-05,-0.9499129906999272
410.5009439614964,-136.50178466440326,424.6351047224641,0.31553220463369064,-5.23548235074966e-05,-0.9489148671498276
410.2727816792933,-134.45629639567414,424.55875646779964,0.31849541546129784,-2.519678930510844e-05,-0.9479244008333455
410.0476062698757,-132.41046563241053,424.4826886248621,0.321403014131657,1.479537700478272e-06,-0.9469425022169491
409.8255401660309,-130.36428070087925,424.4069749398295,0.3242538970188402,2.7662509900669146e-05,-0.9459700891163952
409.6067073488961,-128.31773154200954,424.3316907787621,0.3270469622341761,5.334047682522234e-05,-0.9450080854935533
409.3912338111078,-126.27081458431786,424.2569132480777,0.32978110285295276,7.850172490288014e-05,-0.9440574230620558
409.1792445784368,-124.22350462937379,424.18272011021367,0.33245524357639816,0.00010313481723433098,-0.9431190276851417
408.9708694090084,-122.17580982876581,424.1091917187856,0.33506826751434626,0.00012722792176297107,-0.9421938441308085
408.7662357895861,-120.12770438708708,424.0364085119223,0.3376191033349997,0.0001507696164046131,-0.9412828046510748
408.5654747443939,-118.07918558331579,423.9644529944079,0.3401066509491487,0.00017374820652800153,-0.9403868543273638
408.3687179270224,-116.03024596226874,423.8934086528537,0.342529816775396,0.00019615205234879915,-0.9395069377839559
408.1760988516,-113.98088660539537,423.8233603308014,0.34488749713845485,0.00021796941799673563,-0.9386440042992367
407.9877501937941,-111.93108897345365,423.75439317514275,0.3471786098354357,0.0002391887661677704,-0.9377989953404027
407.80380707850463,-109.88085023567243,423.6865937531812,0.3494020522840929,0.000259798373506409,-0.9369728589262707
407.6244060271716,-107.83017370224792,423.6200495987881,0.35155671309809094,0.000279786439977288,-0.9361665445823274
407.44968348563594,-105.77905288470765,423.5548485821011,0.3536414881289846,0.0002991412403556051,-0.935380996379783
407.27977571594226,-103.727469564003,423.49107876963063,0.3556552796586667,0.0003178511198798497,-0.9346171521118051
407.1148230417091,-101.67544641379362,423.4288299279967,0.35759694441588785,0.00033590401393687855,-0.9338759620596913
406.95496308279206,-99.62296622612541,423.36819088684547,0.35946537189629324,0.0003532881785805123,-0.9331583582623704
406.8003363155296,-97.57004123438384,423.30925152919644,0.3612594167805214,0.00036999156532111513,-0.9324652791893322
406.65108155471233,-95.51665620359171,423.25210097213017,0.36297794977573683,0.00038600229710887725,-0.9317976491593167
406.5073404664972,-93.46283000616563,423.19682917721303,0.36461980328503263,0.0004013081655016603,-0.9311563982511963
406.36925364033607,-91.40856428638017,423.1435253355809,0.36618381477750034,0.0004158970376771876,-0.9305424443971653
406.2369622887324,-89.35386808765873,423.09227839779174,0.36766880500892507,0.0004297566567861883,-0.9299567006761792
406.11060738279025,-87.29874673420358,423.04317661664794,0.36907358562602116,0.00044287471617327753,-0.9294000711508138
405.99033027322787,-85.24321343503544,422.9963076598951,0.3703969499610199,0.0004552387768500411,-0.9288734532848001
405.87627125328993,-83.18726667392599,422.9517579185411,0.37163768654573326,0.0004668363972450652,-0.9283777313156071
405.7685714603421,-81.1309251530796,422.9096131125907,0.37279455588966903,0.00047765491980640107,-0.9279137842196342
405.66737159495244,-79.07420972950842,422.8699576532458,0.3738663023769232,0.00048768158577700146,-0.9274824796801705
405.5728108656996,-77.01712296377718,422.8328740851538,0.3748516628206125,0.0004969036191065044,-0.9270846692548719
405.485028981015,-74.95969312901087,422.79844372059773,0.3757493430065301,0.0005053080109031826,-0.9267211964199238
405.4041641368659,-72.90193517832319,422.76674570108037,0.37655803638944085,0.0005128816984036156,-0.9263928875929974
405.3303538524687,-70.84387219261458,422.7378571723954,0.3772764128819131,0.0005196114642048482,-0.9261005551703781
405.26373424036734,-68.78552015685273,422.7118528437678,0.37790312362427264,0.0005254839852168846,-0.9258449940576441
405.2044407865408,-66.72691687550474,422.68880513467883,0.37843679122924356,0.0005304857456711942,-0.9256269840648487
405.1526067810841,-64.6680772260919,422.66878340330624,0.37887602198060194,0.0005346031559839092,-0.9254472833001456
405.10836440632374,-62.60903409016646,422.65185420928833,0.379219393383428,0.0005378224407762192,-0.9253066315708145
405.07184387191404,-60.54981339081513,422.63808081567544,0.37946545947681815,0.0005401296934998594,-0.9252057464823495
405.0431736546663,-58.49045476977773,422.6275231157163,0.37961274694639036,0.0005415108449770162,-0.9251453232448515
405.0224799195083,-56.43099032551106,422.6202372484217,0.37965975718743294,0.0005419516878828419,-0.9251260319873976
405.00988654190445,-54.371449888898496,422.61627544569683,0.37960496355284695,0.0005414378562325215,-0.9251485169912393
405.00551500831125,-52.311864468118756,422.6156858315154,0.37944680995485336,0.0005399548177196004,-0.925213395311525
405.00948417256507,-50.25228497045845,422.6185121545039,0.37918371287555114,0.000537487898183706,-0.9253212539419329
405.02191000032997,-48.19274486392402,422.6247935504765,0.3788140577558499,0.000534022253526997,-0.9254726492267508
405.0429054696766,-46.13328508219422,422.6345643352399,0.3783361998999048,0.0005295428841422775,-0.9256681043601065
405.07258031158614,-44.07395111632462,422.6478537514088,0.3777484645669442,0.0005240346418840382,-0.9259081071602139
405.1110408745088,-42.014787453694794,422.6646857713875,0.3770491452882119,0.0005174822205711288,-0.9261931085090087
405.15838993433084,-39.955839810405166,422.6850788779734,0.376236503751833,0.0005098701613602148,-0.9265235200884084
405.214726273663,-37.89716321561502,422.70904575367274,0.3753087733106497,0.000501182892205312,-0.9268997105899667
405.2801451015904,-35.83879904061365,422.7365933338934,0.37426414872135444,0.0004914046385448041,-0.9273220074512203
405.3547373964653,-33.78079592694627,422.76772240455597,0.3731007941810964,0.0004805195055425741,-0.9277906910949473
405.4385898307595,-31.72320420730665,422.802427458558,0.37181684138786036,0.00046851146703081963,-0.928305993171088
405.53178449330227,-29.66607772898834,422.8406964744335,0.3704103910957064,0.00045536438731495006,-0.9288680933327403
405.634398961861,-27.609468013946014,422.8825108475636,0.3688795095590304,0.0004410619953462614,-0.9294771180033458
405.7465059667148,-25.553428479652666,422.9278451611493,0.36722223142231597,0.00042558791932145577,-0.9301331365047361
405.86817332992126,-23.49801231242185,422.97666708035143,0.365436558622489,0.0004089256841413012,-0.9308361587314584
405.99946362982945,-21.443275421771602,423.02893714591886,0.3635204635801021,0.0003910587490302176,-0.9315861310858823
406.14043461903924,-19.38926764216353,423.0846088785488,0.36147188163231553,0.00037197044496007855,-0.9323829365808779
406.29113853637125,-17.336041884429676,423.14362845225963,0.3592887198954598,0.00035164406544263284,-0.9332263884515553
406.4516214406231,-15.283659817505225,423.20593439885005,0.3569688659261509,0.0003300629551956632,-0.9341162239346043
406.62192501870277,-13.232166688147629,423.2714582839765,0.354510160971209,0.0003072102694975872,-0.9350521115905883
406.80208397477634,-11.18162322081082,423.3401236786059,0.35191043744145195,0.0002830693311106523,-0.9360336339531394
406.9921284930387,-9.13207449898897,423.41184710351615,0.3491674834037351,0.00025762330863769565,-0.9370602980404907
407.1920816396295,-7.083578558346744,423.48653704874675,0.3462790805153709,0.00023085557719335374,-0.9381315180203317
407.40196121281616,-5.036184663211088,423.5640947001996,0.3432429781442417,0.00020274948654307835,-0.9392466219515072
407.6217791128841,-2.9899400119827533,423.6444137328965,0.3400569036636706,0.00017328846517357925,-0.9404048448629904
407.8515415433016,-0.9448875351812944,423.72738042991574,0.3367185611346624,0.00014245601662800204,-0.9416053261816681
408.09124700250254,1.098917265299292,423.8128730252245,0.3332256626028306,0.0001102360166704933,-0.9428470955732562
408.34088855369305,3.1414277419590917,423.90076261101757,0.32957589778369323,7.661244103627157e-05,-0.9441290810745142
408.60045378746156,5.182604788251808,423.99091320049143,0.32576693751582586,4.156940580511885e-05,-0.9454501048143917
408.8699226171504,7.222399663815224,424.08318106689006,0.321796469670585,5.0915055759753736e-06,-0.9468088677666812
409.14926976354576,9.260774037189776,424.17741573250095,0.3176621668745417,-3.2836476287712377e-05,-0.9482039583646213
409.4384655370961,11.29770409012366,424.2734603350994,0.31336167919263697,-7.222962638958232e-05,-0.9496338519642462
409.737468251182,13.333127744217222,424.3711492689444,0.30889275236097624,-0.00011310181196856336,-0.951096869276122
410.0462347296309,15.367019228123524,424.4703118524145,0.30425307762228704,-0.00015546705082267184,-0.9525912242863477
410.36471535559093,17.399352677151285,424.57077082697555,0.29944037137413837,-0.00019933877480933423,-0.9541149952995032
410.69285348105734,19.430098817618727,424.6723423731277,0.29445239138945933,-0.0002447296772678107,-0.9556661181146967
411.03058388778476,21.459216568859517,424.77483587831483,0.2892869686312496,-0.00029165142066898286,-0.957242375116977
411.377838493126,23.486687714293907,424.87805591057884,0.2839419288689414,-0.0003401153459948317,-0.9588414182500339
411.73454347903385,25.512497867037496,424.98180152424834,0.27841514494622094,-0.0003901319931221621,-0.960460751338441
412.100616035242,27.536618316021418,425.08586557823236,0.27270459749053255,-0.00044171055051957643,-0.9620977119811251
412.4759699647705,29.55903773963047,425.19003663075654,0.2668082988236913,-0.00049485954370947,-0.9637494937964117
412.8605103876659,31.579732627386022,425.2940977087978,0.2607243870535517,-0.0005495859864939054,-0.9654131198356449
413.25413823690843,33.59869153407317,425.3978278586051,0.25445106790816685,-0.0006058959083744209,-0.967085459993346
413.6567491052454,35.615907967791486,425.5010020926335,0.24798664526659403,-0.00066379408218302,-0.9687632234694072
414.0682316785176,37.63137222558902,425.6033912970624,0.24132955995320002,-0.0007232836819050466,-0.9704429505918984
414.48847066380284,39.645085573221934,425.7047632914846,0.2344783568987131,-0.0007843665836699189,-0.9721210238006079
414.91734200783134,41.65703683459395,425.8048819979015,0.2274317780033709,-0.0008470425464498425,-0.9737936479938396
415.3547175053033,43.66722452856061,425.9035089293126,0.22018870330302542,-0.0009113097496216589,-0.9754568696012511
415.8004650266083,45.6756568191318,426.00040353882184,0.21274816266260416,-0.000977164700181093,-0.9771065778270221
416.2544467465947,47.68234273203956,426.0953231575274,0.20510938165395484,-0.0010446018406538467,-0.9787384994800841
416.7165166589075,49.687281268790684,426.18802289219536,0.1972718416041821,-0.0011136130393348668,-0.9803481934374608
417.1865267601796,51.690488273320625,426.2782572933281,0.18923519339851314,-0.0011841883724361074,-0.9819310766430229
417.6643221617603,53.6919745251347,426.36577973432696,0.18099935826358954,-0.0012563152596185023,-0.9834824116272428
418.14974491966706,55.691761651248385,426.45034353972153,0.17256448086517712,-0.0013299789029111535,-0.9849973254277646
418.64262467767355,57.689843458852806,426.53170080200755,0.16393111138095856,-0.0014051607286003577,-0.9864707883382715
419.14279493133586,59.686252305316714,426.60960560270894,0.15509994143002342,-0.0014818407259828852,-0.9878976729988114
419.6500814129336,61.68101068167982,426.68381238575023,0.1460720244555426,-0.0015599955591393527,-0.9892727278588623
420.1643041385443,63.674139629664694,426.7540767980642,0.13684875975327251,-0.0016395987506655828,-0.9905905958921314
420.68527706352023,65.66565733296278,426.8201561352324,0.12743191791493352,-0.0017206205085885699,-0.9918458276171692
421.21281097728513,67.6555899364622,426.8818101828874,0.1178236068944699,-0.001803028067291806,-0.993032903154858
421.7467099468895,69.64395765101091,426.9388012384054,0.10802635389531412,-0.001886785035706479,-0.9941462402012661
422.28677707917495,71.63079596012795,426.99089521041174,0.09804301647819455,-0.0019718522134105627,-0.995180224240165
422.83280798397436,73.6161308638936,427.0378613756468,0.08787691784514695,-0.00205818649252046,-0.9961292140974478
423.3845933274985,75.5999883221682,427.0794731920903,0.07753181510686842,-0.0021457411954441665,-0.9969875693512715
423.94192157411317,77.58240370944486,427.11550897276453,0.06701186052339242,-0.002234466468060945,-0.99774967687732
424.50457732417993,79.56341526568883,427.1457521754984,0.056321643021076125,-0.0023243089941274385,-0.9984099709613812
425.0723378448468,81.54305169109409,427.1699917392638,0.0454662638281971,-0.002415211433466422,-0.9989629550725272
425.6449782725862,83.52135023997226,427.1880228854966,0.034451245174141325,-0.0025071132660037577,-0.9994032349802671
426.22226599398385,85.49833692389251,427.1996474200333,0.023282643081254398,-0.0025999499274607756,-0.9997255417320925
426.80397148240087,87.47406337640166,427.20467447344987,0.011966840397338417,-0.002693654610767429,-0.9999247666478426
427.3898561253556,89.44856472223239,427.2029206969447,0.0005107815691411723,-0.0027881563929959066,-0.9999959826349889
427.9796745117702,91.42186758590594,427.1942110138014,-0.011078072804688227,-0.0028833807068490936,-0.9999344790628202
428.57318700024433,93.39403172518848,427.1783788851739,-0.022791999313366125,-0.002979251503561671,-0.9997357895102976
429.17013953398776,95.36508225907352,427.1552671384235,-0.03462262392844791,-0.0030756881518723975,-0.9993957244528824
429.7702781545533,97.33505797229668,427.1247282830006,-0.04656121915685931,-0.003172607964627702,-0.9989104001006947
430.3733460898228,99.30400114627855,427.08662498102444,-0.058598662674078296,-0.0032699259368158744,-0.998276266530051
430.9790878922713,101.27197061096655,427.0408301527587,-0.07072553906052012,-0.0033675556428924367,-0.9974901291208804
431.5872348326564,103.23899398174302,426.9872285383969,-0.08293186908246594,-0.003465407135169116,-0.9965491939908819
432.19752099406037,105.20511979662047,426.9257160752091,-0.09520745609028239,-0.00356338981459609,-0.9954510749192278
432.80968020574056,107.17040700237578,426.8562003504888,-0.10754185318398725,-0.0036614122238780938,-0.994193816051116
433.4234357397676,109.13489162177706,426.778602241491,-0.11992418586836504,-0.0037593807073976575,-0.9927759347911828
434.0385108634966,111.09862046028479,426.69285530937475,-0.13234339731901046,-0.0038572014310003368,-0.9911964220996681
434.65462586295587,113.06164121161311,426.59890652068873,-0.14478822387168191,-0.003954780240201411,-0.989454763969195
435.27150321737327,115.024018628242,426.4967157906843,-0.1572473368263344,-0.004052023819353007,-0.9875509385160812
435.88885578578027,116.98579665102415,426.38625825957445,-0.16970914269450157,-0.004148838173313272,-0.985485461094028
436.5063988072271,118.9470363570374,426.26752276569647,-0.18216206576418315,-0.004245130873718436,-0.9832593557451618
437.1238408823873,120.90778703193081,426.14051381389385,-0.194594407273387,-0.004340809993240397,-0.9808741886840134
437.74088980176526,122.86810443619862,426.0052509059488,-0.20699450485530474,-0.004435785365159252,-0.978332049341072
438.35725270568884,124.82805107284457,425.8617687465369,-0.21935077738395023,-0.004529968936364008,-0.9756355445772219
438.97263397859336,126.78768928320534,425.7101179959763,-0.2316517240707661,-0.004623274763931254,-0.9727878001216393
439.58673897808313,128.7470929392333,425.5503646236536,-0.24388603960746258,-0.004715619885250602,-0.9697924327471755
440.19926510032496,130.70631876227054,425.3825924949071,-0.25604247571641964,-0.0048069232619290326,-0.9666535802022151
440.8099114201413,132.66543685848063,425.2069012088276,-0.2681100718472742,-0.0048971075058894704,-0.9633758392819103
441.41837500009933,134.62451881290974,425.02340723328325,-0.2800781176509244,-0.004986098563438867,-0.9599642633109998
442.02435119041394,136.58363850704177,424.83224404078396,-0.29193619305970786,-0.005073825979461132,-0.9564243386027643
442.62753357247215,138.5428718111561,424.63356231977554,-0.3036741988184835,-0.005160223081388973,-0.9527619603393612
443.2276123561895,140.50229122138376,424.42753071158506,-0.31528235451524717,-0.0052452269177224705,-0.9489834163597926
443.82428580990694,142.4620032520188,424.2143319119084,-0.32675144456612437,-0.005328779997413137,-0.9450952849198275
444.41723440508923,144.42206364271766,423.9941718948137,-0.3380723427843965,-0.005410826757532277,-0.9411045712342863
445.0061522173277,146.38258041741835,423.76726882089883,-0.3492366356945769,-0.005491318037930501,-0.937018472451285
445.59072234744815,148.3436329093052,423.5338620276256,-0.3602361675409935,-0.0055702077002738985,-0.9328445081478227
446.1706285961453,150.30531019693052,423.29420781910557,-0.3710632767544303,-0.005647454268532057,-0.928590410732606
446.74555677724373,152.26771591042086,423.04857874679345,-0.38171082790733857,-0.005723021067100469,-0.9242640807086252
447.315187578729,154.23094413586892,422.79726653861377,-0.3921720843514972,-0.005796875228601415,-0.9198736068031228
447.87920082159394,156.19509379921277,422.5405803271978,-0.4024407908333947,-0.005868988199430001,-0.9154272034689086
448.4372789500709,158.1602812329985,422.27884485486334,-0.41251123513705273,-0.005939336079319508,-0.9109331507704834
448.9890969037242,160.12660488733115,422.0124050245859,-0.42237806081249546,-0.006007898220941886,-0.9063998449377862
449.5343281292738,162.09416605478452,421.74162312815514,-0.43203637161282904,-0.0060746578804784564,-0.9018357234747671
450.072645876923,164.06307378432234,421.4668779765053,-0.44148174496525544,-0.006139602220078946,-0.8972492263284557
450.60372475623046,166.03345122607385,421.1885637468155,-0.4507102460844816,-0.006202722310655274,-0.8926487552841837
451.12723391737967,168.00541085256788,420.9070932231124,-0.4597182947891137,-0.006264012131149964,-0.8880427082005744
451.64283707200167,169.97905373952852,420.6228977338821,-0.4685026531370898,-0.006323468410931996,-0.8834394590184228
452.15020314941506,171.9545104296023,420.3364209628795,-0.4770605896678771,-0.006381091659630095,-0.8788472423891247
452.6489917897082,173.9318855593508,420.0481265697706,-0.48538961311521955,-0.006436884285291966,-0.8742742647479422
453.1388605799915,175.9112849491346,419.75849392346834,-0.4934875769570889,-0.006490851232081709,-0.8697286244796734
453.6194681181658,177.89282841726305,419.46801575517935,-0.5013527074675078,-0.0065430000894992225,-0.8652182683374342
454.090469201509,179.87663076125972,419.1772004347135,-0.508983500780034,-0.006593340333483484,-0.8607510231169918
454.55151345649534,181.86279520887564,418.88657237901657,-0.5163786787526682,-0.006641882972564446,-0.8563345990442215
455.00225200011056,183.85144169492776,418.59666729079305,-0.5235372723059787,-0.0066886410324132365,-0.8519765176268387
455.44232694020315,185.84266076719774,418.30803819433214,-0.5304584293935719,-0.006733628238286292,-0.8476842059022061
455.8713793245165,187.83654690998378,418.0212497604154,-0.5371415181734996,-0.006776859638209394,-0.8434649154693467
456.2890474299551,189.83319051131798,417.736878605668,-0.5435860742623544,-0.006818351204592029,-0.8393257353107274
456.6949670583863,191.83267838708895,417.4555122559349,-0.5497917798747303,-0.006858119648855664,-0.8352735869025538
457.0887709901443,193.8350899727971,417.17774862478564,-0.5557584299166819,-0.006896182156158926,-0.8313152291689437
457.47009059753333,195.84050418883368,416.90419390617706,-0.5614859308002221,-0.006932556332716271,-0.8274572431105438
457.83855079119013,197.8489706878351,416.6354651906456,-0.5669741991761954,-0.006967259521242053,-0.8237060851804335
458.19377483616415,199.86053114951204,416.372186004579,-0.5722232096259433,-0.007000309067984203,-0.8200680423223043
458.5353889152131,201.8752440415222,416.11498163644364,-0.5772330352188996,-0.007031722536376816,-0.8165491889225952
458.86301136194777,203.89311943473803,415.864485897802,-0.5820036630263811,-0.007061516511387326,-0.8131555024768844
459.1762629348906,205.91417389503368,415.621332127673,-0.5865351196695692,-0.007089707355354247,-0.809892764163145
459.4747630394253,207.93840411937998,415.38615458165907,-0.5908273896065986,-0.00711631066228584,-0.8067666042996637
459.7581311385547,209.96578977606578,415.15958586339065,-0.5948804096539165,-0.007141341192577219,-0.8037824951166576
460.0259865255707,211.99628416691246,414.9422555614601,-0.5986940396547402,-0.007164812660649809,-0.8009457611732683
460.27795396051437,214.029849639698,414.73478401689954,-0.6022681162464637,-0.007186738033902415,-0.7982615279151114
460.51365670353186,216.06639516040917,414.5377862787827,-0.6056023271709334,-0.007207128728522291,-0.7957348042034106
460.7327260730468,218.10584367079338,414.35186245959466,-0.6086963202099374,-0.007225995246719734,-0.7933703893866824
460.9347963819151,220.14808013411914,414.1776000766977,-0.6115496045446184,-0.007243346540627379,-0.7911729362865069
461.1195078341084,222.19296098003656,414.0155698163211,-0.6141615648338565,-0.0072591900677806374,-0.7891469295640632
461.28650900272567,224.24032350484356,413.86632151627543,-0.6165314690594749,-0.007273531806128202,-0.7872966679685817
461.4354606655935,226.29002171116014,413.73037876887076,-0.6186584961767535,-0.00728637638676169,-0.7856262303586027
461.566029845145,228.34182881435686,413.60824244532876,-0.620541624383052,-0.007297726384712069,-0.7841395510989464
461.6778992135007,230.39554038455418,413.5003803354417,-0.6221797384628219,-0.007307582933270691,-0.7828403236152364
461.77076466166767,232.45092445025648,413.4072275008544,-0.6235715693185762,-0.007315945323459788,-0.7817320352151321
461.84433725999486,234.50772332702076,413.3291827734245,-0.6247156962600905,-0.007322810982747148,-0.7808179527172652
461.8983450103084,236.56564880434973,413.26660555002866,-0.6256105467297506,-0.007328175437734017,-0.7801011098987466
461.9325354254807,238.62442134831906,413.21981160712585,-0.6262544120319549,-0.007332032372389837,-0.7795842819809804
461.9466756739273,240.68372604063262,413.18907177651744,-0.6266454250216397,-0.007334373458297872,-0.7792699906100727
461.94055466877285,242.74324886857107,413.1746084655611,-0.6267815722254052,-0.007335188391643273,-0.779160481370756
461.9139837970307,244.80266915531962,413.1765938582912,-0.626660686029296,-0.007334464811222089,-0.779257717453748
461.86679836610483,246.86164169042854,413.1951478375935,-0.626280446789584,-0.0073321882765650616,-0.7795633655990487
461.7988590852196,248.91980593139783,413.2303358447019,-0.6256383903528271,-0.0073283422793639745,-0.7800787780193486
461.71005094316257,250.97683736017018,413.2821686696818,-0.6247318895281246,-0.007322908100016766,-0.7808049956446089
461.6002867667825,253.032364504023,413.3505999977569,-0.6235581831033159,-0.0073158649503288,-0.7817427136884105
461.46950505938673,255.08604260762763,413.435527330957,-0.6221143517233528,-0.007307189799370607,-0.7828922903931731
461.3176709354692,257.13753035528345,413.53679159489496,-0.6203973254483356,-0.007296857390684428,-0.7842537309116049
461.14477678498326,259.18648513358914,413.6541770582429,-0.6184038928136912,-0.007284840270620163,-0.7858266707455939
460.9508402502968,261.232587676523,413.7874133592919,-0.6161306816254377,-0.007271108648250521,-0.7876103821933779
460.73590546112337,263.27552282768863,413.93617560850225,-0.6135741796270455,-0.007255630497337163,-0.7896037499411235
460.50004263425797,265.3149833790925,414.10008582126227,-0.6107307399725452,-0.007238371569550216,-0.7918052596627588
460.2433452107787,267.3506904794572,414.27871631653403,-0.6075965594179518,-0.007219295244015518,-0.7942130084301359
459.9659314777454,269.38237306285725,414.4715902125528,-0.6041677132575424,-0.007198362723418539,-0.7968246719519005
459.66794162160267,271.4097854785471,414.6781852826055,-0.6004401379701075,-0.0071755329151111415,-0.7996375131531929
459.3495353072402,273.4327148612485,414.897937591806,-0.5964096217069694,-0.007150762360332911,-0.8026483848691254
459.01089384379213,275.45095914218456,415.13024208700546,-0.5920718555561094,-0.007124005539252661,-0.8058536879629095
458.6522224902055,277.464311613454,415.37445328792154,-0.5874224925239618,-0.007095215232624921,-0.8092493269677392
458.2737351478721,279.4726412338798,415.62989804903333,-0.5824569803347123,-0.007064341485335468,-0.8128308318086532
457.875666022896,281.47581623291325,415.8958699145009,-0.5771707440340741,-0.007031332734391256,-0.816593223454084
457.45826474256376,283.4737269675543,416.17163488233797,-0.5715591600354373,-0.0069961356563070605,-0.8205310357722394
457.02179446766786,285.46628910497515,416.4564350991614,-0.5656175706174421,-0.006958695267697725,-0.8246383088172622
456.56653281691496,287.45343396709313,416.7494907191781,-0.5593413396886721,-0.006918955291909182,-0.8289085557363671
456.09276639897433,289.43512745678026,417.050005883369,-0.5527258239338525,-0.006876857997801152,-0.8333347900938266
455.60078953030416,291.41136809875456,417.3571718168951,-0.5457664018708277,-0.006832344405799454,-0.8379095140042813
455.0909127369647,293.3821485195582,417.67016388719793,-0.5384586466645177,-0.006785355427402663,-0.8426246167683091
454.56345189628524,295.3474960671526,417.9881507831844,-0.5307982297621539,-0.0067358312970297,-0.84747145548278
454.01873368278643,297.30744749060267,418.31029342785075,-0.5227810577992411,-0.0066837125061316605,-0.8524407859748628
453.45709276587297,299.26205691600325,418.63574897810213,-0.5144032960000947,-0.006628940024302508,-0.8575227730027892
452.8788636167913,301.2114202892778,418.9636776309565,-0.5056613100903788,-0.006571454990112238,-0.8627070507750558
452.28439464824146,303.1556236558811,419.29323652922596,-0.4965519462089394,-0.0065112006318503975,-0.867982585644693
451.6740469910805,305.0947485180577,419.6235829324535,-0.48707259137931663,-0.006448122790772936,-0.8733376852280637
451.04817183947415,307.02894161089085,419.95388845096744,-0.47722089604168444,-0.006382168192378766,-0.8787601972724618
450.40714345983224,308.9583085576617,420.2833231456296,-0.4669953641963134,-0.006313288512797816,-0.8842372262053361
449.7513378246782,310.8829812022729,420.6110691200696,-0.45639510259020055,-0.006241438875674192,-0.8897553342197178
449.0811301393846,312.803121737832,420.9363232362403,-0.44541985538777606,-0.006166578241321225,-0.8953005784311358
448.39691432356875,314.71886570355963,421.2582893665133,-0.43407040252491547,-0.0060886723094000965,-0.9008583760621681
447.69908678585955,316.63036925744274,421.57618832757186,-0.42234837860274294,-0.006007692511291189,-0.9064136774797278
446.98804885081,318.53780098458367,421.8892582372124,-0.4102563887338686,-0.0059236170272733875,-0.9119509889595816
446.2642134405964,320.44132375010724,422.19675324940664,-0.39779819827046126,-0.005836432353710658,-0.9174543746204252
445.5280026577762,322.34110192912385,422.49794650726506,-0.3849787671155386,-0.005746133824053216,-0.9229075418568623
444.7798458656727,324.2373065967564,422.7921326244916,-0.3718042841234245,-0.005652726140367204,-0.9282939302799785
444.0201822499067,326.13010915563325,423.07862826851124,-0.3582822722374598,-0.0055562244207108,-0.9335967768638392
443.2494555053105,328.01969478769075,423.3567757067048,-0.3444215454506643,-0.00545665420750799,-0.9387992458210836
442.4681308960362,329.90622110459293,423.62593824307834,-0.3302325580606065,-0.005354054308698242,-0.9438844164934646
441.6766757071565,331.7898669112647,423.8855089823898,-0.3157270854803484,-0.0052484748560788375,-0.948835528954186
440.87556994967576,333.67080631917713,424.1349084243879,-0.3009184335982337,-0.005139979155979724,-0.9536360295915112
440.0653042873055,335.5492144125918,424.3735867126455,-0.2858214047536298,-0.005028643797346349,-0.9582697101162184
439.24638331113493,337.425260302005,424.60102416732553,-0.2704523465469533,-0.004914559364732308,-0.9627208190090714
438.41932141607606,339.29911730427676,424.81673394671907,-0.2548290459580441,-0.00479783000349729,-0.9669742179413939
437.5846422088618,341.17096457940124,425.0202633866012,-0.2389706701517347,-0.004678573303669984,-0.9710155146850502
436.7428899796015,343.04096203758087,425.21119256930325,-0.22289792035198946,-0.00455692178136943,-0.9748311400271519
435.8946097285972,344.9092955129642,425.38914031799175,-0.20663256948386485,-0.00443301969295172,-0.9784085698545868
435.0403672343265,346.77613252976363,425.5537606939659,-0.1901977451170445,-0.004307025442560825,-0.9817363532457322
434.18073874259653,348.6416458033089,425.7047465444547,-0.17361761706188417,-0.004179109461563049,-0.9848042740006062
433.3163104743527,350.50601459066115,425.8418304394137,-0.15691725607597912,-0.004049453326049042,-0.9876034511246636
432.44768013817657,352.36942175290125,425.9647852076098,-0.14012251833207467,-0.003918249031901933,-0.9901264197973921
431.57546178342534,354.2320438285469,426.07342415486147,-0.12325998359505844,-0.0037856986568322306,-0.9923671925904372
430.70028373562536,356.0940560208261,426.16760237503286,-0.10635675034207194,-0.0036520128668395316,-0.9943213285747695
429.8227768253785,357.9556575775658,426.2472185594546,-0.0894400371767315,-0.0035174078149107753,-0.995985997688767
428.9435955930838,359.8170271168818,426.31221336835426,-0.07253741747055083,-0.0033821070070623013,-0.9973599572967105
428.0633957308094,361.67837094600304,426.3625719846537,-0.05567620939914801,-0.0032463364128817638,-0.9984435993118673
427.18284908892275,363.53989169464126,426.3983231033292,-0.03888359273270141,-0.0031103253046576825,-0.9992389064146255
426.3026367985053,365.401803404437,426.4195396745256,-0.022186309696257237,-0.0029743037311275866,-0.9997494291968247
425.4234624462989,367.2643041840788,426.4263388818184,-0.005610754642433949,-0.0028385031015238523,-0.9999802309708353
424.5460315032089,369.1276202806451,426.4188827507154,0.010817565707175358,-0.0027031515942198964,-0.9999378346895519
423.67105782764474,370.991993094383,426.3973775450434,0.027074042095402907,-0.002568473819571975,-0.9996301311919598
422.7992815140271,372.8576418316499,426.3620742582433,0.04313475452113831,-0.0024346923034834723,-0.9990662967119793
421.93144075480495,374.7248242554332,426.3132677487677,0.058977101732157325,-0.002302021994603441,-0.9982566815033153
421.0682906157736,376.5937976282529,426.25129685820065,0.07457954150180904,-0.002170672111164124,-0.9972127055808937
420.21060253932916,378.46482052050845,426.17654436325085,0.0899216759431648,-0.002040845132743218,-0.9959467491521402
419.3591620649977,380.3381585856704,426.08943657261057,0.10498435054344094,-0.0019127356554686488,-0.9944720345908596
418.5147656385468,382.2140926759272,425.9904424915046,0.11974974902503929,-0.001786529260784082,-0.9928025009646382
417.67823097882234,384.09289692627567,425.88007448350936,0.13420123424881888,-0.001662403550789871,-0.9909527058041306
416.85037631105644,385.9748865537208,425.7588849418243,0.1483237137148116,-0.0015405246889201487,-0.9889376637248324
416.0320507195173,387.860350880012,425.62746963272144,0.16210310719339513,-0.001421051658874232,-0.9867728022449896
415.22411483365926,389.74959775824107,425.48646447766356,0.17552665983027482,-0.001304133275227275,-0.9844738142404944
414.4274457329995,391.6429439050296,425.3365452999287,0.18858282221211134,-0.0011899089202906938,-0.9820565682705231
413.64294661478664,393.5406927260243,425.17842883708516,0.2012610486621294,-0.0010785100334798827,-0.9795370473379388
412.87153082933065,395.4431733143768,425.01286869672657,0.21355200366309207,-0.0009700580409152583,-0.9769312159609171
412.1141462654625,397.35068142646094,424.8406593440877,0.2254471080658079,-0.0008646681044888677,-0.9742550250390464
411.3717457403851,399.2635530912104,424.66262848550423,0.23693894010346594,-0.0007624453530713101,-0.9715242443396508
410.6453192920615,401.1820831645756,424.4796430480416,0.2480206520748885,-0.0006634898388703409,-0.9687545178865392
409.93587787138017,403.1065644274576,424.2926042035747,0.2586861497524079,-0.0005678947668353039,-0.9659612587582426
409.2444544302677,405.0372833343525,424.1024458967057,0.26892998921853883,-0.0004757472350498419,-0.9631596101184293
408.57210521312544,406.97451396247993,423.9101332980376,0.27874726819668016,-0.0003871290463537634,-0.9603644155236017
407.9199130876816,408.91850397122766,423.71666173374587,0.28813348665714467,-0.00030211781965552175,-0.9575902059814627
407.2889821319117,410.869484157416,423.5230528500201,0.29708453203295176,-0.0002207869917778716,-0.954851157029129
406.6804391135302,412.82765668575826,423.3303524105419,0.3055965600112873,-0.00014320677397192854,-0.9521610798604865
406.09543547256203,414.793177427811,423.13962809138314,0.3136658687263034,-6.94451871695332e-05,-0.9495334211988219
405.53513491729575,416.76618362646263,422.9519622251814,0.32128896842728655,4.3267997699502215e-07,-0.9469812029637878
405.00072138634613,418.74675123845844,422.7684507088319,0.32846236527788103,6.636279555924859e-05,-0.9445170565913774
404.49339214995837,420.7348957600053,422.59019677247557,0.33518254944555886,0.00012828216577294744,-0.9421531945978114
404.01434353259054,422.7306026357199,422.41830147341466,0.3414460721680186,0.00018612964229169178,-0.9399013486301573
403.5647738714335,424.73378884881043,422.2538597116128,0.34724938884230305,0.0002398445751327612,-0.9377727893382419
403.14587759158337,426.74428855489634,422.09795285156486,0.35258882018883536,0.0002893665466348275,-0.9357783071565866
402.75883080774196,428.7618740760319,421.95163771248383,0.35746061713525734,0.00033463607078896077,-0.9339281531338377
402.40478017737684,430.78626682180624,421.81593620954453,0.3618609769434196,0.00037559484897886587,-0.9322319948886454
402.08484351511237,432.8170742555938,421.6918292302989,0.36578591241782465,0.0004121846588365996,-0.9306989289670784
401.80008958038405,434.8538322522878,421.58024235096826,0.36923138143212947,0.00044434866651936814,-0.9293373927266587
401.55152673960845,436.8960051846901,421.4820347131438,0.37219330338655415,0.0004720316930285597,-0.9281551174778304
401.3400921763633,438.9429782532422,421.39798815125,0.37466757242476284,0.0004951804503462851,-0.927159082881496
401.1666374770847,440.9940853582807,421.32879506151806,0.3766501181606551,0.00051374422101495,-0.9263554525971335
401.0319217976293,443.04855862467497,421.2750496350386,0.37813688600291784,0.0005276747825647764,-0.9257495433449265
400.9365956800603,445.1055791352195,421.2372358853922,0.37912393586621634,0.000536927435397446,-0.9253457477949731
400.88119127768664,447.16431088950037,421.2157189462265,0.3796074743700647,0.000541461401388456,-0.9251474867403205
400.8661167206906,449.22380636036826,421.2107388720426,0.379583864455893,0.0005412400006025617,-0.9251571741623107
400.8916463805701,451.28320293321343,421.22240394216357,0.37904967485556673,0.0005362311897193992,-0.9253761702399734
400.9579184154149,453.34152347739,421.2506878446341,0.378001699259775,0.0005264078026442338,-0.9258047516898733
401.06493184943105,455.39783925930493,421.2954280800963,0.3764369654831381,0.0005117476821974539,-0.9264420916237325
401.21254720368694,457.451229620416,421.3563269263143,0.3743527432403242,0.0004922337829910766,-0.9272862456298739
401.40048910515856,459.50080013253864,421.4329544483391,0.3717465431238459,0.0004678541758890971,-0.9283341471625077
401.62834987608375,461.54568440443273,421.52475305092986,0.36861612662565985,0.00043860213990489096,-0.9295816041745117
401.89560045223936,463.5850909846804,421.63104601816514,0.3649594379964377,0.0004044755090336746,-0.9310233321549395
402.20159656870027,465.61828222516846,421.75104499203127,0.36077462140612615,0.00036547680433599207,-0.9326529574155502
402.54559120476006,467.6445987511494,421.88386066779043,0.3560599687088917,0.0003216127069300843,-0.934463051836877
402.9267413324669,469.663438830044,422.02851180744676,0.3508139595521899,0.00027289438153913913,-0.9364451352385633
403.34412470601865,471.6742934261271,422.1839384965356,0.34503517530556516,0.00021933661778993717,-0.9385897291646154
403.7967503261664,473.6767369402843,422.3490130737612,0.3387223076632754,0.00016095784788179435,-0.9408863759157301
404.2835715540767,475.6704324863951,422.5225520499375,0.3318741362889614,9.777987219729139e-05,-0.9433236709112903
404.8034884654945,477.6550957697733,422.70332410231134,0.32448966249783684,2.982901763877799e-05,-0.94588924195292
405.3553728664441,479.63055148787623,422.89006584595495,0.3165679258172053,-4.2865633449050636e-05,-0.94856984271393
405.9380715879063,481.5967002433746,423.0814893777084,0.30810812486465,-0.0001202712079870253,-0.9513513383220868
406.5504052077569,483.5534831098705,423.27628828595,0.2991098108873449,-0.00020234936476410827,-0.9542186751922599
407.19118780979016,485.50091998612993,423.4731501661268,0.28957277644137813,-0.00028905741939741676,-0.9571559557302246
407.85923451016345,487.4391039270894,423.67076428534153,0.2794971148488045,-0.0003803479059158503,-0.960146456602671
408.55335483704454,489.36815994389246,423.867824695269,0.2688834939840517,-0.00047616621747308564,-0.9631725909351149
409.27236468039223,491.2882633673009,424.0630386461401,0.2577331537910339,-0.0005764507823644228,-0.9662159640274127
410.01509045107673,493.19963547165224,424.2551320225421,0.24604801613859822,-0.0006811322375323151,-0.9692574012165885
410.7803684077248,495.10252933941564,424.44285313239504,0.2338308695434303,-0.000790131960779305,-0.9722769667846954
411.56704718968314,496.997227039815,424.6249770938247,0.2210855040585624,-0.0009033610887015079,-0.9752540099040428
412.37398666049967,498.88402965221866,424.800309059707,0.2078169036919254,-0.0010207190622133478,-0.9781672109984555
413.2000560848935,500.7632481738122,424.9676872368662,0.19403144984533932,-0.0011420921265095977,-0.9809946442751307
414.04415001953566,502.6352351819297,425.12598909356785,0.17973682120713916,-0.0012673545417794915,-0.9837139161945501
414.9051699441768,504.5003392958928,425.27413029605987,0.16494245618388184,-0.0013963648823498884,-0.9863022033399012
415.78202748452395,506.3589115999982,425.41106837621834,0.14965965393279554,-0.0015289655910888462,-0.9887363906769776
416.67364624781464,508.21130863869,425.53580577282065,0.13390168239789033,-0.0016649825119237167,-0.9909932226227632
417.5789644054497,510.0578968710622,425.6473926314943,0.11768385366009508,-0.0018042247435038272,-0.9930494727659767
418.4969171485944,511.89901695075145,425.74492722360844,0.10102394305023443,-0.0019464815988386537,-0.9948820905715253
419.4264694144719,513.735050064162,425.827562077823,0.08394167871324243,-0.0020915275688871537,-0.9964684742064002
420.36657268890065,515.5663318230781,425.8945018077855,0.0664595792551157,-0.0022391158049510575,-0.9977866057858491
421.3162023679613,517.3932271926976,425.9450089714708,0.04860229243867477,-0.0023889844053388894,-0.998815353267668
422.2743290093173,519.2160749386587,425.97840407053474,0.030397114673331997,-0.0025408527004178584,-0.999534671478229
423.23993696129355,521.0352246309922,425.9940689130497,0.011873593017686354,-0.002694425294120001,-0.9999258761834222
424.2119939655535,522.8509803331483,425.99144837362456,-0.006935980866154181,-0.0028493886738685304,-0.9999718861816115
425.1895018545223,524.6636967343029,425.97005296374476,-0.025997677534234213,-0.003005421053607068,-0.9996574854454483
426.1714396865789,526.4736737098176,425.9294609084625,-0.04527500354561864,-0.0031621854009000754,-0.9989695564117229
427.15681379887377,528.2812502673905,425.86931916197506,-0.06473008903763967,-0.0033193397937920136,-0.997897288079546
428.14461997845183,530.0867355079008,425.78934636700274,-0.0843231998533629,-0.0034765340076981887,-0.9964323919252037
429.1338545813794,531.890430289192,425.68933475333966,-0.10401323955398495,-0.0036334141333184545,-0.9945692757667618
430.1235234196345,533.6926442813145,425.56915087092074,-0.12375824413679828,-0.0037896269808629195,-0.9923051626065054
431.1126412569508,535.4936958832875,425.42873651380575,-0.14351571507515276,-0.003944823059842805,-0.9896401759717993
